STRUCTURE,STRUCTURE_ID,STRUCTURE_NAME,ACTION,REF_AREA,Reference area,FREQ,Frequency of observation,MEASURE,UNIT_MEASURE,Unit of measure,ACTIVITY,Economic activity,TIME_PERIOD,OBS_VALUE,OBS_STATUS,Observation status,UNIT_MULT,Unit multiplier,PRICE_BASE,BASE_PER,TIMELINESS,DECIMALS
DATAFLOW,OECD.ENV.EPI:DSD_GG@DF_GREEN_GROWTH(1.1),Green Growth,I,MYS,Malaysia,A,Annual,SOCECO,_X,Unspecified,A,"Agriculture, forestry and fishing",2017,9.675,A,Normal value,0,Units,,2015.0,2.0,2.0
DATAFLOW,OECD.ENV.EPI:DSD_GG@DF_GREEN_GROWTH(1.1),Green Growth,I,MYS,Malaysia,A,Annual,SOCECO,_X,Unspecified,A,"Agriculture, forestry and fishing",2016,9.675,A,Normal value,0,Units,,2015.0,2.0,2.0
DATAFLOW,OECD.ENV.EPI:DSD_GG@DF_GREEN_GROWTH(1.1),Green Growth,I,MYS,Malaysia,A,Annual,SOCECO,_X,Unspecified,A,"Agriculture, forestry and fishing",2015,9.675,A,Normal value,0,Units,,2015.0,2.0,2.0
DATAFLOW,OECD.ENV.EPI:DSD_GG@DF_GREEN_GROWTH(1.1),Green Growth,I,MYS,Malaysia,A,Annual,SOCECO,_X,Unspecified,A,"Agriculture, forestry and fishing",2014,9.675,A,Normal value,0,Units,,2015.0,2.0,2.0
DATAFLOW,OECD.ENV.EPI:DSD_GG@DF_GREEN_GROWTH(1.1),Green Growth,I,MYS,Malaysia,A,Annual,SOCECO,_X,Unspecified,A,"Agriculture, forestry and fishing",2013,9.675,A,Normal value,0,Units,,2015.0,2.0,2.0
DATAFLOW,OECD.ENV.EPI:DSD_GG@DF_GREEN_GROWTH(1.1),Green Growth,I,MYS,Malaysia,A,Annual,SOCECO,_X,Unspecified,A,"Agriculture, forestry and fishing",2012,9.675,A,Normal value,0,Units,,2015.0,2.0,2.0
DATAFLOW,OECD.ENV.EPI:DSD_GG@DF_GREEN_GROWTH(1.1),Green Growth,I,MYS,Malaysia,A,Annual,SOCECO,_X,Unspecified,A,"Agriculture, forestry and fishing",2011,9.675,A,Normal value,0,Units,,2015.0,2.0,2.0
DATAFLOW,OECD.ENV.EPI:DSD_GG@DF_GREEN_GROWTH(1.1),Green Growth,I,MYS,Malaysia,A,Annual,SOCECO,_X,Unspecified,A,"Agriculture, forestry and fishing",2010,9.675,A,Normal value,0,Units,,2015.0,2.0,2.0
DATAFLOW,OECD.ENV.EPI:DSD_GG@DF_GREEN_GROWTH(1.1),Green Growth,I,MYS,Malaysia,A,Annual,SOCECO,_X,Unspecified,A,"Agriculture, forestry and fishing",2009,9.675,A,Normal value,0,Units,,2015.0,2.0,2.0
DATAFLOW,OECD.ENV.EPI:DSD_GG@DF_GREEN_GROWTH(1.1),Green Growth,I,MYS,Malaysia,A,Annual,SOCECO,_X,Unspecified,A,"Agriculture, forestry and fishing",2008,9.675,A,Normal value,0,Units,,2015.0,2.0,2.0
DATAFLOW,OECD.ENV.EPI:DSD_GG@DF_GREEN_GROWTH(1.1),Green Growth,I,MYS,Malaysia,A,Annual,SOCECO,_X,Unspecified,A,"Agriculture, forestry and fishing",2007,9.675,A,Normal value,0,Units,,2015.0,2.0,2.0
DATAFLOW,OECD.ENV.EPI:DSD_GG@DF_GREEN_GROWTH(1.1),Green Growth,I,MYS,Malaysia,A,Annual,SOCECO,_X,Unspecified,A,"Agriculture, forestry and fishing",2006,9.675,A,Normal value,0,Units,,2015.0,2.0,2.0
DATAFLOW,OECD.ENV.EPI:DSD_GG@DF_GREEN_GROWTH(1.1),Green Growth,I,MYS,Malaysia,A,Annual,SOCECO,_X,Unspecified,A,"Agriculture, forestry and fishing",2005,9.675,A,Normal value,0,Units,,2015.0,2.0,2.0
DATAFLOW,OECD.ENV.EPI:DSD_GG@DF_GREEN_GROWTH(1.1),Green Growth,I,MYS,Malaysia,A,Annual,SOCECO,_X,Unspecified,A,"Agriculture, forestry and fishing",2004,9.675,A,Normal value,0,Units,,2015.0,2.0,2.0
DATAFLOW,OECD.ENV.EPI:DSD_GG@DF_GREEN_GROWTH(1.1),Green Growth,I,MYS,Malaysia,A,Annual,SOCECO,_X,Unspecified,A,"Agriculture, forestry and fishing",2003,9.675,A,Normal value,0,Units,,2015.0,2.0,2.0
DATAFLOW,OECD.ENV.EPI:DSD_GG@DF_GREEN_GROWTH(1.1),Green Growth,I,MYS,Malaysia,A,Annual,SOCECO,_X,Unspecified,A,"Agriculture, forestry and fishing",2002,9.675,A,Normal value,0,Units,,2015.0,2.0,2.0
DATAFLOW,OECD.ENV.EPI:DSD_GG@DF_GREEN_GROWTH(1.1),Green Growth,I,MYS,Malaysia,A,Annual,SOCECO,_X,Unspecified,A,"Agriculture, forestry and fishing",2001,9.675,A,Normal value,0,Units,,2015.0,2.0,2.0
DATAFLOW,OECD.ENV.EPI:DSD_GG@DF_GREEN_GROWTH(1.1),Green Growth,I,MYS,Malaysia,A,Annual,SOCECO,_X,Unspecified,A,"Agriculture, forestry and fishing",2000,9.675,A,Normal value,0,Units,,2015.0,2.0,2.0
DATAFLOW,OECD.ENV.EPI:DSD_GG@DF_GREEN_GROWTH(1.1),Green Growth,I,MYS,Malaysia,A,Annual,SOCECO,_X,Unspecified,A,"Agriculture, forestry and fishing",2022,9.675,A,Normal value,0,Units,,2015.0,2.0,2.0
DATAFLOW,OECD.ENV.EPI:DSD_GG@DF_GREEN_GROWTH(1.1),Green Growth,I,MYS,Malaysia,A,Annual,SOCECO,_X,Unspecified,A,"Agriculture, forestry and fishing",2021,9.675,A,Normal value,0,Units,,2015.0,2.0,2.0
DATAFLOW,OECD.ENV.EPI:DSD_GG@DF_GREEN_GROWTH(1.1),Green Growth,I,MYS,Malaysia,A,Annual,SOCECO,_X,Unspecified,A,"Agriculture, forestry and fishing",2020,9.675,A,Normal value,0,Units,,2015.0,2.0,2.0
DATAFLOW,OECD.ENV.EPI:DSD_GG@DF_GREEN_GROWTH(1.1),Green Growth,I,MYS,Malaysia,A,Annual,SOCECO,_X,Unspecified,A,"Agriculture, forestry and fishing",2019,9.675,A,Normal value,0,Units,,2015.0,2.0,2.0
DATAFLOW,OECD.ENV.EPI:DSD_GG@DF_GREEN_GROWTH(1.1),Green Growth,I,MYS,Malaysia,A,Annual,LTAX,PT_TAX_REV,Percentage of tax revenue,_T,Total - all activities,2007,13.54,A,Normal value,0,Units,_Z,2015.0,1.0,2.0
DATAFLOW,OECD.ENV.EPI:DSD_GG@DF_GREEN_GROWTH(1.1),Green Growth,I,MYS,Malaysia,A,Annual,LTAX,PT_TAX_REV,Percentage of tax revenue,_T,Total - all activities,2006,13.09,A,Normal value,0,Units,_Z,2015.0,1.0,2.0
DATAFLOW,OECD.ENV.EPI:DSD_GG@DF_GREEN_GROWTH(1.1),Green Growth,I,MYS,Malaysia,A,Annual,LTAX,PT_TAX_REV,Percentage of tax revenue,_T,Total - all activities,2005,11.92,A,Normal value,0,Units,_Z,2015.0,1.0,2.0
DATAFLOW,OECD.ENV.EPI:DSD_GG@DF_GREEN_GROWTH(1.1),Green Growth,I,MYS,Malaysia,A,Annual,LTAX,PT_TAX_REV,Percentage of tax revenue,_T,Total - all activities,2004,13.49,A,Normal value,0,Units,_Z,2015.0,1.0,2.0
DATAFLOW,OECD.ENV.EPI:DSD_GG@DF_GREEN_GROWTH(1.1),Green Growth,I,MYS,Malaysia,A,Annual,LTAX,PT_TAX_REV,Percentage of tax revenue,_T,Total - all activities,2003,13.37,A,Normal value,0,Units,_Z,2015.0,1.0,2.0
DATAFLOW,OECD.ENV.EPI:DSD_GG@DF_GREEN_GROWTH(1.1),Green Growth,I,MYS,Malaysia,A,Annual,LTAX,PT_TAX_REV,Percentage of tax revenue,_T,Total - all activities,2002,15.67,A,Normal value,0,Units,_Z,2015.0,1.0,2.0
DATAFLOW,OECD.ENV.EPI:DSD_GG@DF_GREEN_GROWTH(1.1),Green Growth,I,MYS,Malaysia,A,Annual,LTAX,PT_TAX_REV,Percentage of tax revenue,_T,Total - all activities,2001,16.23,A,Normal value,0,Units,_Z,2015.0,1.0,2.0
DATAFLOW,OECD.ENV.EPI:DSD_GG@DF_GREEN_GROWTH(1.1),Green Growth,I,MYS,Malaysia,A,Annual,LTAX,PT_TAX_REV,Percentage of tax revenue,_T,Total - all activities,2000,15.98,A,Normal value,0,Units,_Z,2015.0,1.0,2.0
DATAFLOW,OECD.ENV.EPI:DSD_GG@DF_GREEN_GROWTH(1.1),Green Growth,I,MYS,Malaysia,A,Annual,LTAX,PT_TAX_REV,Percentage of tax revenue,_T,Total - all activities,2020,26.68,A,Normal value,0,Units,_Z,2015.0,1.0,2.0
DATAFLOW,OECD.ENV.EPI:DSD_GG@DF_GREEN_GROWTH(1.1),Green Growth,I,MYS,Malaysia,A,Annual,LTAX,PT_TAX_REV,Percentage of tax revenue,_T,Total - all activities,2019,23.08,A,Normal value,0,Units,_Z,2015.0,1.0,2.0
DATAFLOW,OECD.ENV.EPI:DSD_GG@DF_GREEN_GROWTH(1.1),Green Growth,I,MYS,Malaysia,A,Annual,LTAX,PT_TAX_REV,Percentage of tax revenue,_T,Total - all activities,2018,20.38,A,Normal value,0,Units,_Z,2015.0,1.0,2.0
DATAFLOW,OECD.ENV.EPI:DSD_GG@DF_GREEN_GROWTH(1.1),Green Growth,I,MYS,Malaysia,A,Annual,LTAX,PT_TAX_REV,Percentage of tax revenue,_T,Total - all activities,2017,17.71,A,Normal value,0,Units,_Z,2015.0,1.0,2.0
DATAFLOW,OECD.ENV.EPI:DSD_GG@DF_GREEN_GROWTH(1.1),Green Growth,I,MYS,Malaysia,A,Annual,LTAX,PT_TAX_REV,Percentage of tax revenue,_T,Total - all activities,2016,17.56,A,Normal value,0,Units,_Z,2015.0,1.0,2.0
DATAFLOW,OECD.ENV.EPI:DSD_GG@DF_GREEN_GROWTH(1.1),Green Growth,I,MYS,Malaysia,A,Annual,LTAX,PT_TAX_REV,Percentage of tax revenue,_T,Total - all activities,2015,17.06,A,Normal value,0,Units,_Z,2015.0,1.0,2.0
DATAFLOW,OECD.ENV.EPI:DSD_GG@DF_GREEN_GROWTH(1.1),Green Growth,I,MYS,Malaysia,A,Annual,LTAX,PT_TAX_REV,Percentage of tax revenue,_T,Total - all activities,2014,15.99,A,Normal value,0,Units,_Z,2015.0,1.0,2.0
DATAFLOW,OECD.ENV.EPI:DSD_GG@DF_GREEN_GROWTH(1.1),Green Growth,I,MYS,Malaysia,A,Annual,LTAX,PT_TAX_REV,Percentage of tax revenue,_T,Total - all activities,2013,15.89,A,Normal value,0,Units,_Z,2015.0,1.0,2.0
DATAFLOW,OECD.ENV.EPI:DSD_GG@DF_GREEN_GROWTH(1.1),Green Growth,I,MYS,Malaysia,A,Annual,LTAX,PT_TAX_REV,Percentage of tax revenue,_T,Total - all activities,2012,16.19,A,Normal value,0,Units,_Z,2015.0,1.0,2.0
DATAFLOW,OECD.ENV.EPI:DSD_GG@DF_GREEN_GROWTH(1.1),Green Growth,I,MYS,Malaysia,A,Annual,LTAX,PT_TAX_REV,Percentage of tax revenue,_T,Total - all activities,2011,16.06,A,Normal value,0,Units,_Z,2015.0,1.0,2.0
DATAFLOW,OECD.ENV.EPI:DSD_GG@DF_GREEN_GROWTH(1.1),Green Growth,I,MYS,Malaysia,A,Annual,LTAX,PT_TAX_REV,Percentage of tax revenue,_T,Total - all activities,2010,17.45,A,Normal value,0,Units,_Z,2015.0,1.0,2.0
DATAFLOW,OECD.ENV.EPI:DSD_GG@DF_GREEN_GROWTH(1.1),Green Growth,I,MYS,Malaysia,A,Annual,LTAX,PT_TAX_REV,Percentage of tax revenue,_T,Total - all activities,2009,15.83,A,Normal value,0,Units,_Z,2015.0,1.0,2.0
DATAFLOW,OECD.ENV.EPI:DSD_GG@DF_GREEN_GROWTH(1.1),Green Growth,I,MYS,Malaysia,A,Annual,ENGTAX,PT_TAX_REV_ENV,Percentage of environment related tax revenue,_T,Total - all activities,2007,0.03,A,Normal value,0,Units,_Z,2015.0,2.0,2.0
DATAFLOW,OECD.ENV.EPI:DSD_GG@DF_GREEN_GROWTH(1.1),Green Growth,I,MYS,Malaysia,A,Annual,ENGTAX,PT_TAX_REV_ENV,Percentage of environment related tax revenue,_T,Total - all activities,2006,0.04,A,Normal value,0,Units,_Z,2015.0,2.0,2.0
DATAFLOW,OECD.ENV.EPI:DSD_GG@DF_GREEN_GROWTH(1.1),Green Growth,I,MYS,Malaysia,A,Annual,ENGTAX,PT_TAX_REV_ENV,Percentage of environment related tax revenue,_T,Total - all activities,2005,0.03,A,Normal value,0,Units,_Z,2015.0,2.0,2.0
DATAFLOW,OECD.ENV.EPI:DSD_GG@DF_GREEN_GROWTH(1.1),Green Growth,I,MYS,Malaysia,A,Annual,ENGTAX,PT_TAX_REV_ENV,Percentage of environment related tax revenue,_T,Total - all activities,2004,0.02,A,Normal value,0,Units,_Z,2015.0,2.0,2.0
DATAFLOW,OECD.ENV.EPI:DSD_GG@DF_GREEN_GROWTH(1.1),Green Growth,I,MYS,Malaysia,A,Annual,ENGTAX,PT_TAX_REV_ENV,Percentage of environment related tax revenue,_T,Total - all activities,2003,0.02,A,Normal value,0,Units,_Z,2015.0,2.0,2.0
DATAFLOW,OECD.ENV.EPI:DSD_GG@DF_GREEN_GROWTH(1.1),Green Growth,I,MYS,Malaysia,A,Annual,ENGTAX,PT_TAX_REV_ENV,Percentage of environment related tax revenue,_T,Total - all activities,2002,0.02,A,Normal value,0,Units,_Z,2015.0,2.0,2.0
DATAFLOW,OECD.ENV.EPI:DSD_GG@DF_GREEN_GROWTH(1.1),Green Growth,I,MYS,Malaysia,A,Annual,ENGTAX,PT_TAX_REV_ENV,Percentage of environment related tax revenue,_T,Total - all activities,2001,0.02,A,Normal value,0,Units,_Z,2015.0,2.0,2.0
DATAFLOW,OECD.ENV.EPI:DSD_GG@DF_GREEN_GROWTH(1.1),Green Growth,I,MYS,Malaysia,A,Annual,ENGTAX,PT_TAX_REV_ENV,Percentage of environment related tax revenue,_T,Total - all activities,2000,0.02,A,Normal value,0,Units,_Z,2015.0,2.0,2.0
DATAFLOW,OECD.ENV.EPI:DSD_GG@DF_GREEN_GROWTH(1.1),Green Growth,I,MYS,Malaysia,A,Annual,ENGTAX,PT_TAX_REV_ENV,Percentage of environment related tax revenue,_T,Total - all activities,2020,6.93,A,Normal value,0,Units,_Z,2015.0,2.0,2.0
DATAFLOW,OECD.ENV.EPI:DSD_GG@DF_GREEN_GROWTH(1.1),Green Growth,I,MYS,Malaysia,A,Annual,ENGTAX,PT_TAX_REV_ENV,Percentage of environment related tax revenue,_T,Total - all activities,2019,10.46,A,Normal value,0,Units,_Z,2015.0,2.0,2.0
DATAFLOW,OECD.ENV.EPI:DSD_GG@DF_GREEN_GROWTH(1.1),Green Growth,I,MYS,Malaysia,A,Annual,ENGTAX,PT_TAX_REV_ENV,Percentage of environment related tax revenue,_T,Total - all activities,2018,13.43,A,Normal value,0,Units,_Z,2015.0,2.0,2.0
DATAFLOW,OECD.ENV.EPI:DSD_GG@DF_GREEN_GROWTH(1.1),Green Growth,I,MYS,Malaysia,A,Annual,ENGTAX,PT_TAX_REV_ENV,Percentage of environment related tax revenue,_T,Total - all activities,2017,0.0,A,Normal value,0,Units,_Z,2015.0,2.0,2.0
DATAFLOW,OECD.ENV.EPI:DSD_GG@DF_GREEN_GROWTH(1.1),Green Growth,I,MYS,Malaysia,A,Annual,ENGTAX,PT_TAX_REV_ENV,Percentage of environment related tax revenue,_T,Total - all activities,2016,0.07,A,Normal value,0,Units,_Z,2015.0,2.0,2.0
DATAFLOW,OECD.ENV.EPI:DSD_GG@DF_GREEN_GROWTH(1.1),Green Growth,I,MYS,Malaysia,A,Annual,ENGTAX,PT_TAX_REV_ENV,Percentage of environment related tax revenue,_T,Total - all activities,2015,0.07,A,Normal value,0,Units,_Z,2015.0,2.0,2.0
DATAFLOW,OECD.ENV.EPI:DSD_GG@DF_GREEN_GROWTH(1.1),Green Growth,I,MYS,Malaysia,A,Annual,ENGTAX,PT_TAX_REV_ENV,Percentage of environment related tax revenue,_T,Total - all activities,2014,0.14,A,Normal value,0,Units,_Z,2015.0,2.0,2.0
DATAFLOW,OECD.ENV.EPI:DSD_GG@DF_GREEN_GROWTH(1.1),Green Growth,I,MYS,Malaysia,A,Annual,ENGTAX,PT_TAX_REV_ENV,Percentage of environment related tax revenue,_T,Total - all activities,2013,0.01,A,Normal value,0,Units,_Z,2015.0,2.0,2.0
DATAFLOW,OECD.ENV.EPI:DSD_GG@DF_GREEN_GROWTH(1.1),Green Growth,I,MYS,Malaysia,A,Annual,ENGTAX,PT_TAX_REV_ENV,Percentage of environment related tax revenue,_T,Total - all activities,2012,0.03,A,Normal value,0,Units,_Z,2015.0,2.0,2.0
DATAFLOW,OECD.ENV.EPI:DSD_GG@DF_GREEN_GROWTH(1.1),Green Growth,I,MYS,Malaysia,A,Annual,ENGTAX,PT_TAX_REV_ENV,Percentage of environment related tax revenue,_T,Total - all activities,2011,0.05,A,Normal value,0,Units,_Z,2015.0,2.0,2.0
DATAFLOW,OECD.ENV.EPI:DSD_GG@DF_GREEN_GROWTH(1.1),Green Growth,I,MYS,Malaysia,A,Annual,ENGTAX,PT_TAX_REV_ENV,Percentage of environment related tax revenue,_T,Total - all activities,2010,0.05,A,Normal value,0,Units,_Z,2015.0,2.0,2.0
DATAFLOW,OECD.ENV.EPI:DSD_GG@DF_GREEN_GROWTH(1.1),Green Growth,I,MYS,Malaysia,A,Annual,ENGTAX,PT_TAX_REV_ENV,Percentage of environment related tax revenue,_T,Total - all activities,2009,0.04,A,Normal value,0,Units,_Z,2015.0,2.0,2.0
DATAFLOW,OECD.ENV.EPI:DSD_GG@DF_GREEN_GROWTH(1.1),Green Growth,I,MYS,Malaysia,A,Annual,TECHPAT_PAT,_X,Unspecified,_T,Total - all activities,2009,9.675,A,Normal value,0,Units,,2015.0,2.0,2.0
DATAFLOW,OECD.ENV.EPI:DSD_GG@DF_GREEN_GROWTH(1.1),Green Growth,I,MYS,Malaysia,A,Annual,TECHPAT_PAT,_X,Unspecified,_T,Total - all activities,2008,9.675,A,Normal value,0,Units,,2015.0,2.0,2.0
DATAFLOW,OECD.ENV.EPI:DSD_GG@DF_GREEN_GROWTH(1.1),Green Growth,I,MYS,Malaysia,A,Annual,TECHPAT_PAT,_X,Unspecified,_T,Total - all activities,2007,9.675,A,Normal value,0,Units,,2015.0,2.0,2.0
DATAFLOW,OECD.ENV.EPI:DSD_GG@DF_GREEN_GROWTH(1.1),Green Growth,I,MYS,Malaysia,A,Annual,TECHPAT_PAT,_X,Unspecified,_T,Total - all activities,2006,9.675,A,Normal value,0,Units,,2015.0,2.0,2.0
DATAFLOW,OECD.ENV.EPI:DSD_GG@DF_GREEN_GROWTH(1.1),Green Growth,I,MYS,Malaysia,A,Annual,TECHPAT_PAT,_X,Unspecified,_T,Total - all activities,2005,9.675,A,Normal value,0,Units,,2015.0,2.0,2.0
DATAFLOW,OECD.ENV.EPI:DSD_GG@DF_GREEN_GROWTH(1.1),Green Growth,I,MYS,Malaysia,A,Annual,TECHPAT_PAT,_X,Unspecified,_T,Total - all activities,2004,9.675,A,Normal value,0,Units,,2015.0,2.0,2.0
DATAFLOW,OECD.ENV.EPI:DSD_GG@DF_GREEN_GROWTH(1.1),Green Growth,I,MYS,Malaysia,A,Annual,TECHPAT_PAT,_X,Unspecified,_T,Total - all activities,2003,9.675,A,Normal value,0,Units,,2015.0,2.0,2.0
DATAFLOW,OECD.ENV.EPI:DSD_GG@DF_GREEN_GROWTH(1.1),Green Growth,I,MYS,Malaysia,A,Annual,TECHPAT_PAT,_X,Unspecified,_T,Total - all activities,2002,9.675,A,Normal value,0,Units,,2015.0,2.0,2.0
DATAFLOW,OECD.ENV.EPI:DSD_GG@DF_GREEN_GROWTH(1.1),Green Growth,I,MYS,Malaysia,A,Annual,TECHPAT_PAT,_X,Unspecified,_T,Total - all activities,2001,9.675,A,Normal value,0,Units,,2015.0,2.0,2.0
DATAFLOW,OECD.ENV.EPI:DSD_GG@DF_GREEN_GROWTH(1.1),Green Growth,I,MYS,Malaysia,A,Annual,TECHPAT_PAT,_X,Unspecified,_T,Total - all activities,2000,9.675,A,Normal value,0,Units,,2015.0,2.0,2.0
DATAFLOW,OECD.ENV.EPI:DSD_GG@DF_GREEN_GROWTH(1.1),Green Growth,I,MYS,Malaysia,A,Annual,TECHPAT_PAT,_X,Unspecified,_T,Total - all activities,2022,9.675,A,Normal value,0,Units,,2015.0,2.0,2.0
DATAFLOW,OECD.ENV.EPI:DSD_GG@DF_GREEN_GROWTH(1.1),Green Growth,I,MYS,Malaysia,A,Annual,TECHPAT_PAT,_X,Unspecified,_T,Total - all activities,2021,9.675,A,Normal value,0,Units,,2015.0,2.0,2.0
DATAFLOW,OECD.ENV.EPI:DSD_GG@DF_GREEN_GROWTH(1.1),Green Growth,I,MYS,Malaysia,A,Annual,TECHPAT_PAT,_X,Unspecified,_T,Total - all activities,2020,9.675,A,Normal value,0,Units,,2015.0,2.0,2.0
DATAFLOW,OECD.ENV.EPI:DSD_GG@DF_GREEN_GROWTH(1.1),Green Growth,I,MYS,Malaysia,A,Annual,TECHPAT_PAT,_X,Unspecified,_T,Total - all activities,2019,9.675,A,Normal value,0,Units,,2015.0,2.0,2.0
DATAFLOW,OECD.ENV.EPI:DSD_GG@DF_GREEN_GROWTH(1.1),Green Growth,I,MYS,Malaysia,A,Annual,TECHPAT_PAT,_X,Unspecified,_T,Total - all activities,2018,9.675,A,Normal value,0,Units,,2015.0,2.0,2.0
DATAFLOW,OECD.ENV.EPI:DSD_GG@DF_GREEN_GROWTH(1.1),Green Growth,I,MYS,Malaysia,A,Annual,TECHPAT_PAT,_X,Unspecified,_T,Total - all activities,2017,9.675,A,Normal value,0,Units,,2015.0,2.0,2.0
DATAFLOW,OECD.ENV.EPI:DSD_GG@DF_GREEN_GROWTH(1.1),Green Growth,I,MYS,Malaysia,A,Annual,TECHPAT_PAT,_X,Unspecified,_T,Total - all activities,2016,9.675,A,Normal value,0,Units,,2015.0,2.0,2.0
DATAFLOW,OECD.ENV.EPI:DSD_GG@DF_GREEN_GROWTH(1.1),Green Growth,I,MYS,Malaysia,A,Annual,TECHPAT_PAT,_X,Unspecified,_T,Total - all activities,2015,9.675,A,Normal value,0,Units,,2015.0,2.0,2.0
DATAFLOW,OECD.ENV.EPI:DSD_GG@DF_GREEN_GROWTH(1.1),Green Growth,I,MYS,Malaysia,A,Annual,TECHPAT_PAT,_X,Unspecified,_T,Total - all activities,2014,9.675,A,Normal value,0,Units,,2015.0,2.0,2.0
DATAFLOW,OECD.ENV.EPI:DSD_GG@DF_GREEN_GROWTH(1.1),Green Growth,I,MYS,Malaysia,A,Annual,TECHPAT_PAT,_X,Unspecified,_T,Total - all activities,2013,9.675,A,Normal value,0,Units,,2015.0,2.0,2.0
DATAFLOW,OECD.ENV.EPI:DSD_GG@DF_GREEN_GROWTH(1.1),Green Growth,I,MYS,Malaysia,A,Annual,TECHPAT_PAT,_X,Unspecified,_T,Total - all activities,2012,9.675,A,Normal value,0,Units,,2015.0,2.0,2.0
DATAFLOW,OECD.ENV.EPI:DSD_GG@DF_GREEN_GROWTH(1.1),Green Growth,I,MYS,Malaysia,A,Annual,TECHPAT_PAT,_X,Unspecified,_T,Total - all activities,2011,9.675,A,Normal value,0,Units,,2015.0,2.0,2.0
DATAFLOW,OECD.ENV.EPI:DSD_GG@DF_GREEN_GROWTH(1.1),Green Growth,I,MYS,Malaysia,A,Annual,GHG,_X,Unspecified,_T,Total - all activities,2009,9.675,A,Normal value,0,Units,,2015.0,2.0,2.0
DATAFLOW,OECD.ENV.EPI:DSD_GG@DF_GREEN_GROWTH(1.1),Green Growth,I,MYS,Malaysia,A,Annual,GHG,_X,Unspecified,_T,Total - all activities,2008,9.675,A,Normal value,0,Units,,2015.0,2.0,2.0
DATAFLOW,OECD.ENV.EPI:DSD_GG@DF_GREEN_GROWTH(1.1),Green Growth,I,MYS,Malaysia,A,Annual,GHG,_X,Unspecified,_T,Total - all activities,2007,9.675,A,Normal value,0,Units,,2015.0,2.0,2.0
DATAFLOW,OECD.ENV.EPI:DSD_GG@DF_GREEN_GROWTH(1.1),Green Growth,I,MYS,Malaysia,A,Annual,GHG,_X,Unspecified,_T,Total - all activities,2006,9.675,A,Normal value,0,Units,,2015.0,2.0,2.0
DATAFLOW,OECD.ENV.EPI:DSD_GG@DF_GREEN_GROWTH(1.1),Green Growth,I,MYS,Malaysia,A,Annual,GHG,_X,Unspecified,_T,Total - all activities,2005,9.675,A,Normal value,0,Units,,2015.0,2.0,2.0
DATAFLOW,OECD.ENV.EPI:DSD_GG@DF_GREEN_GROWTH(1.1),Green Growth,I,MYS,Malaysia,A,Annual,GHG,_X,Unspecified,_T,Total - all activities,2004,9.675,A,Normal value,0,Units,,2015.0,2.0,2.0
DATAFLOW,OECD.ENV.EPI:DSD_GG@DF_GREEN_GROWTH(1.1),Green Growth,I,MYS,Malaysia,A,Annual,GHG,_X,Unspecified,_T,Total - all activities,2003,9.675,A,Normal value,0,Units,,2015.0,2.0,2.0
DATAFLOW,OECD.ENV.EPI:DSD_GG@DF_GREEN_GROWTH(1.1),Green Growth,I,MYS,Malaysia,A,Annual,GHG,_X,Unspecified,_T,Total - all activities,2002,9.675,A,Normal value,0,Units,,2015.0,2.0,2.0
DATAFLOW,OECD.ENV.EPI:DSD_GG@DF_GREEN_GROWTH(1.1),Green Growth,I,MYS,Malaysia,A,Annual,GHG,_X,Unspecified,_T,Total - all activities,2001,9.675,A,Normal value,0,Units,,2015.0,2.0,2.0
DATAFLOW,OECD.ENV.EPI:DSD_GG@DF_GREEN_GROWTH(1.1),Green Growth,I,MYS,Malaysia,A,Annual,GHG,_X,Unspecified,_T,Total - all activities,2000,9.675,A,Normal value,0,Units,,2015.0,2.0,2.0
DATAFLOW,OECD.ENV.EPI:DSD_GG@DF_GREEN_GROWTH(1.1),Green Growth,I,MYS,Malaysia,A,Annual,GHG,_X,Unspecified,_T,Total - all activities,2022,9.675,A,Normal value,0,Units,,2015.0,2.0,2.0
DATAFLOW,OECD.ENV.EPI:DSD_GG@DF_GREEN_GROWTH(1.1),Green Growth,I,MYS,Malaysia,A,Annual,GHG,_X,Unspecified,_T,Total - all activities,2021,9.675,A,Normal value,0,Units,,2015.0,2.0,2.0
DATAFLOW,OECD.ENV.EPI:DSD_GG@DF_GREEN_GROWTH(1.1),Green Growth,I,MYS,Malaysia,A,Annual,GHG,_X,Unspecified,_T,Total - all activities,2020,9.675,A,Normal value,0,Units,,2015.0,2.0,2.0
DATAFLOW,OECD.ENV.EPI:DSD_GG@DF_GREEN_GROWTH(1.1),Green Growth,I,MYS,Malaysia,A,Annual,GHG,_X,Unspecified,_T,Total - all activities,2019,9.675,A,Normal value,0,Units,,2015.0,2.0,2.0
DATAFLOW,OECD.ENV.EPI:DSD_GG@DF_GREEN_GROWTH(1.1),Green Growth,I,MYS,Malaysia,A,Annual,GHG,_X,Unspecified,_T,Total - all activities,2018,9.675,A,Normal value,0,Units,,2015.0,2.0,2.0
DATAFLOW,OECD.ENV.EPI:DSD_GG@DF_GREEN_GROWTH(1.1),Green Growth,I,MYS,Malaysia,A,Annual,GHG,_X,Unspecified,_T,Total - all activities,2017,9.675,A,Normal value,0,Units,,2015.0,2.0,2.0
DATAFLOW,OECD.ENV.EPI:DSD_GG@DF_GREEN_GROWTH(1.1),Green Growth,I,MYS,Malaysia,A,Annual,GHG,_X,Unspecified,_T,Total - all activities,2016,9.675,A,Normal value,0,Units,,2015.0,2.0,2.0
DATAFLOW,OECD.ENV.EPI:DSD_GG@DF_GREEN_GROWTH(1.1),Green Growth,I,MYS,Malaysia,A,Annual,GHG,_X,Unspecified,_T,Total - all activities,2015,9.675,A,Normal value,0,Units,,2015.0,2.0,2.0
DATAFLOW,OECD.ENV.EPI:DSD_GG@DF_GREEN_GROWTH(1.1),Green Growth,I,MYS,Malaysia,A,Annual,GHG,_X,Unspecified,_T,Total - all activities,2014,9.675,A,Normal value,0,Units,,2015.0,2.0,2.0
DATAFLOW,OECD.ENV.EPI:DSD_GG@DF_GREEN_GROWTH(1.1),Green Growth,I,MYS,Malaysia,A,Annual,GHG,_X,Unspecified,_T,Total - all activities,2013,9.675,A,Normal value,0,Units,,2015.0,2.0,2.0
DATAFLOW,OECD.ENV.EPI:DSD_GG@DF_GREEN_GROWTH(1.1),Green Growth,I,MYS,Malaysia,A,Annual,GHG,_X,Unspecified,_T,Total - all activities,2012,9.675,A,Normal value,0,Units,,2015.0,2.0,2.0
DATAFLOW,OECD.ENV.EPI:DSD_GG@DF_GREEN_GROWTH(1.1),Green Growth,I,MYS,Malaysia,A,Annual,GHG,_X,Unspecified,_T,Total - all activities,2011,9.675,A,Normal value,0,Units,,2015.0,2.0,2.0
DATAFLOW,OECD.ENV.EPI:DSD_GG@DF_GREEN_GROWTH(1.1),Green Growth,I,MYS,Malaysia,A,Annual,PPP,XDC_USD,National currency per US dollar,_T,Total - all activities,2007,1.32,A,Normal value,0,Units,_Z,2015.0,1.0,2.0
DATAFLOW,OECD.ENV.EPI:DSD_GG@DF_GREEN_GROWTH(1.1),Green Growth,I,MYS,Malaysia,A,Annual,PPP,XDC_USD,National currency per US dollar,_T,Total - all activities,2006,1.3,A,Normal value,0,Units,_Z,2015.0,1.0,2.0
DATAFLOW,OECD.ENV.EPI:DSD_GG@DF_GREEN_GROWTH(1.1),Green Growth,I,MYS,Malaysia,A,Annual,PPP,XDC_USD,National currency per US dollar,_T,Total - all activities,2005,1.29,A,Normal value,0,Units,_Z,2015.0,1.0,2.0
DATAFLOW,OECD.ENV.EPI:DSD_GG@DF_GREEN_GROWTH(1.1),Green Growth,I,MYS,Malaysia,A,Annual,PPP,XDC_USD,National currency per US dollar,_T,Total - all activities,2004,1.22,A,Normal value,0,Units,_Z,2015.0,1.0,2.0
DATAFLOW,OECD.ENV.EPI:DSD_GG@DF_GREEN_GROWTH(1.1),Green Growth,I,MYS,Malaysia,A,Annual,PPP,XDC_USD,National currency per US dollar,_T,Total - all activities,2003,1.18,A,Normal value,0,Units,_Z,2015.0,1.0,2.0
DATAFLOW,OECD.ENV.EPI:DSD_GG@DF_GREEN_GROWTH(1.1),Green Growth,I,MYS,Malaysia,A,Annual,PPP,XDC_USD,National currency per US dollar,_T,Total - all activities,2002,1.16,A,Normal value,0,Units,_Z,2015.0,1.0,2.0
DATAFLOW,OECD.ENV.EPI:DSD_GG@DF_GREEN_GROWTH(1.1),Green Growth,I,MYS,Malaysia,A,Annual,PPP,XDC_USD,National currency per US dollar,_T,Total - all activities,2001,1.15,A,Normal value,0,Units,_Z,2015.0,1.0,2.0
DATAFLOW,OECD.ENV.EPI:DSD_GG@DF_GREEN_GROWTH(1.1),Green Growth,I,MYS,Malaysia,A,Annual,PPP,XDC_USD,National currency per US dollar,_T,Total - all activities,2000,1.19,A,Normal value,0,Units,_Z,2015.0,1.0,2.0
DATAFLOW,OECD.ENV.EPI:DSD_GG@DF_GREEN_GROWTH(1.1),Green Growth,I,MYS,Malaysia,A,Annual,PPP,XDC_USD,National currency per US dollar,_T,Total - all activities,2021,1.59,A,Normal value,0,Units,_Z,2015.0,1.0,2.0
DATAFLOW,OECD.ENV.EPI:DSD_GG@DF_GREEN_GROWTH(1.1),Green Growth,I,MYS,Malaysia,A,Annual,PPP,XDC_USD,National currency per US dollar,_T,Total - all activities,2020,1.57,A,Normal value,0,Units,_Z,2015.0,1.0,2.0
DATAFLOW,OECD.ENV.EPI:DSD_GG@DF_GREEN_GROWTH(1.1),Green Growth,I,MYS,Malaysia,A,Annual,PPP,XDC_USD,National currency per US dollar,_T,Total - all activities,2019,1.6,A,Normal value,0,Units,_Z,2015.0,1.0,2.0
DATAFLOW,OECD.ENV.EPI:DSD_GG@DF_GREEN_GROWTH(1.1),Green Growth,I,MYS,Malaysia,A,Annual,PPP,XDC_USD,National currency per US dollar,_T,Total - all activities,2018,1.63,A,Normal value,0,Units,_Z,2015.0,1.0,2.0
DATAFLOW,OECD.ENV.EPI:DSD_GG@DF_GREEN_GROWTH(1.1),Green Growth,I,MYS,Malaysia,A,Annual,PPP,XDC_USD,National currency per US dollar,_T,Total - all activities,2017,1.65,A,Normal value,0,Units,_Z,2015.0,1.0,2.0
DATAFLOW,OECD.ENV.EPI:DSD_GG@DF_GREEN_GROWTH(1.1),Green Growth,I,MYS,Malaysia,A,Annual,PPP,XDC_USD,National currency per US dollar,_T,Total - all activities,2016,1.59,A,Normal value,0,Units,_Z,2015.0,1.0,2.0
DATAFLOW,OECD.ENV.EPI:DSD_GG@DF_GREEN_GROWTH(1.1),Green Growth,I,MYS,Malaysia,A,Annual,PPP,XDC_USD,National currency per US dollar,_T,Total - all activities,2015,1.57,A,Normal value,0,Units,_Z,2015.0,1.0,2.0
DATAFLOW,OECD.ENV.EPI:DSD_GG@DF_GREEN_GROWTH(1.1),Green Growth,I,MYS,Malaysia,A,Annual,PPP,XDC_USD,National currency per US dollar,_T,Total - all activities,2014,1.51,A,Normal value,0,Units,_Z,2015.0,1.0,2.0
DATAFLOW,OECD.ENV.EPI:DSD_GG@DF_GREEN_GROWTH(1.1),Green Growth,I,MYS,Malaysia,A,Annual,PPP,XDC_USD,National currency per US dollar,_T,Total - all activities,2013,1.47,A,Normal value,0,Units,_Z,2015.0,1.0,2.0
DATAFLOW,OECD.ENV.EPI:DSD_GG@DF_GREEN_GROWTH(1.1),Green Growth,I,MYS,Malaysia,A,Annual,PPP,XDC_USD,National currency per US dollar,_T,Total - all activities,2012,1.45,A,Normal value,0,Units,_Z,2015.0,1.0,2.0
DATAFLOW,OECD.ENV.EPI:DSD_GG@DF_GREEN_GROWTH(1.1),Green Growth,I,MYS,Malaysia,A,Annual,PPP,XDC_USD,National currency per US dollar,_T,Total - all activities,2011,1.47,A,Normal value,0,Units,_Z,2015.0,1.0,2.0
DATAFLOW,OECD.ENV.EPI:DSD_GG@DF_GREEN_GROWTH(1.1),Green Growth,I,MYS,Malaysia,A,Annual,PPP,XDC_USD,National currency per US dollar,_T,Total - all activities,2010,1.42,A,Normal value,0,Units,_Z,2015.0,1.0,2.0
DATAFLOW,OECD.ENV.EPI:DSD_GG@DF_GREEN_GROWTH(1.1),Green Growth,I,MYS,Malaysia,A,Annual,PPP,XDC_USD,National currency per US dollar,_T,Total - all activities,2009,1.34,A,Normal value,0,Units,_Z,2015.0,1.0,2.0
DATAFLOW,OECD.ENV.EPI:DSD_GG@DF_GREEN_GROWTH(1.1),Green Growth,I,MYS,Malaysia,A,Annual,ECO,_X,Unspecified,HTN,Services,2009,9.675,A,Normal value,0,Units,,2015.0,2.0,2.0
DATAFLOW,OECD.ENV.EPI:DSD_GG@DF_GREEN_GROWTH(1.1),Green Growth,I,MYS,Malaysia,A,Annual,ECO,_X,Unspecified,HTN,Services,2008,9.675,A,Normal value,0,Units,,2015.0,2.0,2.0
DATAFLOW,OECD.ENV.EPI:DSD_GG@DF_GREEN_GROWTH(1.1),Green Growth,I,MYS,Malaysia,A,Annual,ECO,_X,Unspecified,HTN,Services,2007,9.675,A,Normal value,0,Units,,2015.0,2.0,2.0
DATAFLOW,OECD.ENV.EPI:DSD_GG@DF_GREEN_GROWTH(1.1),Green Growth,I,MYS,Malaysia,A,Annual,ECO,_X,Unspecified,HTN,Services,2006,9.675,A,Normal value,0,Units,,2015.0,2.0,2.0
DATAFLOW,OECD.ENV.EPI:DSD_GG@DF_GREEN_GROWTH(1.1),Green Growth,I,MYS,Malaysia,A,Annual,ECO,_X,Unspecified,HTN,Services,2005,9.675,A,Normal value,0,Units,,2015.0,2.0,2.0
DATAFLOW,OECD.ENV.EPI:DSD_GG@DF_GREEN_GROWTH(1.1),Green Growth,I,MYS,Malaysia,A,Annual,ECO,_X,Unspecified,HTN,Services,2004,9.675,A,Normal value,0,Units,,2015.0,2.0,2.0
DATAFLOW,OECD.ENV.EPI:DSD_GG@DF_GREEN_GROWTH(1.1),Green Growth,I,MYS,Malaysia,A,Annual,ECO,_X,Unspecified,HTN,Services,2003,9.675,A,Normal value,0,Units,,2015.0,2.0,2.0
DATAFLOW,OECD.ENV.EPI:DSD_GG@DF_GREEN_GROWTH(1.1),Green Growth,I,MYS,Malaysia,A,Annual,ECO,_X,Unspecified,HTN,Services,2002,9.675,A,Normal value,0,Units,,2015.0,2.0,2.0
DATAFLOW,OECD.ENV.EPI:DSD_GG@DF_GREEN_GROWTH(1.1),Green Growth,I,MYS,Malaysia,A,Annual,ECO,_X,Unspecified,HTN,Services,2001,9.675,A,Normal value,0,Units,,2015.0,2.0,2.0
DATAFLOW,OECD.ENV.EPI:DSD_GG@DF_GREEN_GROWTH(1.1),Green Growth,I,MYS,Malaysia,A,Annual,ECO,_X,Unspecified,HTN,Services,2000,9.675,A,Normal value,0,Units,,2015.0,2.0,2.0
DATAFLOW,OECD.ENV.EPI:DSD_GG@DF_GREEN_GROWTH(1.1),Green Growth,I,MYS,Malaysia,A,Annual,ECO,_X,Unspecified,HTN,Services,2022,9.675,A,Normal value,0,Units,,2015.0,2.0,2.0
DATAFLOW,OECD.ENV.EPI:DSD_GG@DF_GREEN_GROWTH(1.1),Green Growth,I,MYS,Malaysia,A,Annual,ECO,_X,Unspecified,HTN,Services,2021,9.675,A,Normal value,0,Units,,2015.0,2.0,2.0
DATAFLOW,OECD.ENV.EPI:DSD_GG@DF_GREEN_GROWTH(1.1),Green Growth,I,MYS,Malaysia,A,Annual,ECO,_X,Unspecified,HTN,Services,2020,9.675,A,Normal value,0,Units,,2015.0,2.0,2.0
DATAFLOW,OECD.ENV.EPI:DSD_GG@DF_GREEN_GROWTH(1.1),Green Growth,I,MYS,Malaysia,A,Annual,ECO,_X,Unspecified,HTN,Services,2019,9.675,A,Normal value,0,Units,,2015.0,2.0,2.0
DATAFLOW,OECD.ENV.EPI:DSD_GG@DF_GREEN_GROWTH(1.1),Green Growth,I,MYS,Malaysia,A,Annual,ECO,_X,Unspecified,HTN,Services,2018,9.675,A,Normal value,0,Units,,2015.0,2.0,2.0
DATAFLOW,OECD.ENV.EPI:DSD_GG@DF_GREEN_GROWTH(1.1),Green Growth,I,MYS,Malaysia,A,Annual,ECO,_X,Unspecified,HTN,Services,2017,9.675,A,Normal value,0,Units,,2015.0,2.0,2.0
DATAFLOW,OECD.ENV.EPI:DSD_GG@DF_GREEN_GROWTH(1.1),Green Growth,I,MYS,Malaysia,A,Annual,ECO,_X,Unspecified,HTN,Services,2016,9.675,A,Normal value,0,Units,,2015.0,2.0,2.0
DATAFLOW,OECD.ENV.EPI:DSD_GG@DF_GREEN_GROWTH(1.1),Green Growth,I,MYS,Malaysia,A,Annual,ECO,_X,Unspecified,HTN,Services,2015,9.675,A,Normal value,0,Units,,2015.0,2.0,2.0
DATAFLOW,OECD.ENV.EPI:DSD_GG@DF_GREEN_GROWTH(1.1),Green Growth,I,MYS,Malaysia,A,Annual,ECO,_X,Unspecified,HTN,Services,2014,9.675,A,Normal value,0,Units,,2015.0,2.0,2.0
DATAFLOW,OECD.ENV.EPI:DSD_GG@DF_GREEN_GROWTH(1.1),Green Growth,I,MYS,Malaysia,A,Annual,ECO,_X,Unspecified,HTN,Services,2013,9.675,A,Normal value,0,Units,,2015.0,2.0,2.0
DATAFLOW,OECD.ENV.EPI:DSD_GG@DF_GREEN_GROWTH(1.1),Green Growth,I,MYS,Malaysia,A,Annual,ECO,_X,Unspecified,HTN,Services,2012,9.675,A,Normal value,0,Units,,2015.0,2.0,2.0
DATAFLOW,OECD.ENV.EPI:DSD_GG@DF_GREEN_GROWTH(1.1),Green Growth,I,MYS,Malaysia,A,Annual,ECO,_X,Unspecified,HTN,Services,2011,9.675,A,Normal value,0,Units,,2015.0,2.0,2.0
DATAFLOW,OECD.ENV.EPI:DSD_GG@DF_GREEN_GROWTH(1.1),Green Growth,I,MYS,Malaysia,A,Annual,O3_MOR,DT_10P6HB,Deaths per 1 000 000 inhabitants,_T,Total - all activities,2007,6.04,A,Normal value,0,Units,_Z,2015.0,3.0,2.0
DATAFLOW,OECD.ENV.EPI:DSD_GG@DF_GREEN_GROWTH(1.1),Green Growth,I,MYS,Malaysia,A,Annual,O3_MOR,DT_10P6HB,Deaths per 1 000 000 inhabitants,_T,Total - all activities,2006,7.34,A,Normal value,0,Units,_Z,2015.0,3.0,2.0
DATAFLOW,OECD.ENV.EPI:DSD_GG@DF_GREEN_GROWTH(1.1),Green Growth,I,MYS,Malaysia,A,Annual,O3_MOR,DT_10P6HB,Deaths per 1 000 000 inhabitants,_T,Total - all activities,2005,8.24,A,Normal value,0,Units,_Z,2015.0,3.0,2.0
DATAFLOW,OECD.ENV.EPI:DSD_GG@DF_GREEN_GROWTH(1.1),Green Growth,I,MYS,Malaysia,A,Annual,O3_MOR,DT_10P6HB,Deaths per 1 000 000 inhabitants,_T,Total - all activities,2004,6.68,A,Normal value,0,Units,_Z,2015.0,3.0,2.0
DATAFLOW,OECD.ENV.EPI:DSD_GG@DF_GREEN_GROWTH(1.1),Green Growth,I,MYS,Malaysia,A,Annual,O3_MOR,DT_10P6HB,Deaths per 1 000 000 inhabitants,_T,Total - all activities,2003,6.07,A,Normal value,0,Units,_Z,2015.0,3.0,2.0
DATAFLOW,OECD.ENV.EPI:DSD_GG@DF_GREEN_GROWTH(1.1),Green Growth,I,MYS,Malaysia,A,Annual,O3_MOR,DT_10P6HB,Deaths per 1 000 000 inhabitants,_T,Total - all activities,2002,4.27,A,Normal value,0,Units,_Z,2015.0,3.0,2.0
DATAFLOW,OECD.ENV.EPI:DSD_GG@DF_GREEN_GROWTH(1.1),Green Growth,I,MYS,Malaysia,A,Annual,O3_MOR,DT_10P6HB,Deaths per 1 000 000 inhabitants,_T,Total - all activities,2001,4.33,A,Normal value,0,Units,_Z,2015.0,3.0,2.0
DATAFLOW,OECD.ENV.EPI:DSD_GG@DF_GREEN_GROWTH(1.1),Green Growth,I,MYS,Malaysia,A,Annual,O3_MOR,DT_10P6HB,Deaths per 1 000 000 inhabitants,_T,Total - all activities,2000,4.29,A,Normal value,0,Units,_Z,2015.0,3.0,2.0
DATAFLOW,OECD.ENV.EPI:DSD_GG@DF_GREEN_GROWTH(1.1),Green Growth,I,MYS,Malaysia,A,Annual,O3_MOR,DT_10P6HB,Deaths per 1 000 000 inhabitants,_T,Total - all activities,2019,10.55,A,Normal value,0,Units,_Z,2015.0,3.0,2.0
DATAFLOW,OECD.ENV.EPI:DSD_GG@DF_GREEN_GROWTH(1.1),Green Growth,I,MYS,Malaysia,A,Annual,O3_MOR,DT_10P6HB,Deaths per 1 000 000 inhabitants,_T,Total - all activities,2018,9.31,A,Normal value,0,Units,_Z,2015.0,3.0,2.0
DATAFLOW,OECD.ENV.EPI:DSD_GG@DF_GREEN_GROWTH(1.1),Green Growth,I,MYS,Malaysia,A,Annual,O3_MOR,DT_10P6HB,Deaths per 1 000 000 inhabitants,_T,Total - all activities,2017,4.32,A,Normal value,0,Units,_Z,2015.0,3.0,2.0
DATAFLOW,OECD.ENV.EPI:DSD_GG@DF_GREEN_GROWTH(1.1),Green Growth,I,MYS,Malaysia,A,Annual,O3_MOR,DT_10P6HB,Deaths per 1 000 000 inhabitants,_T,Total - all activities,2016,6.76,A,Normal value,0,Units,_Z,2015.0,3.0,2.0
DATAFLOW,OECD.ENV.EPI:DSD_GG@DF_GREEN_GROWTH(1.1),Green Growth,I,MYS,Malaysia,A,Annual,O3_MOR,DT_10P6HB,Deaths per 1 000 000 inhabitants,_T,Total - all activities,2015,8.57,A,Normal value,0,Units,_Z,2015.0,3.0,2.0
DATAFLOW,OECD.ENV.EPI:DSD_GG@DF_GREEN_GROWTH(1.1),Green Growth,I,MYS,Malaysia,A,Annual,O3_MOR,DT_10P6HB,Deaths per 1 000 000 inhabitants,_T,Total - all activities,2014,8.66,A,Normal value,0,Units,_Z,2015.0,3.0,2.0
DATAFLOW,OECD.ENV.EPI:DSD_GG@DF_GREEN_GROWTH(1.1),Green Growth,I,MYS,Malaysia,A,Annual,O3_MOR,DT_10P6HB,Deaths per 1 000 000 inhabitants,_T,Total - all activities,2013,7.6,A,Normal value,0,Units,_Z,2015.0,3.0,2.0
DATAFLOW,OECD.ENV.EPI:DSD_GG@DF_GREEN_GROWTH(1.1),Green Growth,I,MYS,Malaysia,A,Annual,O3_MOR,DT_10P6HB,Deaths per 1 000 000 inhabitants,_T,Total - all activities,2012,6.94,A,Normal value,0,Units,_Z,2015.0,3.0,2.0
DATAFLOW,OECD.ENV.EPI:DSD_GG@DF_GREEN_GROWTH(1.1),Green Growth,I,MYS,Malaysia,A,Annual,O3_MOR,DT_10P6HB,Deaths per 1 000 000 inhabitants,_T,Total - all activities,2011,5.64,A,Normal value,0,Units,_Z,2015.0,3.0,2.0
DATAFLOW,OECD.ENV.EPI:DSD_GG@DF_GREEN_GROWTH(1.1),Green Growth,I,MYS,Malaysia,A,Annual,O3_MOR,DT_10P6HB,Deaths per 1 000 000 inhabitants,_T,Total - all activities,2010,4.3,A,Normal value,0,Units,_Z,2015.0,3.0,2.0
DATAFLOW,OECD.ENV.EPI:DSD_GG@DF_GREEN_GROWTH(1.1),Green Growth,I,MYS,Malaysia,A,Annual,O3_MOR,DT_10P6HB,Deaths per 1 000 000 inhabitants,_T,Total - all activities,2009,3.49,A,Normal value,0,Units,_Z,2015.0,3.0,2.0
DATAFLOW,OECD.ENV.EPI:DSD_GG@DF_GREEN_GROWTH(1.1),Green Growth,I,MYS,Malaysia,A,Annual,ECO,_X,Unspecified,_T,Total - all activities,2009,9.675,A,Normal value,0,Units,,2015.0,2.0,2.0
DATAFLOW,OECD.ENV.EPI:DSD_GG@DF_GREEN_GROWTH(1.1),Green Growth,I,MYS,Malaysia,A,Annual,ECO,_X,Unspecified,_T,Total - all activities,2008,9.675,A,Normal value,0,Units,,2015.0,2.0,2.0
DATAFLOW,OECD.ENV.EPI:DSD_GG@DF_GREEN_GROWTH(1.1),Green Growth,I,MYS,Malaysia,A,Annual,ECO,_X,Unspecified,_T,Total - all activities,2007,9.675,A,Normal value,0,Units,,2015.0,2.0,2.0
DATAFLOW,OECD.ENV.EPI:DSD_GG@DF_GREEN_GROWTH(1.1),Green Growth,I,MYS,Malaysia,A,Annual,ECO,_X,Unspecified,_T,Total - all activities,2006,9.675,A,Normal value,0,Units,,2015.0,2.0,2.0
DATAFLOW,OECD.ENV.EPI:DSD_GG@DF_GREEN_GROWTH(1.1),Green Growth,I,MYS,Malaysia,A,Annual,ECO,_X,Unspecified,_T,Total - all activities,2005,9.675,A,Normal value,0,Units,,2015.0,2.0,2.0
DATAFLOW,OECD.ENV.EPI:DSD_GG@DF_GREEN_GROWTH(1.1),Green Growth,I,MYS,Malaysia,A,Annual,ECO,_X,Unspecified,_T,Total - all activities,2004,9.675,A,Normal value,0,Units,,2015.0,2.0,2.0
DATAFLOW,OECD.ENV.EPI:DSD_GG@DF_GREEN_GROWTH(1.1),Green Growth,I,MYS,Malaysia,A,Annual,ECO,_X,Unspecified,_T,Total - all activities,2003,9.675,A,Normal value,0,Units,,2015.0,2.0,2.0
DATAFLOW,OECD.ENV.EPI:DSD_GG@DF_GREEN_GROWTH(1.1),Green Growth,I,MYS,Malaysia,A,Annual,ECO,_X,Unspecified,_T,Total - all activities,2002,9.675,A,Normal value,0,Units,,2015.0,2.0,2.0
DATAFLOW,OECD.ENV.EPI:DSD_GG@DF_GREEN_GROWTH(1.1),Green Growth,I,MYS,Malaysia,A,Annual,ECO,_X,Unspecified,_T,Total - all activities,2001,9.675,A,Normal value,0,Units,,2015.0,2.0,2.0
DATAFLOW,OECD.ENV.EPI:DSD_GG@DF_GREEN_GROWTH(1.1),Green Growth,I,MYS,Malaysia,A,Annual,ECO,_X,Unspecified,_T,Total - all activities,2000,9.675,A,Normal value,0,Units,,2015.0,2.0,2.0
DATAFLOW,OECD.ENV.EPI:DSD_GG@DF_GREEN_GROWTH(1.1),Green Growth,I,MYS,Malaysia,A,Annual,ECO,_X,Unspecified,_T,Total - all activities,2022,9.675,A,Normal value,0,Units,,2015.0,2.0,2.0
DATAFLOW,OECD.ENV.EPI:DSD_GG@DF_GREEN_GROWTH(1.1),Green Growth,I,MYS,Malaysia,A,Annual,ECO,_X,Unspecified,_T,Total - all activities,2021,9.675,A,Normal value,0,Units,,2015.0,2.0,2.0
DATAFLOW,OECD.ENV.EPI:DSD_GG@DF_GREEN_GROWTH(1.1),Green Growth,I,MYS,Malaysia,A,Annual,ECO,_X,Unspecified,_T,Total - all activities,2020,9.675,A,Normal value,0,Units,,2015.0,2.0,2.0
DATAFLOW,OECD.ENV.EPI:DSD_GG@DF_GREEN_GROWTH(1.1),Green Growth,I,MYS,Malaysia,A,Annual,ECO,_X,Unspecified,_T,Total - all activities,2019,9.675,A,Normal value,0,Units,,2015.0,2.0,2.0
DATAFLOW,OECD.ENV.EPI:DSD_GG@DF_GREEN_GROWTH(1.1),Green Growth,I,MYS,Malaysia,A,Annual,ECO,_X,Unspecified,_T,Total - all activities,2018,9.675,A,Normal value,0,Units,,2015.0,2.0,2.0
DATAFLOW,OECD.ENV.EPI:DSD_GG@DF_GREEN_GROWTH(1.1),Green Growth,I,MYS,Malaysia,A,Annual,ECO,_X,Unspecified,_T,Total - all activities,2017,9.675,A,Normal value,0,Units,,2015.0,2.0,2.0
DATAFLOW,OECD.ENV.EPI:DSD_GG@DF_GREEN_GROWTH(1.1),Green Growth,I,MYS,Malaysia,A,Annual,ECO,_X,Unspecified,_T,Total - all activities,2016,9.675,A,Normal value,0,Units,,2015.0,2.0,2.0
DATAFLOW,OECD.ENV.EPI:DSD_GG@DF_GREEN_GROWTH(1.1),Green Growth,I,MYS,Malaysia,A,Annual,ECO,_X,Unspecified,_T,Total - all activities,2015,9.675,A,Normal value,0,Units,,2015.0,2.0,2.0
DATAFLOW,OECD.ENV.EPI:DSD_GG@DF_GREEN_GROWTH(1.1),Green Growth,I,MYS,Malaysia,A,Annual,ECO,_X,Unspecified,_T,Total - all activities,2014,9.675,A,Normal value,0,Units,,2015.0,2.0,2.0
DATAFLOW,OECD.ENV.EPI:DSD_GG@DF_GREEN_GROWTH(1.1),Green Growth,I,MYS,Malaysia,A,Annual,ECO,_X,Unspecified,_T,Total - all activities,2013,9.675,A,Normal value,0,Units,,2015.0,2.0,2.0
DATAFLOW,OECD.ENV.EPI:DSD_GG@DF_GREEN_GROWTH(1.1),Green Growth,I,MYS,Malaysia,A,Annual,ECO,_X,Unspecified,_T,Total - all activities,2012,9.675,A,Normal value,0,Units,,2015.0,2.0,2.0
DATAFLOW,OECD.ENV.EPI:DSD_GG@DF_GREEN_GROWTH(1.1),Green Growth,I,MYS,Malaysia,A,Annual,ECO,_X,Unspecified,_T,Total - all activities,2011,9.675,A,Normal value,0,Units,,2015.0,2.0,2.0
DATAFLOW,OECD.ENV.EPI:DSD_GG@DF_GREEN_GROWTH(1.1),Green Growth,I,MYS,Malaysia,A,Annual,NATBASE,_X,Unspecified,_T,Total - all activities,2009,9.675,A,Normal value,0,Units,,2015.0,2.0,2.0
DATAFLOW,OECD.ENV.EPI:DSD_GG@DF_GREEN_GROWTH(1.1),Green Growth,I,MYS,Malaysia,A,Annual,NATBASE,_X,Unspecified,_T,Total - all activities,2008,9.675,A,Normal value,0,Units,,2015.0,2.0,2.0
DATAFLOW,OECD.ENV.EPI:DSD_GG@DF_GREEN_GROWTH(1.1),Green Growth,I,MYS,Malaysia,A,Annual,NATBASE,_X,Unspecified,_T,Total - all activities,2007,9.675,A,Normal value,0,Units,,2015.0,2.0,2.0
DATAFLOW,OECD.ENV.EPI:DSD_GG@DF_GREEN_GROWTH(1.1),Green Growth,I,MYS,Malaysia,A,Annual,NATBASE,_X,Unspecified,_T,Total - all activities,2006,9.675,A,Normal value,0,Units,,2015.0,2.0,2.0
DATAFLOW,OECD.ENV.EPI:DSD_GG@DF_GREEN_GROWTH(1.1),Green Growth,I,MYS,Malaysia,A,Annual,NATBASE,_X,Unspecified,_T,Total - all activities,2005,9.675,A,Normal value,0,Units,,2015.0,2.0,2.0
DATAFLOW,OECD.ENV.EPI:DSD_GG@DF_GREEN_GROWTH(1.1),Green Growth,I,MYS,Malaysia,A,Annual,NATBASE,_X,Unspecified,_T,Total - all activities,2004,9.675,A,Normal value,0,Units,,2015.0,2.0,2.0
DATAFLOW,OECD.ENV.EPI:DSD_GG@DF_GREEN_GROWTH(1.1),Green Growth,I,MYS,Malaysia,A,Annual,NATBASE,_X,Unspecified,_T,Total - all activities,2003,9.675,A,Normal value,0,Units,,2015.0,2.0,2.0
DATAFLOW,OECD.ENV.EPI:DSD_GG@DF_GREEN_GROWTH(1.1),Green Growth,I,MYS,Malaysia,A,Annual,NATBASE,_X,Unspecified,_T,Total - all activities,2002,9.675,A,Normal value,0,Units,,2015.0,2.0,2.0
DATAFLOW,OECD.ENV.EPI:DSD_GG@DF_GREEN_GROWTH(1.1),Green Growth,I,MYS,Malaysia,A,Annual,NATBASE,_X,Unspecified,_T,Total - all activities,2001,9.675,A,Normal value,0,Units,,2015.0,2.0,2.0
DATAFLOW,OECD.ENV.EPI:DSD_GG@DF_GREEN_GROWTH(1.1),Green Growth,I,MYS,Malaysia,A,Annual,NATBASE,_X,Unspecified,_T,Total - all activities,2000,9.675,A,Normal value,0,Units,,2015.0,2.0,2.0
DATAFLOW,OECD.ENV.EPI:DSD_GG@DF_GREEN_GROWTH(1.1),Green Growth,I,MYS,Malaysia,A,Annual,NATBASE,_X,Unspecified,_T,Total - all activities,2022,9.675,A,Normal value,0,Units,,2015.0,2.0,2.0
DATAFLOW,OECD.ENV.EPI:DSD_GG@DF_GREEN_GROWTH(1.1),Green Growth,I,MYS,Malaysia,A,Annual,NATBASE,_X,Unspecified,_T,Total - all activities,2021,9.675,A,Normal value,0,Units,,2015.0,2.0,2.0
DATAFLOW,OECD.ENV.EPI:DSD_GG@DF_GREEN_GROWTH(1.1),Green Growth,I,MYS,Malaysia,A,Annual,NATBASE,_X,Unspecified,_T,Total - all activities,2020,9.675,A,Normal value,0,Units,,2015.0,2.0,2.0
DATAFLOW,OECD.ENV.EPI:DSD_GG@DF_GREEN_GROWTH(1.1),Green Growth,I,MYS,Malaysia,A,Annual,NATBASE,_X,Unspecified,_T,Total - all activities,2019,9.675,A,Normal value,0,Units,,2015.0,2.0,2.0
DATAFLOW,OECD.ENV.EPI:DSD_GG@DF_GREEN_GROWTH(1.1),Green Growth,I,MYS,Malaysia,A,Annual,NATBASE,_X,Unspecified,_T,Total - all activities,2018,9.675,A,Normal value,0,Units,,2015.0,2.0,2.0
DATAFLOW,OECD.ENV.EPI:DSD_GG@DF_GREEN_GROWTH(1.1),Green Growth,I,MYS,Malaysia,A,Annual,NATBASE,_X,Unspecified,_T,Total - all activities,2017,9.675,A,Normal value,0,Units,,2015.0,2.0,2.0
DATAFLOW,OECD.ENV.EPI:DSD_GG@DF_GREEN_GROWTH(1.1),Green Growth,I,MYS,Malaysia,A,Annual,NATBASE,_X,Unspecified,_T,Total - all activities,2016,9.675,A,Normal value,0,Units,,2015.0,2.0,2.0
DATAFLOW,OECD.ENV.EPI:DSD_GG@DF_GREEN_GROWTH(1.1),Green Growth,I,MYS,Malaysia,A,Annual,NATBASE,_X,Unspecified,_T,Total - all activities,2015,9.675,A,Normal value,0,Units,,2015.0,2.0,2.0
DATAFLOW,OECD.ENV.EPI:DSD_GG@DF_GREEN_GROWTH(1.1),Green Growth,I,MYS,Malaysia,A,Annual,NATBASE,_X,Unspecified,_T,Total - all activities,2014,9.675,A,Normal value,0,Units,,2015.0,2.0,2.0
DATAFLOW,OECD.ENV.EPI:DSD_GG@DF_GREEN_GROWTH(1.1),Green Growth,I,MYS,Malaysia,A,Annual,NATBASE,_X,Unspecified,_T,Total - all activities,2013,9.675,A,Normal value,0,Units,,2015.0,2.0,2.0
DATAFLOW,OECD.ENV.EPI:DSD_GG@DF_GREEN_GROWTH(1.1),Green Growth,I,MYS,Malaysia,A,Annual,NATBASE,_X,Unspecified,_T,Total - all activities,2012,9.675,A,Normal value,0,Units,,2015.0,2.0,2.0
DATAFLOW,OECD.ENV.EPI:DSD_GG@DF_GREEN_GROWTH(1.1),Green Growth,I,MYS,Malaysia,A,Annual,NATBASE,_X,Unspecified,_T,Total - all activities,2011,9.675,A,Normal value,0,Units,,2015.0,2.0,2.0
DATAFLOW,OECD.ENV.EPI:DSD_GG@DF_GREEN_GROWTH(1.1),Green Growth,I,MYS,Malaysia,A,Annual,POP_Y15T64,PT_POP,Percentage of population,_T,Total - all activities,2007,66.8,A,Normal value,0,Units,_Z,2015.0,1.0,2.0
DATAFLOW,OECD.ENV.EPI:DSD_GG@DF_GREEN_GROWTH(1.1),Green Growth,I,MYS,Malaysia,A,Annual,POP_Y15T64,PT_POP,Percentage of population,_T,Total - all activities,2006,66.22,A,Normal value,0,Units,_Z,2015.0,1.0,2.0
DATAFLOW,OECD.ENV.EPI:DSD_GG@DF_GREEN_GROWTH(1.1),Green Growth,I,MYS,Malaysia,A,Annual,POP_Y15T64,PT_POP,Percentage of population,_T,Total - all activities,2005,65.67,A,Normal value,0,Units,_Z,2015.0,1.0,2.0
DATAFLOW,OECD.ENV.EPI:DSD_GG@DF_GREEN_GROWTH(1.1),Green Growth,I,MYS,Malaysia,A,Annual,POP_Y15T64,PT_POP,Percentage of population,_T,Total - all activities,2004,65.17,A,Normal value,0,Units,_Z,2015.0,1.0,2.0
DATAFLOW,OECD.ENV.EPI:DSD_GG@DF_GREEN_GROWTH(1.1),Green Growth,I,MYS,Malaysia,A,Annual,POP_Y15T64,PT_POP,Percentage of population,_T,Total - all activities,2003,64.72,A,Normal value,0,Units,_Z,2015.0,1.0,2.0
DATAFLOW,OECD.ENV.EPI:DSD_GG@DF_GREEN_GROWTH(1.1),Green Growth,I,MYS,Malaysia,A,Annual,POP_Y15T64,PT_POP,Percentage of population,_T,Total - all activities,2002,64.35,A,Normal value,0,Units,_Z,2015.0,1.0,2.0
DATAFLOW,OECD.ENV.EPI:DSD_GG@DF_GREEN_GROWTH(1.1),Green Growth,I,MYS,Malaysia,A,Annual,POP_Y15T64,PT_POP,Percentage of population,_T,Total - all activities,2001,64.07,A,Normal value,0,Units,_Z,2015.0,1.0,2.0
DATAFLOW,OECD.ENV.EPI:DSD_GG@DF_GREEN_GROWTH(1.1),Green Growth,I,MYS,Malaysia,A,Annual,POP_Y15T64,PT_POP,Percentage of population,_T,Total - all activities,2000,63.85,A,Normal value,0,Units,_Z,2015.0,1.0,2.0
DATAFLOW,OECD.ENV.EPI:DSD_GG@DF_GREEN_GROWTH(1.1),Green Growth,I,MYS,Malaysia,A,Annual,POP_Y15T64,PT_POP,Percentage of population,_T,Total - all activities,2021,71.83,A,Normal value,0,Units,_Z,2015.0,1.0,2.0
DATAFLOW,OECD.ENV.EPI:DSD_GG@DF_GREEN_GROWTH(1.1),Green Growth,I,MYS,Malaysia,A,Annual,POP_Y15T64,PT_POP,Percentage of population,_T,Total - all activities,2020,71.7,A,Normal value,0,Units,_Z,2015.0,1.0,2.0
DATAFLOW,OECD.ENV.EPI:DSD_GG@DF_GREEN_GROWTH(1.1),Green Growth,I,MYS,Malaysia,A,Annual,POP_Y15T64,PT_POP,Percentage of population,_T,Total - all activities,2019,71.54,A,Normal value,0,Units,_Z,2015.0,1.0,2.0
DATAFLOW,OECD.ENV.EPI:DSD_GG@DF_GREEN_GROWTH(1.1),Green Growth,I,MYS,Malaysia,A,Annual,POP_Y15T64,PT_POP,Percentage of population,_T,Total - all activities,2018,71.38,A,Normal value,0,Units,_Z,2015.0,1.0,2.0
DATAFLOW,OECD.ENV.EPI:DSD_GG@DF_GREEN_GROWTH(1.1),Green Growth,I,MYS,Malaysia,A,Annual,POP_Y15T64,PT_POP,Percentage of population,_T,Total - all activities,2017,71.18,A,Normal value,0,Units,_Z,2015.0,1.0,2.0
DATAFLOW,OECD.ENV.EPI:DSD_GG@DF_GREEN_GROWTH(1.1),Green Growth,I,MYS,Malaysia,A,Annual,POP_Y15T64,PT_POP,Percentage of population,_T,Total - all activities,2016,70.94,A,Normal value,0,Units,_Z,2015.0,1.0,2.0
DATAFLOW,OECD.ENV.EPI:DSD_GG@DF_GREEN_GROWTH(1.1),Green Growth,I,MYS,Malaysia,A,Annual,POP_Y15T64,PT_POP,Percentage of population,_T,Total - all activities,2015,70.67,A,Normal value,0,Units,_Z,2015.0,1.0,2.0
DATAFLOW,OECD.ENV.EPI:DSD_GG@DF_GREEN_GROWTH(1.1),Green Growth,I,MYS,Malaysia,A,Annual,POP_Y15T64,PT_POP,Percentage of population,_T,Total - all activities,2014,70.37,A,Normal value,0,Units,_Z,2015.0,1.0,2.0
DATAFLOW,OECD.ENV.EPI:DSD_GG@DF_GREEN_GROWTH(1.1),Green Growth,I,MYS,Malaysia,A,Annual,POP_Y15T64,PT_POP,Percentage of population,_T,Total - all activities,2013,70.03,A,Normal value,0,Units,_Z,2015.0,1.0,2.0
DATAFLOW,OECD.ENV.EPI:DSD_GG@DF_GREEN_GROWTH(1.1),Green Growth,I,MYS,Malaysia,A,Annual,POP_Y15T64,PT_POP,Percentage of population,_T,Total - all activities,2012,69.64,A,Normal value,0,Units,_Z,2015.0,1.0,2.0
DATAFLOW,OECD.ENV.EPI:DSD_GG@DF_GREEN_GROWTH(1.1),Green Growth,I,MYS,Malaysia,A,Annual,POP_Y15T64,PT_POP,Percentage of population,_T,Total - all activities,2011,69.19,A,Normal value,0,Units,_Z,2015.0,1.0,2.0
DATAFLOW,OECD.ENV.EPI:DSD_GG@DF_GREEN_GROWTH(1.1),Green Growth,I,MYS,Malaysia,A,Annual,POP_Y15T64,PT_POP,Percentage of population,_T,Total - all activities,2010,68.66,A,Normal value,0,Units,_Z,2015.0,1.0,2.0
DATAFLOW,OECD.ENV.EPI:DSD_GG@DF_GREEN_GROWTH(1.1),Green Growth,I,MYS,Malaysia,A,Annual,POP_Y15T64,PT_POP,Percentage of population,_T,Total - all activities,2009,68.05,A,Normal value,0,Units,_Z,2015.0,1.0,2.0
DATAFLOW,OECD.ENV.EPI:DSD_GG@DF_GREEN_GROWTH(1.1),Green Growth,I,MYS,Malaysia,A,Annual,FOR_LTMGMT,PT_FAR,Percentage of forested area,_T,Total - all activities,2000,45.14,A,Normal value,0,Units,_Z,2015.0,5.0,2.0
DATAFLOW,OECD.ENV.EPI:DSD_GG@DF_GREEN_GROWTH(1.1),Green Growth,I,MYS,Malaysia,A,Annual,FOR_LTMGMT,PT_FAR,Percentage of forested area,_T,Total - all activities,2020,55.56,A,Normal value,0,Units,_Z,2015.0,5.0,2.0
DATAFLOW,OECD.ENV.EPI:DSD_GG@DF_GREEN_GROWTH(1.1),Green Growth,I,MYS,Malaysia,A,Annual,FOR_LTMGMT,PT_FAR,Percentage of forested area,_T,Total - all activities,2015,53.76,A,Normal value,0,Units,_Z,2015.0,5.0,2.0
DATAFLOW,OECD.ENV.EPI:DSD_GG@DF_GREEN_GROWTH(1.1),Green Growth,I,MYS,Malaysia,A,Annual,FOR,_X,Unspecified,_T,Total - all activities,2009,9.675,A,Normal value,0,Units,,2015.0,2.0,2.0
DATAFLOW,OECD.ENV.EPI:DSD_GG@DF_GREEN_GROWTH(1.1),Green Growth,I,MYS,Malaysia,A,Annual,FOR,_X,Unspecified,_T,Total - all activities,2008,9.675,A,Normal value,0,Units,,2015.0,2.0,2.0
DATAFLOW,OECD.ENV.EPI:DSD_GG@DF_GREEN_GROWTH(1.1),Green Growth,I,MYS,Malaysia,A,Annual,FOR,_X,Unspecified,_T,Total - all activities,2007,9.675,A,Normal value,0,Units,,2015.0,2.0,2.0
DATAFLOW,OECD.ENV.EPI:DSD_GG@DF_GREEN_GROWTH(1.1),Green Growth,I,MYS,Malaysia,A,Annual,FOR,_X,Unspecified,_T,Total - all activities,2006,9.675,A,Normal value,0,Units,,2015.0,2.0,2.0
DATAFLOW,OECD.ENV.EPI:DSD_GG@DF_GREEN_GROWTH(1.1),Green Growth,I,MYS,Malaysia,A,Annual,FOR,_X,Unspecified,_T,Total - all activities,2005,9.675,A,Normal value,0,Units,,2015.0,2.0,2.0
DATAFLOW,OECD.ENV.EPI:DSD_GG@DF_GREEN_GROWTH(1.1),Green Growth,I,MYS,Malaysia,A,Annual,FOR,_X,Unspecified,_T,Total - all activities,2004,9.675,A,Normal value,0,Units,,2015.0,2.0,2.0
DATAFLOW,OECD.ENV.EPI:DSD_GG@DF_GREEN_GROWTH(1.1),Green Growth,I,MYS,Malaysia,A,Annual,FOR,_X,Unspecified,_T,Total - all activities,2003,9.675,A,Normal value,0,Units,,2015.0,2.0,2.0
DATAFLOW,OECD.ENV.EPI:DSD_GG@DF_GREEN_GROWTH(1.1),Green Growth,I,MYS,Malaysia,A,Annual,FOR,_X,Unspecified,_T,Total - all activities,2002,9.675,A,Normal value,0,Units,,2015.0,2.0,2.0
DATAFLOW,OECD.ENV.EPI:DSD_GG@DF_GREEN_GROWTH(1.1),Green Growth,I,MYS,Malaysia,A,Annual,FOR,_X,Unspecified,_T,Total - all activities,2001,9.675,A,Normal value,0,Units,,2015.0,2.0,2.0
DATAFLOW,OECD.ENV.EPI:DSD_GG@DF_GREEN_GROWTH(1.1),Green Growth,I,MYS,Malaysia,A,Annual,FOR,_X,Unspecified,_T,Total - all activities,2000,9.675,A,Normal value,0,Units,,2015.0,2.0,2.0
DATAFLOW,OECD.ENV.EPI:DSD_GG@DF_GREEN_GROWTH(1.1),Green Growth,I,MYS,Malaysia,A,Annual,FOR,_X,Unspecified,_T,Total - all activities,2022,9.675,A,Normal value,0,Units,,2015.0,2.0,2.0
DATAFLOW,OECD.ENV.EPI:DSD_GG@DF_GREEN_GROWTH(1.1),Green Growth,I,MYS,Malaysia,A,Annual,FOR,_X,Unspecified,_T,Total - all activities,2021,9.675,A,Normal value,0,Units,,2015.0,2.0,2.0
DATAFLOW,OECD.ENV.EPI:DSD_GG@DF_GREEN_GROWTH(1.1),Green Growth,I,MYS,Malaysia,A,Annual,FOR,_X,Unspecified,_T,Total - all activities,2020,9.675,A,Normal value,0,Units,,2015.0,2.0,2.0
DATAFLOW,OECD.ENV.EPI:DSD_GG@DF_GREEN_GROWTH(1.1),Green Growth,I,MYS,Malaysia,A,Annual,FOR,_X,Unspecified,_T,Total - all activities,2019,9.675,A,Normal value,0,Units,,2015.0,2.0,2.0
DATAFLOW,OECD.ENV.EPI:DSD_GG@DF_GREEN_GROWTH(1.1),Green Growth,I,MYS,Malaysia,A,Annual,FOR,_X,Unspecified,_T,Total - all activities,2018,9.675,A,Normal value,0,Units,,2015.0,2.0,2.0
DATAFLOW,OECD.ENV.EPI:DSD_GG@DF_GREEN_GROWTH(1.1),Green Growth,I,MYS,Malaysia,A,Annual,FOR,_X,Unspecified,_T,Total - all activities,2017,9.675,A,Normal value,0,Units,,2015.0,2.0,2.0
DATAFLOW,OECD.ENV.EPI:DSD_GG@DF_GREEN_GROWTH(1.1),Green Growth,I,MYS,Malaysia,A,Annual,FOR,_X,Unspecified,_T,Total - all activities,2016,9.675,A,Normal value,0,Units,,2015.0,2.0,2.0
DATAFLOW,OECD.ENV.EPI:DSD_GG@DF_GREEN_GROWTH(1.1),Green Growth,I,MYS,Malaysia,A,Annual,FOR,_X,Unspecified,_T,Total - all activities,2015,9.675,A,Normal value,0,Units,,2015.0,2.0,2.0
DATAFLOW,OECD.ENV.EPI:DSD_GG@DF_GREEN_GROWTH(1.1),Green Growth,I,MYS,Malaysia,A,Annual,FOR,_X,Unspecified,_T,Total - all activities,2014,9.675,A,Normal value,0,Units,,2015.0,2.0,2.0
DATAFLOW,OECD.ENV.EPI:DSD_GG@DF_GREEN_GROWTH(1.1),Green Growth,I,MYS,Malaysia,A,Annual,FOR,_X,Unspecified,_T,Total - all activities,2013,9.675,A,Normal value,0,Units,,2015.0,2.0,2.0
DATAFLOW,OECD.ENV.EPI:DSD_GG@DF_GREEN_GROWTH(1.1),Green Growth,I,MYS,Malaysia,A,Annual,FOR,_X,Unspecified,_T,Total - all activities,2012,9.675,A,Normal value,0,Units,,2015.0,2.0,2.0
DATAFLOW,OECD.ENV.EPI:DSD_GG@DF_GREEN_GROWTH(1.1),Green Growth,I,MYS,Malaysia,A,Annual,FOR,_X,Unspecified,_T,Total - all activities,2011,9.675,A,Normal value,0,Units,,2015.0,2.0,2.0
DATAFLOW,OECD.ENV.EPI:DSD_GG@DF_GREEN_GROWTH(1.1),Green Growth,I,MYS,Malaysia,A,Annual,GDP_PC,PT_B1G,Percentage of gross value added,BTE,Industry (except construction),2007,45.0,E,Estimated value,0,Units,_Z,2015.0,1.0,2.0
DATAFLOW,OECD.ENV.EPI:DSD_GG@DF_GREEN_GROWTH(1.1),Green Growth,I,MYS,Malaysia,A,Annual,GDP_PC,PT_B1G,Percentage of gross value added,BTE,Industry (except construction),2006,46.96,E,Estimated value,0,Units,_Z,2015.0,1.0,2.0
DATAFLOW,OECD.ENV.EPI:DSD_GG@DF_GREEN_GROWTH(1.1),Green Growth,I,MYS,Malaysia,A,Annual,GDP_PC,PT_B1G,Percentage of gross value added,BTE,Industry (except construction),2005,46.92,E,Estimated value,0,Units,_Z,2015.0,1.0,2.0
DATAFLOW,OECD.ENV.EPI:DSD_GG@DF_GREEN_GROWTH(1.1),Green Growth,I,MYS,Malaysia,A,Annual,GDP_PC,PT_B1G,Percentage of gross value added,BTE,Industry (except construction),2004,47.42,E,Estimated value,0,Units,_Z,2015.0,1.0,2.0
DATAFLOW,OECD.ENV.EPI:DSD_GG@DF_GREEN_GROWTH(1.1),Green Growth,I,MYS,Malaysia,A,Annual,GDP_PC,PT_B1G,Percentage of gross value added,BTE,Industry (except construction),2003,45.4,E,Estimated value,0,Units,_Z,2015.0,1.0,2.0
DATAFLOW,OECD.ENV.EPI:DSD_GG@DF_GREEN_GROWTH(1.1),Green Growth,I,MYS,Malaysia,A,Annual,GDP_PC,PT_B1G,Percentage of gross value added,BTE,Industry (except construction),2002,43.89,E,Estimated value,0,Units,_Z,2015.0,1.0,2.0
DATAFLOW,OECD.ENV.EPI:DSD_GG@DF_GREEN_GROWTH(1.1),Green Growth,I,MYS,Malaysia,A,Annual,GDP_PC,PT_B1G,Percentage of gross value added,BTE,Industry (except construction),2001,44.69,E,Estimated value,0,Units,_Z,2015.0,1.0,2.0
DATAFLOW,OECD.ENV.EPI:DSD_GG@DF_GREEN_GROWTH(1.1),Green Growth,I,MYS,Malaysia,A,Annual,GDP_PC,PT_B1G,Percentage of gross value added,BTE,Industry (except construction),2000,46.81,E,Estimated value,0,Units,_Z,2015.0,1.0,2.0
DATAFLOW,OECD.ENV.EPI:DSD_GG@DF_GREEN_GROWTH(1.1),Green Growth,I,MYS,Malaysia,A,Annual,GDP_PC,PT_B1G,Percentage of gross value added,BTE,Industry (except construction),2021,38.15,E,Estimated value,0,Units,_Z,2015.0,1.0,2.0
DATAFLOW,OECD.ENV.EPI:DSD_GG@DF_GREEN_GROWTH(1.1),Green Growth,I,MYS,Malaysia,A,Annual,GDP_PC,PT_B1G,Percentage of gross value added,BTE,Industry (except construction),2020,36.33,E,Estimated value,0,Units,_Z,2015.0,1.0,2.0
DATAFLOW,OECD.ENV.EPI:DSD_GG@DF_GREEN_GROWTH(1.1),Green Growth,I,MYS,Malaysia,A,Annual,GDP_PC,PT_B1G,Percentage of gross value added,BTE,Industry (except construction),2019,37.89,E,Estimated value,0,Units,_Z,2015.0,1.0,2.0
DATAFLOW,OECD.ENV.EPI:DSD_GG@DF_GREEN_GROWTH(1.1),Green Growth,I,MYS,Malaysia,A,Annual,GDP_PC,PT_B1G,Percentage of gross value added,BTE,Industry (except construction),2018,38.76,E,Estimated value,0,Units,_Z,2015.0,1.0,2.0
DATAFLOW,OECD.ENV.EPI:DSD_GG@DF_GREEN_GROWTH(1.1),Green Growth,I,MYS,Malaysia,A,Annual,GDP_PC,PT_B1G,Percentage of gross value added,BTE,Industry (except construction),2017,38.66,E,Estimated value,0,Units,_Z,2015.0,1.0,2.0
DATAFLOW,OECD.ENV.EPI:DSD_GG@DF_GREEN_GROWTH(1.1),Green Growth,I,MYS,Malaysia,A,Annual,GDP_PC,PT_B1G,Percentage of gross value added,BTE,Industry (except construction),2016,38.19,E,Estimated value,0,Units,_Z,2015.0,1.0,2.0
DATAFLOW,OECD.ENV.EPI:DSD_GG@DF_GREEN_GROWTH(1.1),Green Growth,I,MYS,Malaysia,A,Annual,GDP_PC,PT_B1G,Percentage of gross value added,BTE,Industry (except construction),2015,38.94,E,Estimated value,0,Units,_Z,2015.0,1.0,2.0
DATAFLOW,OECD.ENV.EPI:DSD_GG@DF_GREEN_GROWTH(1.1),Green Growth,I,MYS,Malaysia,A,Annual,GDP_PC,PT_B1G,Percentage of gross value added,BTE,Industry (except construction),2014,40.36,E,Estimated value,0,Units,_Z,2015.0,1.0,2.0
DATAFLOW,OECD.ENV.EPI:DSD_GG@DF_GREEN_GROWTH(1.1),Green Growth,I,MYS,Malaysia,A,Annual,GDP_PC,PT_B1G,Percentage of gross value added,BTE,Industry (except construction),2013,40.31,E,Estimated value,0,Units,_Z,2015.0,1.0,2.0
DATAFLOW,OECD.ENV.EPI:DSD_GG@DF_GREEN_GROWTH(1.1),Green Growth,I,MYS,Malaysia,A,Annual,GDP_PC,PT_B1G,Percentage of gross value added,BTE,Industry (except construction),2012,40.56,E,Estimated value,0,Units,_Z,2015.0,1.0,2.0
DATAFLOW,OECD.ENV.EPI:DSD_GG@DF_GREEN_GROWTH(1.1),Green Growth,I,MYS,Malaysia,A,Annual,GDP_PC,PT_B1G,Percentage of gross value added,BTE,Industry (except construction),2011,40.21,E,Estimated value,0,Units,_Z,2015.0,1.0,2.0
DATAFLOW,OECD.ENV.EPI:DSD_GG@DF_GREEN_GROWTH(1.1),Green Growth,I,MYS,Malaysia,A,Annual,GDP_PC,PT_B1G,Percentage of gross value added,BTE,Industry (except construction),2010,40.88,E,Estimated value,0,Units,_Z,2015.0,1.0,2.0
DATAFLOW,OECD.ENV.EPI:DSD_GG@DF_GREEN_GROWTH(1.1),Green Growth,I,MYS,Malaysia,A,Annual,GDP_PC,PT_B1G,Percentage of gross value added,BTE,Industry (except construction),2009,45.05,A,Normal value,0,Units,_Z,2015.0,1.0,2.0
DATAFLOW,OECD.ENV.EPI:DSD_GG@DF_GREEN_GROWTH(1.1),Green Growth,I,MYS,Malaysia,A,Annual,LTAX,PT_B1GQ,Percentage of GDP,_T,Total - all activities,2007,2.01,E,Estimated value,0,Units,_Z,2015.0,1.0,2.0
DATAFLOW,OECD.ENV.EPI:DSD_GG@DF_GREEN_GROWTH(1.1),Green Growth,I,MYS,Malaysia,A,Annual,LTAX,PT_B1GQ,Percentage of GDP,_T,Total - all activities,2006,1.97,E,Estimated value,0,Units,_Z,2015.0,1.0,2.0
DATAFLOW,OECD.ENV.EPI:DSD_GG@DF_GREEN_GROWTH(1.1),Green Growth,I,MYS,Malaysia,A,Annual,LTAX,PT_B1GQ,Percentage of GDP,_T,Total - all activities,2005,1.85,E,Estimated value,0,Units,_Z,2015.0,1.0,2.0
DATAFLOW,OECD.ENV.EPI:DSD_GG@DF_GREEN_GROWTH(1.1),Green Growth,I,MYS,Malaysia,A,Annual,LTAX,PT_B1GQ,Percentage of GDP,_T,Total - all activities,2004,2.15,E,Estimated value,0,Units,_Z,2015.0,1.0,2.0
DATAFLOW,OECD.ENV.EPI:DSD_GG@DF_GREEN_GROWTH(1.1),Green Growth,I,MYS,Malaysia,A,Annual,LTAX,PT_B1GQ,Percentage of GDP,_T,Total - all activities,2003,2.18,E,Estimated value,0,Units,_Z,2015.0,1.0,2.0
DATAFLOW,OECD.ENV.EPI:DSD_GG@DF_GREEN_GROWTH(1.1),Green Growth,I,MYS,Malaysia,A,Annual,LTAX,PT_B1GQ,Percentage of GDP,_T,Total - all activities,2002,2.87,E,Estimated value,0,Units,_Z,2015.0,1.0,2.0
DATAFLOW,OECD.ENV.EPI:DSD_GG@DF_GREEN_GROWTH(1.1),Green Growth,I,MYS,Malaysia,A,Annual,LTAX,PT_B1GQ,Percentage of GDP,_T,Total - all activities,2001,2.97,E,Estimated value,0,Units,_Z,2015.0,1.0,2.0
DATAFLOW,OECD.ENV.EPI:DSD_GG@DF_GREEN_GROWTH(1.1),Green Growth,I,MYS,Malaysia,A,Annual,LTAX,PT_B1GQ,Percentage of GDP,_T,Total - all activities,2000,2.25,E,Estimated value,0,Units,_Z,2015.0,1.0,2.0
DATAFLOW,OECD.ENV.EPI:DSD_GG@DF_GREEN_GROWTH(1.1),Green Growth,I,MYS,Malaysia,A,Annual,LTAX,PT_B1GQ,Percentage of GDP,_T,Total - all activities,2020,3.04,E,Estimated value,0,Units,_Z,2015.0,1.0,2.0
DATAFLOW,OECD.ENV.EPI:DSD_GG@DF_GREEN_GROWTH(1.1),Green Growth,I,MYS,Malaysia,A,Annual,LTAX,PT_B1GQ,Percentage of GDP,_T,Total - all activities,2019,2.87,E,Estimated value,0,Units,_Z,2015.0,1.0,2.0
DATAFLOW,OECD.ENV.EPI:DSD_GG@DF_GREEN_GROWTH(1.1),Green Growth,I,MYS,Malaysia,A,Annual,LTAX,PT_B1GQ,Percentage of GDP,_T,Total - all activities,2018,2.55,E,Estimated value,0,Units,_Z,2015.0,1.0,2.0
DATAFLOW,OECD.ENV.EPI:DSD_GG@DF_GREEN_GROWTH(1.1),Green Growth,I,MYS,Malaysia,A,Annual,LTAX,PT_B1GQ,Percentage of GDP,_T,Total - all activities,2017,2.37,E,Estimated value,0,Units,_Z,2015.0,1.0,2.0
DATAFLOW,OECD.ENV.EPI:DSD_GG@DF_GREEN_GROWTH(1.1),Green Growth,I,MYS,Malaysia,A,Annual,LTAX,PT_B1GQ,Percentage of GDP,_T,Total - all activities,2016,2.46,E,Estimated value,0,Units,_Z,2015.0,1.0,2.0
DATAFLOW,OECD.ENV.EPI:DSD_GG@DF_GREEN_GROWTH(1.1),Green Growth,I,MYS,Malaysia,A,Annual,LTAX,PT_B1GQ,Percentage of GDP,_T,Total - all activities,2015,2.48,E,Estimated value,0,Units,_Z,2015.0,1.0,2.0
DATAFLOW,OECD.ENV.EPI:DSD_GG@DF_GREEN_GROWTH(1.1),Green Growth,I,MYS,Malaysia,A,Annual,LTAX,PT_B1GQ,Percentage of GDP,_T,Total - all activities,2014,2.45,E,Estimated value,0,Units,_Z,2015.0,1.0,2.0
DATAFLOW,OECD.ENV.EPI:DSD_GG@DF_GREEN_GROWTH(1.1),Green Growth,I,MYS,Malaysia,A,Annual,LTAX,PT_B1GQ,Percentage of GDP,_T,Total - all activities,2013,2.51,E,Estimated value,0,Units,_Z,2015.0,1.0,2.0
DATAFLOW,OECD.ENV.EPI:DSD_GG@DF_GREEN_GROWTH(1.1),Green Growth,I,MYS,Malaysia,A,Annual,LTAX,PT_B1GQ,Percentage of GDP,_T,Total - all activities,2012,2.61,E,Estimated value,0,Units,_Z,2015.0,1.0,2.0
DATAFLOW,OECD.ENV.EPI:DSD_GG@DF_GREEN_GROWTH(1.1),Green Growth,I,MYS,Malaysia,A,Annual,LTAX,PT_B1GQ,Percentage of GDP,_T,Total - all activities,2011,2.45,E,Estimated value,0,Units,_Z,2015.0,1.0,2.0
DATAFLOW,OECD.ENV.EPI:DSD_GG@DF_GREEN_GROWTH(1.1),Green Growth,I,MYS,Malaysia,A,Annual,LTAX,PT_B1GQ,Percentage of GDP,_T,Total - all activities,2010,2.41,E,Estimated value,0,Units,_Z,2015.0,1.0,2.0
DATAFLOW,OECD.ENV.EPI:DSD_GG@DF_GREEN_GROWTH(1.1),Green Growth,I,MYS,Malaysia,A,Annual,LTAX,PT_B1GQ,Percentage of GDP,_T,Total - all activities,2009,2.45,E,Estimated value,0,Units,_Z,2015.0,1.0,2.0
DATAFLOW,OECD.ENV.EPI:DSD_GG@DF_GREEN_GROWTH(1.1),Green Growth,I,MYS,Malaysia,A,Annual,SOC,_X,Unspecified,_T,Total - all activities,2006,9.675,A,Normal value,0,Units,,2015.0,2.0,2.0
DATAFLOW,OECD.ENV.EPI:DSD_GG@DF_GREEN_GROWTH(1.1),Green Growth,I,MYS,Malaysia,A,Annual,SOC,_X,Unspecified,_T,Total - all activities,2005,9.675,A,Normal value,0,Units,,2015.0,2.0,2.0
DATAFLOW,OECD.ENV.EPI:DSD_GG@DF_GREEN_GROWTH(1.1),Green Growth,I,MYS,Malaysia,A,Annual,SOC,_X,Unspecified,_T,Total - all activities,2004,9.675,A,Normal value,0,Units,,2015.0,2.0,2.0
DATAFLOW,OECD.ENV.EPI:DSD_GG@DF_GREEN_GROWTH(1.1),Green Growth,I,MYS,Malaysia,A,Annual,SOC,_X,Unspecified,_T,Total - all activities,2003,9.675,A,Normal value,0,Units,,2015.0,2.0,2.0
DATAFLOW,OECD.ENV.EPI:DSD_GG@DF_GREEN_GROWTH(1.1),Green Growth,I,MYS,Malaysia,A,Annual,SOC,_X,Unspecified,_T,Total - all activities,2002,9.675,A,Normal value,0,Units,,2015.0,2.0,2.0
DATAFLOW,OECD.ENV.EPI:DSD_GG@DF_GREEN_GROWTH(1.1),Green Growth,I,MYS,Malaysia,A,Annual,SOC,_X,Unspecified,_T,Total - all activities,2001,9.675,A,Normal value,0,Units,,2015.0,2.0,2.0
DATAFLOW,OECD.ENV.EPI:DSD_GG@DF_GREEN_GROWTH(1.1),Green Growth,I,MYS,Malaysia,A,Annual,SOC,_X,Unspecified,_T,Total - all activities,2000,9.675,A,Normal value,0,Units,,2015.0,2.0,2.0
DATAFLOW,OECD.ENV.EPI:DSD_GG@DF_GREEN_GROWTH(1.1),Green Growth,I,MYS,Malaysia,A,Annual,SOC,_X,Unspecified,_T,Total - all activities,2022,9.675,A,Normal value,0,Units,,2015.0,2.0,2.0
DATAFLOW,OECD.ENV.EPI:DSD_GG@DF_GREEN_GROWTH(1.1),Green Growth,I,MYS,Malaysia,A,Annual,SOC,_X,Unspecified,_T,Total - all activities,2021,9.675,A,Normal value,0,Units,,2015.0,2.0,2.0
DATAFLOW,OECD.ENV.EPI:DSD_GG@DF_GREEN_GROWTH(1.1),Green Growth,I,MYS,Malaysia,A,Annual,SOC,_X,Unspecified,_T,Total - all activities,2020,9.675,A,Normal value,0,Units,,2015.0,2.0,2.0
DATAFLOW,OECD.ENV.EPI:DSD_GG@DF_GREEN_GROWTH(1.1),Green Growth,I,MYS,Malaysia,A,Annual,SOC,_X,Unspecified,_T,Total - all activities,2019,9.675,A,Normal value,0,Units,,2015.0,2.0,2.0
DATAFLOW,OECD.ENV.EPI:DSD_GG@DF_GREEN_GROWTH(1.1),Green Growth,I,MYS,Malaysia,A,Annual,SOC,_X,Unspecified,_T,Total - all activities,2018,9.675,A,Normal value,0,Units,,2015.0,2.0,2.0
DATAFLOW,OECD.ENV.EPI:DSD_GG@DF_GREEN_GROWTH(1.1),Green Growth,I,MYS,Malaysia,A,Annual,SOC,_X,Unspecified,_T,Total - all activities,2017,9.675,A,Normal value,0,Units,,2015.0,2.0,2.0
DATAFLOW,OECD.ENV.EPI:DSD_GG@DF_GREEN_GROWTH(1.1),Green Growth,I,MYS,Malaysia,A,Annual,SOC,_X,Unspecified,_T,Total - all activities,2016,9.675,A,Normal value,0,Units,,2015.0,2.0,2.0
DATAFLOW,OECD.ENV.EPI:DSD_GG@DF_GREEN_GROWTH(1.1),Green Growth,I,MYS,Malaysia,A,Annual,SOC,_X,Unspecified,_T,Total - all activities,2015,9.675,A,Normal value,0,Units,,2015.0,2.0,2.0
DATAFLOW,OECD.ENV.EPI:DSD_GG@DF_GREEN_GROWTH(1.1),Green Growth,I,MYS,Malaysia,A,Annual,SOC,_X,Unspecified,_T,Total - all activities,2014,9.675,A,Normal value,0,Units,,2015.0,2.0,2.0
DATAFLOW,OECD.ENV.EPI:DSD_GG@DF_GREEN_GROWTH(1.1),Green Growth,I,MYS,Malaysia,A,Annual,SOC,_X,Unspecified,_T,Total - all activities,2013,9.675,A,Normal value,0,Units,,2015.0,2.0,2.0
DATAFLOW,OECD.ENV.EPI:DSD_GG@DF_GREEN_GROWTH(1.1),Green Growth,I,MYS,Malaysia,A,Annual,SOC,_X,Unspecified,_T,Total - all activities,2012,9.675,A,Normal value,0,Units,,2015.0,2.0,2.0
DATAFLOW,OECD.ENV.EPI:DSD_GG@DF_GREEN_GROWTH(1.1),Green Growth,I,MYS,Malaysia,A,Annual,SOC,_X,Unspecified,_T,Total - all activities,2011,9.675,A,Normal value,0,Units,,2015.0,2.0,2.0
DATAFLOW,OECD.ENV.EPI:DSD_GG@DF_GREEN_GROWTH(1.1),Green Growth,I,MYS,Malaysia,A,Annual,SOC,_X,Unspecified,_T,Total - all activities,2010,9.675,A,Normal value,0,Units,,2015.0,2.0,2.0
DATAFLOW,OECD.ENV.EPI:DSD_GG@DF_GREEN_GROWTH(1.1),Green Growth,I,MYS,Malaysia,A,Annual,SOC,_X,Unspecified,_T,Total - all activities,2009,9.675,A,Normal value,0,Units,,2015.0,2.0,2.0
DATAFLOW,OECD.ENV.EPI:DSD_GG@DF_GREEN_GROWTH(1.1),Green Growth,I,MYS,Malaysia,A,Annual,SOC,_X,Unspecified,_T,Total - all activities,2008,9.675,A,Normal value,0,Units,,2015.0,2.0,2.0
DATAFLOW,OECD.ENV.EPI:DSD_GG@DF_GREEN_GROWTH(1.1),Green Growth,I,MYS,Malaysia,A,Annual,FIT_WIND,USD_KWH,US dollars per kilowatt hour,_T,Total - all activities,2000,0.0,A,Normal value,0,Units,_Z,2015.0,3.0,2.0
DATAFLOW,OECD.ENV.EPI:DSD_GG@DF_GREEN_GROWTH(1.1),Green Growth,I,MYS,Malaysia,A,Annual,FIT_WIND,USD_KWH,US dollars per kilowatt hour,_T,Total - all activities,2014,0.0,A,Normal value,0,Units,_Z,2015.0,3.0,2.0
DATAFLOW,OECD.ENV.EPI:DSD_GG@DF_GREEN_GROWTH(1.1),Green Growth,I,MYS,Malaysia,A,Annual,FIT_WIND,USD_KWH,US dollars per kilowatt hour,_T,Total - all activities,2013,0.0,A,Normal value,0,Units,_Z,2015.0,3.0,2.0
DATAFLOW,OECD.ENV.EPI:DSD_GG@DF_GREEN_GROWTH(1.1),Green Growth,I,MYS,Malaysia,A,Annual,FIT_WIND,USD_KWH,US dollars per kilowatt hour,_T,Total - all activities,2012,0.0,A,Normal value,0,Units,_Z,2015.0,3.0,2.0
DATAFLOW,OECD.ENV.EPI:DSD_GG@DF_GREEN_GROWTH(1.1),Green Growth,I,MYS,Malaysia,A,Annual,FIT_WIND,USD_KWH,US dollars per kilowatt hour,_T,Total - all activities,2011,0.0,A,Normal value,0,Units,_Z,2015.0,3.0,2.0
DATAFLOW,OECD.ENV.EPI:DSD_GG@DF_GREEN_GROWTH(1.1),Green Growth,I,MYS,Malaysia,A,Annual,FIT_WIND,USD_KWH,US dollars per kilowatt hour,_T,Total - all activities,2010,0.0,A,Normal value,0,Units,_Z,2015.0,3.0,2.0
DATAFLOW,OECD.ENV.EPI:DSD_GG@DF_GREEN_GROWTH(1.1),Green Growth,I,MYS,Malaysia,A,Annual,FIT_WIND,USD_KWH,US dollars per kilowatt hour,_T,Total - all activities,2009,0.0,A,Normal value,0,Units,_Z,2015.0,3.0,2.0
DATAFLOW,OECD.ENV.EPI:DSD_GG@DF_GREEN_GROWTH(1.1),Green Growth,I,MYS,Malaysia,A,Annual,FIT_WIND,USD_KWH,US dollars per kilowatt hour,_T,Total - all activities,2008,0.0,A,Normal value,0,Units,_Z,2015.0,3.0,2.0
DATAFLOW,OECD.ENV.EPI:DSD_GG@DF_GREEN_GROWTH(1.1),Green Growth,I,MYS,Malaysia,A,Annual,FIT_WIND,USD_KWH,US dollars per kilowatt hour,_T,Total - all activities,2007,0.0,A,Normal value,0,Units,_Z,2015.0,3.0,2.0
DATAFLOW,OECD.ENV.EPI:DSD_GG@DF_GREEN_GROWTH(1.1),Green Growth,I,MYS,Malaysia,A,Annual,FIT_WIND,USD_KWH,US dollars per kilowatt hour,_T,Total - all activities,2006,0.0,A,Normal value,0,Units,_Z,2015.0,3.0,2.0
DATAFLOW,OECD.ENV.EPI:DSD_GG@DF_GREEN_GROWTH(1.1),Green Growth,I,MYS,Malaysia,A,Annual,FIT_WIND,USD_KWH,US dollars per kilowatt hour,_T,Total - all activities,2005,0.0,A,Normal value,0,Units,_Z,2015.0,3.0,2.0
DATAFLOW,OECD.ENV.EPI:DSD_GG@DF_GREEN_GROWTH(1.1),Green Growth,I,MYS,Malaysia,A,Annual,FIT_WIND,USD_KWH,US dollars per kilowatt hour,_T,Total - all activities,2004,0.0,A,Normal value,0,Units,_Z,2015.0,3.0,2.0
DATAFLOW,OECD.ENV.EPI:DSD_GG@DF_GREEN_GROWTH(1.1),Green Growth,I,MYS,Malaysia,A,Annual,FIT_WIND,USD_KWH,US dollars per kilowatt hour,_T,Total - all activities,2003,0.0,A,Normal value,0,Units,_Z,2015.0,3.0,2.0
DATAFLOW,OECD.ENV.EPI:DSD_GG@DF_GREEN_GROWTH(1.1),Green Growth,I,MYS,Malaysia,A,Annual,FIT_WIND,USD_KWH,US dollars per kilowatt hour,_T,Total - all activities,2002,0.0,A,Normal value,0,Units,_Z,2015.0,3.0,2.0
DATAFLOW,OECD.ENV.EPI:DSD_GG@DF_GREEN_GROWTH(1.1),Green Growth,I,MYS,Malaysia,A,Annual,PM_SPEX10,PT_POP,Percentage of population,_T,Total - all activities,2015,99.31,A,Normal value,0,Units,_Z,2015.0,3.0,2.0
DATAFLOW,OECD.ENV.EPI:DSD_GG@DF_GREEN_GROWTH(1.1),Green Growth,I,MYS,Malaysia,A,Annual,PM_SPEX10,PT_POP,Percentage of population,_T,Total - all activities,2014,97.98,A,Normal value,0,Units,_Z,2015.0,3.0,2.0
DATAFLOW,OECD.ENV.EPI:DSD_GG@DF_GREEN_GROWTH(1.1),Green Growth,I,MYS,Malaysia,A,Annual,PM_SPEX10,PT_POP,Percentage of population,_T,Total - all activities,2013,99.65,A,Normal value,0,Units,_Z,2015.0,3.0,2.0
DATAFLOW,OECD.ENV.EPI:DSD_GG@DF_GREEN_GROWTH(1.1),Green Growth,I,MYS,Malaysia,A,Annual,PM_SPEX10,PT_POP,Percentage of population,_T,Total - all activities,2012,99.39,A,Normal value,0,Units,_Z,2015.0,3.0,2.0
DATAFLOW,OECD.ENV.EPI:DSD_GG@DF_GREEN_GROWTH(1.1),Green Growth,I,MYS,Malaysia,A,Annual,PM_SPEX10,PT_POP,Percentage of population,_T,Total - all activities,2011,98.96,A,Normal value,0,Units,_Z,2015.0,3.0,2.0
DATAFLOW,OECD.ENV.EPI:DSD_GG@DF_GREEN_GROWTH(1.1),Green Growth,I,MYS,Malaysia,A,Annual,PM_SPEX10,PT_POP,Percentage of population,_T,Total - all activities,2010,99.7,A,Normal value,0,Units,_Z,2015.0,3.0,2.0
DATAFLOW,OECD.ENV.EPI:DSD_GG@DF_GREEN_GROWTH(1.1),Green Growth,I,MYS,Malaysia,A,Annual,PM_SPEX10,PT_POP,Percentage of population,_T,Total - all activities,2005,99.67,A,Normal value,0,Units,_Z,2015.0,3.0,2.0
DATAFLOW,OECD.ENV.EPI:DSD_GG@DF_GREEN_GROWTH(1.1),Green Growth,I,MYS,Malaysia,A,Annual,PM_SPEX10,PT_POP,Percentage of population,_T,Total - all activities,2000,99.42,A,Normal value,0,Units,_Z,2015.0,3.0,2.0
DATAFLOW,OECD.ENV.EPI:DSD_GG@DF_GREEN_GROWTH(1.1),Green Growth,I,MYS,Malaysia,A,Annual,PM_SPEX10,PT_POP,Percentage of population,_T,Total - all activities,2019,97.16,A,Normal value,0,Units,_Z,2015.0,3.0,2.0
DATAFLOW,OECD.ENV.EPI:DSD_GG@DF_GREEN_GROWTH(1.1),Green Growth,I,MYS,Malaysia,A,Annual,PM_SPEX10,PT_POP,Percentage of population,_T,Total - all activities,2018,97.14,A,Normal value,0,Units,_Z,2015.0,3.0,2.0
DATAFLOW,OECD.ENV.EPI:DSD_GG@DF_GREEN_GROWTH(1.1),Green Growth,I,MYS,Malaysia,A,Annual,PM_SPEX10,PT_POP,Percentage of population,_T,Total - all activities,2017,95.73,A,Normal value,0,Units,_Z,2015.0,3.0,2.0
DATAFLOW,OECD.ENV.EPI:DSD_GG@DF_GREEN_GROWTH(1.1),Green Growth,I,MYS,Malaysia,A,Annual,ENVTAXTRANS,_X,Unspecified,_T,Total - all activities,2009,9.675,A,Normal value,0,Units,,2015.0,2.0,2.0
DATAFLOW,OECD.ENV.EPI:DSD_GG@DF_GREEN_GROWTH(1.1),Green Growth,I,MYS,Malaysia,A,Annual,ENVTAXTRANS,_X,Unspecified,_T,Total - all activities,2008,9.675,A,Normal value,0,Units,,2015.0,2.0,2.0
DATAFLOW,OECD.ENV.EPI:DSD_GG@DF_GREEN_GROWTH(1.1),Green Growth,I,MYS,Malaysia,A,Annual,ENVTAXTRANS,_X,Unspecified,_T,Total - all activities,2007,9.675,A,Normal value,0,Units,,2015.0,2.0,2.0
DATAFLOW,OECD.ENV.EPI:DSD_GG@DF_GREEN_GROWTH(1.1),Green Growth,I,MYS,Malaysia,A,Annual,ENVTAXTRANS,_X,Unspecified,_T,Total - all activities,2006,9.675,A,Normal value,0,Units,,2015.0,2.0,2.0
DATAFLOW,OECD.ENV.EPI:DSD_GG@DF_GREEN_GROWTH(1.1),Green Growth,I,MYS,Malaysia,A,Annual,ENVTAXTRANS,_X,Unspecified,_T,Total - all activities,2005,9.675,A,Normal value,0,Units,,2015.0,2.0,2.0
DATAFLOW,OECD.ENV.EPI:DSD_GG@DF_GREEN_GROWTH(1.1),Green Growth,I,MYS,Malaysia,A,Annual,ENVTAXTRANS,_X,Unspecified,_T,Total - all activities,2004,9.675,A,Normal value,0,Units,,2015.0,2.0,2.0
DATAFLOW,OECD.ENV.EPI:DSD_GG@DF_GREEN_GROWTH(1.1),Green Growth,I,MYS,Malaysia,A,Annual,ENVTAXTRANS,_X,Unspecified,_T,Total - all activities,2003,9.675,A,Normal value,0,Units,,2015.0,2.0,2.0
DATAFLOW,OECD.ENV.EPI:DSD_GG@DF_GREEN_GROWTH(1.1),Green Growth,I,MYS,Malaysia,A,Annual,ENVTAXTRANS,_X,Unspecified,_T,Total - all activities,2002,9.675,A,Normal value,0,Units,,2015.0,2.0,2.0
DATAFLOW,OECD.ENV.EPI:DSD_GG@DF_GREEN_GROWTH(1.1),Green Growth,I,MYS,Malaysia,A,Annual,ENVTAXTRANS,_X,Unspecified,_T,Total - all activities,2001,9.675,A,Normal value,0,Units,,2015.0,2.0,2.0
DATAFLOW,OECD.ENV.EPI:DSD_GG@DF_GREEN_GROWTH(1.1),Green Growth,I,MYS,Malaysia,A,Annual,ENVTAXTRANS,_X,Unspecified,_T,Total - all activities,2000,9.675,A,Normal value,0,Units,,2015.0,2.0,2.0
DATAFLOW,OECD.ENV.EPI:DSD_GG@DF_GREEN_GROWTH(1.1),Green Growth,I,MYS,Malaysia,A,Annual,ENVTAXTRANS,_X,Unspecified,_T,Total - all activities,2022,9.675,A,Normal value,0,Units,,2015.0,2.0,2.0
DATAFLOW,OECD.ENV.EPI:DSD_GG@DF_GREEN_GROWTH(1.1),Green Growth,I,MYS,Malaysia,A,Annual,ENVTAXTRANS,_X,Unspecified,_T,Total - all activities,2021,9.675,A,Normal value,0,Units,,2015.0,2.0,2.0
DATAFLOW,OECD.ENV.EPI:DSD_GG@DF_GREEN_GROWTH(1.1),Green Growth,I,MYS,Malaysia,A,Annual,ENVTAXTRANS,_X,Unspecified,_T,Total - all activities,2020,9.675,A,Normal value,0,Units,,2015.0,2.0,2.0
DATAFLOW,OECD.ENV.EPI:DSD_GG@DF_GREEN_GROWTH(1.1),Green Growth,I,MYS,Malaysia,A,Annual,ENVTAXTRANS,_X,Unspecified,_T,Total - all activities,2019,9.675,A,Normal value,0,Units,,2015.0,2.0,2.0
DATAFLOW,OECD.ENV.EPI:DSD_GG@DF_GREEN_GROWTH(1.1),Green Growth,I,MYS,Malaysia,A,Annual,ENVTAXTRANS,_X,Unspecified,_T,Total - all activities,2018,9.675,A,Normal value,0,Units,,2015.0,2.0,2.0
DATAFLOW,OECD.ENV.EPI:DSD_GG@DF_GREEN_GROWTH(1.1),Green Growth,I,MYS,Malaysia,A,Annual,ENVTAXTRANS,_X,Unspecified,_T,Total - all activities,2017,9.675,A,Normal value,0,Units,,2015.0,2.0,2.0
DATAFLOW,OECD.ENV.EPI:DSD_GG@DF_GREEN_GROWTH(1.1),Green Growth,I,MYS,Malaysia,A,Annual,ENVTAXTRANS,_X,Unspecified,_T,Total - all activities,2016,9.675,A,Normal value,0,Units,,2015.0,2.0,2.0
DATAFLOW,OECD.ENV.EPI:DSD_GG@DF_GREEN_GROWTH(1.1),Green Growth,I,MYS,Malaysia,A,Annual,ENVTAXTRANS,_X,Unspecified,_T,Total - all activities,2015,9.675,A,Normal value,0,Units,,2015.0,2.0,2.0
DATAFLOW,OECD.ENV.EPI:DSD_GG@DF_GREEN_GROWTH(1.1),Green Growth,I,MYS,Malaysia,A,Annual,ENVTAXTRANS,_X,Unspecified,_T,Total - all activities,2014,9.675,A,Normal value,0,Units,,2015.0,2.0,2.0
DATAFLOW,OECD.ENV.EPI:DSD_GG@DF_GREEN_GROWTH(1.1),Green Growth,I,MYS,Malaysia,A,Annual,ENVTAXTRANS,_X,Unspecified,_T,Total - all activities,2013,9.675,A,Normal value,0,Units,,2015.0,2.0,2.0
DATAFLOW,OECD.ENV.EPI:DSD_GG@DF_GREEN_GROWTH(1.1),Green Growth,I,MYS,Malaysia,A,Annual,ENVTAXTRANS,_X,Unspecified,_T,Total - all activities,2012,9.675,A,Normal value,0,Units,,2015.0,2.0,2.0
DATAFLOW,OECD.ENV.EPI:DSD_GG@DF_GREEN_GROWTH(1.1),Green Growth,I,MYS,Malaysia,A,Annual,ENVTAXTRANS,_X,Unspecified,_T,Total - all activities,2011,9.675,A,Normal value,0,Units,,2015.0,2.0,2.0
DATAFLOW,OECD.ENV.EPI:DSD_GG@DF_GREEN_GROWTH(1.1),Green Growth,I,MYS,Malaysia,A,Annual,NRG,_X,Unspecified,HTN,Services,2009,9.675,A,Normal value,0,Units,,2015.0,2.0,2.0
DATAFLOW,OECD.ENV.EPI:DSD_GG@DF_GREEN_GROWTH(1.1),Green Growth,I,MYS,Malaysia,A,Annual,NRG,_X,Unspecified,HTN,Services,2008,9.675,A,Normal value,0,Units,,2015.0,2.0,2.0
DATAFLOW,OECD.ENV.EPI:DSD_GG@DF_GREEN_GROWTH(1.1),Green Growth,I,MYS,Malaysia,A,Annual,NRG,_X,Unspecified,HTN,Services,2007,9.675,A,Normal value,0,Units,,2015.0,2.0,2.0
DATAFLOW,OECD.ENV.EPI:DSD_GG@DF_GREEN_GROWTH(1.1),Green Growth,I,MYS,Malaysia,A,Annual,NRG,_X,Unspecified,HTN,Services,2006,9.675,A,Normal value,0,Units,,2015.0,2.0,2.0
DATAFLOW,OECD.ENV.EPI:DSD_GG@DF_GREEN_GROWTH(1.1),Green Growth,I,MYS,Malaysia,A,Annual,NRG,_X,Unspecified,HTN,Services,2005,9.675,A,Normal value,0,Units,,2015.0,2.0,2.0
DATAFLOW,OECD.ENV.EPI:DSD_GG@DF_GREEN_GROWTH(1.1),Green Growth,I,MYS,Malaysia,A,Annual,NRG,_X,Unspecified,HTN,Services,2004,9.675,A,Normal value,0,Units,,2015.0,2.0,2.0
DATAFLOW,OECD.ENV.EPI:DSD_GG@DF_GREEN_GROWTH(1.1),Green Growth,I,MYS,Malaysia,A,Annual,NRG,_X,Unspecified,HTN,Services,2003,9.675,A,Normal value,0,Units,,2015.0,2.0,2.0
DATAFLOW,OECD.ENV.EPI:DSD_GG@DF_GREEN_GROWTH(1.1),Green Growth,I,MYS,Malaysia,A,Annual,NRG,_X,Unspecified,HTN,Services,2002,9.675,A,Normal value,0,Units,,2015.0,2.0,2.0
DATAFLOW,OECD.ENV.EPI:DSD_GG@DF_GREEN_GROWTH(1.1),Green Growth,I,MYS,Malaysia,A,Annual,NRG,_X,Unspecified,HTN,Services,2001,9.675,A,Normal value,0,Units,,2015.0,2.0,2.0
DATAFLOW,OECD.ENV.EPI:DSD_GG@DF_GREEN_GROWTH(1.1),Green Growth,I,MYS,Malaysia,A,Annual,NRG,_X,Unspecified,HTN,Services,2000,9.675,A,Normal value,0,Units,,2015.0,2.0,2.0
DATAFLOW,OECD.ENV.EPI:DSD_GG@DF_GREEN_GROWTH(1.1),Green Growth,I,MYS,Malaysia,A,Annual,NRG,_X,Unspecified,HTN,Services,2022,9.675,A,Normal value,0,Units,,2015.0,2.0,2.0
DATAFLOW,OECD.ENV.EPI:DSD_GG@DF_GREEN_GROWTH(1.1),Green Growth,I,MYS,Malaysia,A,Annual,NRG,_X,Unspecified,HTN,Services,2021,9.675,A,Normal value,0,Units,,2015.0,2.0,2.0
DATAFLOW,OECD.ENV.EPI:DSD_GG@DF_GREEN_GROWTH(1.1),Green Growth,I,MYS,Malaysia,A,Annual,NRG,_X,Unspecified,HTN,Services,2020,9.675,A,Normal value,0,Units,,2015.0,2.0,2.0
DATAFLOW,OECD.ENV.EPI:DSD_GG@DF_GREEN_GROWTH(1.1),Green Growth,I,MYS,Malaysia,A,Annual,NRG,_X,Unspecified,HTN,Services,2019,9.675,A,Normal value,0,Units,,2015.0,2.0,2.0
DATAFLOW,OECD.ENV.EPI:DSD_GG@DF_GREEN_GROWTH(1.1),Green Growth,I,MYS,Malaysia,A,Annual,NRG,_X,Unspecified,HTN,Services,2018,9.675,A,Normal value,0,Units,,2015.0,2.0,2.0
DATAFLOW,OECD.ENV.EPI:DSD_GG@DF_GREEN_GROWTH(1.1),Green Growth,I,MYS,Malaysia,A,Annual,NRG,_X,Unspecified,HTN,Services,2017,9.675,A,Normal value,0,Units,,2015.0,2.0,2.0
DATAFLOW,OECD.ENV.EPI:DSD_GG@DF_GREEN_GROWTH(1.1),Green Growth,I,MYS,Malaysia,A,Annual,NRG,_X,Unspecified,HTN,Services,2016,9.675,A,Normal value,0,Units,,2015.0,2.0,2.0
DATAFLOW,OECD.ENV.EPI:DSD_GG@DF_GREEN_GROWTH(1.1),Green Growth,I,MYS,Malaysia,A,Annual,NRG,_X,Unspecified,HTN,Services,2015,9.675,A,Normal value,0,Units,,2015.0,2.0,2.0
DATAFLOW,OECD.ENV.EPI:DSD_GG@DF_GREEN_GROWTH(1.1),Green Growth,I,MYS,Malaysia,A,Annual,NRG,_X,Unspecified,HTN,Services,2014,9.675,A,Normal value,0,Units,,2015.0,2.0,2.0
DATAFLOW,OECD.ENV.EPI:DSD_GG@DF_GREEN_GROWTH(1.1),Green Growth,I,MYS,Malaysia,A,Annual,NRG,_X,Unspecified,HTN,Services,2013,9.675,A,Normal value,0,Units,,2015.0,2.0,2.0
DATAFLOW,OECD.ENV.EPI:DSD_GG@DF_GREEN_GROWTH(1.1),Green Growth,I,MYS,Malaysia,A,Annual,NRG,_X,Unspecified,HTN,Services,2012,9.675,A,Normal value,0,Units,,2015.0,2.0,2.0
DATAFLOW,OECD.ENV.EPI:DSD_GG@DF_GREEN_GROWTH(1.1),Green Growth,I,MYS,Malaysia,A,Annual,NRG,_X,Unspecified,HTN,Services,2011,9.675,A,Normal value,0,Units,,2015.0,2.0,2.0
DATAFLOW,OECD.ENV.EPI:DSD_GG@DF_GREEN_GROWTH(1.1),Green Growth,I,MYS,Malaysia,A,Annual,NRGC,PT_CONS_NRG,Percentage of energy consumption,BTE,Industry (except construction),2007,44.35,A,Normal value,0,Units,_Z,2015.0,1.0,2.0
DATAFLOW,OECD.ENV.EPI:DSD_GG@DF_GREEN_GROWTH(1.1),Green Growth,I,MYS,Malaysia,A,Annual,NRGC,PT_CONS_NRG,Percentage of energy consumption,BTE,Industry (except construction),2006,44.31,A,Normal value,0,Units,_Z,2015.0,1.0,2.0
DATAFLOW,OECD.ENV.EPI:DSD_GG@DF_GREEN_GROWTH(1.1),Green Growth,I,MYS,Malaysia,A,Annual,NRGC,PT_CONS_NRG,Percentage of energy consumption,BTE,Industry (except construction),2005,42.77,A,Normal value,0,Units,_Z,2015.0,1.0,2.0
DATAFLOW,OECD.ENV.EPI:DSD_GG@DF_GREEN_GROWTH(1.1),Green Growth,I,MYS,Malaysia,A,Annual,NRGC,PT_CONS_NRG,Percentage of energy consumption,BTE,Industry (except construction),2004,42.08,A,Normal value,0,Units,_Z,2015.0,1.0,2.0
DATAFLOW,OECD.ENV.EPI:DSD_GG@DF_GREEN_GROWTH(1.1),Green Growth,I,MYS,Malaysia,A,Annual,NRGC,PT_CONS_NRG,Percentage of energy consumption,BTE,Industry (except construction),2003,40.98,A,Normal value,0,Units,_Z,2015.0,1.0,2.0
DATAFLOW,OECD.ENV.EPI:DSD_GG@DF_GREEN_GROWTH(1.1),Green Growth,I,MYS,Malaysia,A,Annual,NRGC,PT_CONS_NRG,Percentage of energy consumption,BTE,Industry (except construction),2002,40.61,A,Normal value,0,Units,_Z,2015.0,1.0,2.0
DATAFLOW,OECD.ENV.EPI:DSD_GG@DF_GREEN_GROWTH(1.1),Green Growth,I,MYS,Malaysia,A,Annual,NRGC,PT_CONS_NRG,Percentage of energy consumption,BTE,Industry (except construction),2001,39.7,A,Normal value,0,Units,_Z,2015.0,1.0,2.0
DATAFLOW,OECD.ENV.EPI:DSD_GG@DF_GREEN_GROWTH(1.1),Green Growth,I,MYS,Malaysia,A,Annual,NRGC,PT_CONS_NRG,Percentage of energy consumption,BTE,Industry (except construction),2000,40.34,A,Normal value,0,Units,_Z,2015.0,1.0,2.0
DATAFLOW,OECD.ENV.EPI:DSD_GG@DF_GREEN_GROWTH(1.1),Green Growth,I,MYS,Malaysia,A,Annual,NRGC,PT_CONS_NRG,Percentage of energy consumption,BTE,Industry (except construction),2020,30.18,A,Normal value,0,Units,_Z,2015.0,1.0,2.0
DATAFLOW,OECD.ENV.EPI:DSD_GG@DF_GREEN_GROWTH(1.1),Green Growth,I,MYS,Malaysia,A,Annual,NRGC,PT_CONS_NRG,Percentage of energy consumption,BTE,Industry (except construction),2019,30.06,A,Normal value,0,Units,_Z,2015.0,1.0,2.0
DATAFLOW,OECD.ENV.EPI:DSD_GG@DF_GREEN_GROWTH(1.1),Green Growth,I,MYS,Malaysia,A,Annual,NRGC,PT_CONS_NRG,Percentage of energy consumption,BTE,Industry (except construction),2018,31.2,A,Normal value,0,Units,_Z,2015.0,1.0,2.0
DATAFLOW,OECD.ENV.EPI:DSD_GG@DF_GREEN_GROWTH(1.1),Green Growth,I,MYS,Malaysia,A,Annual,NRGC,PT_CONS_NRG,Percentage of energy consumption,BTE,Industry (except construction),2017,29.39,A,Normal value,0,Units,_Z,2015.0,1.0,2.0
DATAFLOW,OECD.ENV.EPI:DSD_GG@DF_GREEN_GROWTH(1.1),Green Growth,I,MYS,Malaysia,A,Annual,NRGC,PT_CONS_NRG,Percentage of energy consumption,BTE,Industry (except construction),2016,29.63,A,Normal value,0,Units,_Z,2015.0,1.0,2.0
DATAFLOW,OECD.ENV.EPI:DSD_GG@DF_GREEN_GROWTH(1.1),Green Growth,I,MYS,Malaysia,A,Annual,NRGC,PT_CONS_NRG,Percentage of energy consumption,BTE,Industry (except construction),2015,29.97,A,Normal value,0,Units,_Z,2015.0,1.0,2.0
DATAFLOW,OECD.ENV.EPI:DSD_GG@DF_GREEN_GROWTH(1.1),Green Growth,I,MYS,Malaysia,A,Annual,NRGC,PT_CONS_NRG,Percentage of energy consumption,BTE,Industry (except construction),2014,28.95,A,Normal value,0,Units,_Z,2015.0,1.0,2.0
DATAFLOW,OECD.ENV.EPI:DSD_GG@DF_GREEN_GROWTH(1.1),Green Growth,I,MYS,Malaysia,A,Annual,NRGC,PT_CONS_NRG,Percentage of energy consumption,BTE,Industry (except construction),2013,28.88,A,Normal value,0,Units,_Z,2015.0,1.0,2.0
DATAFLOW,OECD.ENV.EPI:DSD_GG@DF_GREEN_GROWTH(1.1),Green Growth,I,MYS,Malaysia,A,Annual,NRGC,PT_CONS_NRG,Percentage of energy consumption,BTE,Industry (except construction),2012,33.92,A,Normal value,0,Units,_Z,2015.0,1.0,2.0
DATAFLOW,OECD.ENV.EPI:DSD_GG@DF_GREEN_GROWTH(1.1),Green Growth,I,MYS,Malaysia,A,Annual,NRGC,PT_CONS_NRG,Percentage of energy consumption,BTE,Industry (except construction),2011,32.55,A,Normal value,0,Units,_Z,2015.0,1.0,2.0
DATAFLOW,OECD.ENV.EPI:DSD_GG@DF_GREEN_GROWTH(1.1),Green Growth,I,MYS,Malaysia,A,Annual,NRGC,PT_CONS_NRG,Percentage of energy consumption,BTE,Industry (except construction),2010,35.75,A,Normal value,0,Units,_Z,2015.0,1.0,2.0
DATAFLOW,OECD.ENV.EPI:DSD_GG@DF_GREEN_GROWTH(1.1),Green Growth,I,MYS,Malaysia,A,Annual,NRGC,PT_CONS_NRG,Percentage of energy consumption,BTE,Industry (except construction),2009,36.39,A,Normal value,0,Units,_Z,2015.0,1.0,2.0
DATAFLOW,OECD.ENV.EPI:DSD_GG@DF_GREEN_GROWTH(1.1),Green Growth,I,MYS,Malaysia,A,Annual,FPRICE_DIE,USD_PPP_L,"US dollars per litre, PPP converted",_T,Total - all activities,2007,1.23,A,Normal value,0,Units,Q,2015.0,1.0,2.0
DATAFLOW,OECD.ENV.EPI:DSD_GG@DF_GREEN_GROWTH(1.1),Green Growth,I,MYS,Malaysia,A,Annual,FPRICE_DIE,USD_PPP_L,"US dollars per litre, PPP converted",_T,Total - all activities,2006,1.22,A,Normal value,0,Units,Q,2015.0,1.0,2.0
DATAFLOW,OECD.ENV.EPI:DSD_GG@DF_GREEN_GROWTH(1.1),Green Growth,I,MYS,Malaysia,A,Annual,FPRICE_DIE,USD_PPP_L,"US dollars per litre, PPP converted",_T,Total - all activities,2005,0.89,A,Normal value,0,Units,Q,2015.0,1.0,2.0
DATAFLOW,OECD.ENV.EPI:DSD_GG@DF_GREEN_GROWTH(1.1),Green Growth,I,MYS,Malaysia,A,Annual,FPRICE_DIE,USD_PPP_L,"US dollars per litre, PPP converted",_T,Total - all activities,2004,0.67,A,Normal value,0,Units,Q,2015.0,1.0,2.0
DATAFLOW,OECD.ENV.EPI:DSD_GG@DF_GREEN_GROWTH(1.1),Green Growth,I,MYS,Malaysia,A,Annual,FPRICE_DIE,USD_PPP_L,"US dollars per litre, PPP converted",_T,Total - all activities,2003,0.65,A,Normal value,0,Units,Q,2015.0,1.0,2.0
DATAFLOW,OECD.ENV.EPI:DSD_GG@DF_GREEN_GROWTH(1.1),Green Growth,I,MYS,Malaysia,A,Annual,FPRICE_DIE,USD_PPP_L,"US dollars per litre, PPP converted",_T,Total - all activities,2002,0.62,A,Normal value,0,Units,Q,2015.0,1.0,2.0
DATAFLOW,OECD.ENV.EPI:DSD_GG@DF_GREEN_GROWTH(1.1),Green Growth,I,MYS,Malaysia,A,Annual,FPRICE_DIE,USD_PPP_L,"US dollars per litre, PPP converted",_T,Total - all activities,2001,0.63,A,Normal value,0,Units,Q,2015.0,1.0,2.0
DATAFLOW,OECD.ENV.EPI:DSD_GG@DF_GREEN_GROWTH(1.1),Green Growth,I,MYS,Malaysia,A,Annual,FPRICE_DIE,USD_PPP_L,"US dollars per litre, PPP converted",_T,Total - all activities,2000,0.59,A,Normal value,0,Units,Q,2015.0,1.0,2.0
DATAFLOW,OECD.ENV.EPI:DSD_GG@DF_GREEN_GROWTH(1.1),Green Growth,I,MYS,Malaysia,A,Annual,FPRICE_DIE,USD_PPP_L,"US dollars per litre, PPP converted",_T,Total - all activities,2021,1.25,A,Normal value,0,Units,Q,2015.0,1.0,2.0
DATAFLOW,OECD.ENV.EPI:DSD_GG@DF_GREEN_GROWTH(1.1),Green Growth,I,MYS,Malaysia,A,Annual,FPRICE_DIE,USD_PPP_L,"US dollars per litre, PPP converted",_T,Total - all activities,2020,1.08,A,Normal value,0,Units,Q,2015.0,1.0,2.0
DATAFLOW,OECD.ENV.EPI:DSD_GG@DF_GREEN_GROWTH(1.1),Green Growth,I,MYS,Malaysia,A,Annual,FPRICE_DIE,USD_PPP_L,"US dollars per litre, PPP converted",_T,Total - all activities,2019,1.29,A,Normal value,0,Units,Q,2015.0,1.0,2.0
DATAFLOW,OECD.ENV.EPI:DSD_GG@DF_GREEN_GROWTH(1.1),Green Growth,I,MYS,Malaysia,A,Annual,FPRICE_DIE,USD_PPP_L,"US dollars per litre, PPP converted",_T,Total - all activities,2018,1.31,A,Normal value,0,Units,Q,2015.0,1.0,2.0
DATAFLOW,OECD.ENV.EPI:DSD_GG@DF_GREEN_GROWTH(1.1),Green Growth,I,MYS,Malaysia,A,Annual,FPRICE_DIE,USD_PPP_L,"US dollars per litre, PPP converted",_T,Total - all activities,2017,1.26,A,Normal value,0,Units,Q,2015.0,1.0,2.0
DATAFLOW,OECD.ENV.EPI:DSD_GG@DF_GREEN_GROWTH(1.1),Green Growth,I,MYS,Malaysia,A,Annual,FPRICE_DIE,USD_PPP_L,"US dollars per litre, PPP converted",_T,Total - all activities,2016,1.02,A,Normal value,0,Units,Q,2015.0,1.0,2.0
DATAFLOW,OECD.ENV.EPI:DSD_GG@DF_GREEN_GROWTH(1.1),Green Growth,I,MYS,Malaysia,A,Annual,FPRICE_DIE,USD_PPP_L,"US dollars per litre, PPP converted",_T,Total - all activities,2015,1.22,A,Normal value,0,Units,Q,2015.0,1.0,2.0
DATAFLOW,OECD.ENV.EPI:DSD_GG@DF_GREEN_GROWTH(1.1),Green Growth,I,MYS,Malaysia,A,Annual,FPRICE_DIE,USD_PPP_L,"US dollars per litre, PPP converted",_T,Total - all activities,2014,1.34,A,Normal value,0,Units,Q,2015.0,1.0,2.0
DATAFLOW,OECD.ENV.EPI:DSD_GG@DF_GREEN_GROWTH(1.1),Green Growth,I,MYS,Malaysia,A,Annual,FPRICE_DIE,USD_PPP_L,"US dollars per litre, PPP converted",_T,Total - all activities,2013,1.21,A,Normal value,0,Units,Q,2015.0,1.0,2.0
DATAFLOW,OECD.ENV.EPI:DSD_GG@DF_GREEN_GROWTH(1.1),Green Growth,I,MYS,Malaysia,A,Annual,FPRICE_DIE,USD_PPP_L,"US dollars per litre, PPP converted",_T,Total - all activities,2012,1.23,A,Normal value,0,Units,Q,2015.0,1.0,2.0
DATAFLOW,OECD.ENV.EPI:DSD_GG@DF_GREEN_GROWTH(1.1),Green Growth,I,MYS,Malaysia,A,Annual,FPRICE_DIE,USD_PPP_L,"US dollars per litre, PPP converted",_T,Total - all activities,2011,1.26,A,Normal value,0,Units,Q,2015.0,1.0,2.0
DATAFLOW,OECD.ENV.EPI:DSD_GG@DF_GREEN_GROWTH(1.1),Green Growth,I,MYS,Malaysia,A,Annual,FPRICE_DIE,USD_PPP_L,"US dollars per litre, PPP converted",_T,Total - all activities,2010,1.24,A,Normal value,0,Units,Q,2015.0,1.0,2.0
DATAFLOW,OECD.ENV.EPI:DSD_GG@DF_GREEN_GROWTH(1.1),Green Growth,I,MYS,Malaysia,A,Annual,FPRICE_DIE,USD_PPP_L,"US dollars per litre, PPP converted",_T,Total - all activities,2009,1.24,A,Normal value,0,Units,Q,2015.0,1.0,2.0
DATAFLOW,OECD.ENV.EPI:DSD_GG@DF_GREEN_GROWTH(1.1),Green Growth,I,MYS,Malaysia,A,Annual,ENVQOL,_X,Unspecified,_T,Total - all activities,2009,9.675,A,Normal value,0,Units,,2015.0,2.0,2.0
DATAFLOW,OECD.ENV.EPI:DSD_GG@DF_GREEN_GROWTH(1.1),Green Growth,I,MYS,Malaysia,A,Annual,ENVQOL,_X,Unspecified,_T,Total - all activities,2008,9.675,A,Normal value,0,Units,,2015.0,2.0,2.0
DATAFLOW,OECD.ENV.EPI:DSD_GG@DF_GREEN_GROWTH(1.1),Green Growth,I,MYS,Malaysia,A,Annual,ENVQOL,_X,Unspecified,_T,Total - all activities,2007,9.675,A,Normal value,0,Units,,2015.0,2.0,2.0
DATAFLOW,OECD.ENV.EPI:DSD_GG@DF_GREEN_GROWTH(1.1),Green Growth,I,MYS,Malaysia,A,Annual,ENVQOL,_X,Unspecified,_T,Total - all activities,2006,9.675,A,Normal value,0,Units,,2015.0,2.0,2.0
DATAFLOW,OECD.ENV.EPI:DSD_GG@DF_GREEN_GROWTH(1.1),Green Growth,I,MYS,Malaysia,A,Annual,ENVQOL,_X,Unspecified,_T,Total - all activities,2005,9.675,A,Normal value,0,Units,,2015.0,2.0,2.0
DATAFLOW,OECD.ENV.EPI:DSD_GG@DF_GREEN_GROWTH(1.1),Green Growth,I,MYS,Malaysia,A,Annual,ENVQOL,_X,Unspecified,_T,Total - all activities,2004,9.675,A,Normal value,0,Units,,2015.0,2.0,2.0
DATAFLOW,OECD.ENV.EPI:DSD_GG@DF_GREEN_GROWTH(1.1),Green Growth,I,MYS,Malaysia,A,Annual,ENVQOL,_X,Unspecified,_T,Total - all activities,2003,9.675,A,Normal value,0,Units,,2015.0,2.0,2.0
DATAFLOW,OECD.ENV.EPI:DSD_GG@DF_GREEN_GROWTH(1.1),Green Growth,I,MYS,Malaysia,A,Annual,ENVQOL,_X,Unspecified,_T,Total - all activities,2002,9.675,A,Normal value,0,Units,,2015.0,2.0,2.0
DATAFLOW,OECD.ENV.EPI:DSD_GG@DF_GREEN_GROWTH(1.1),Green Growth,I,MYS,Malaysia,A,Annual,ENVQOL,_X,Unspecified,_T,Total - all activities,2001,9.675,A,Normal value,0,Units,,2015.0,2.0,2.0
DATAFLOW,OECD.ENV.EPI:DSD_GG@DF_GREEN_GROWTH(1.1),Green Growth,I,MYS,Malaysia,A,Annual,ENVQOL,_X,Unspecified,_T,Total - all activities,2000,9.675,A,Normal value,0,Units,,2015.0,2.0,2.0
DATAFLOW,OECD.ENV.EPI:DSD_GG@DF_GREEN_GROWTH(1.1),Green Growth,I,MYS,Malaysia,A,Annual,ENVQOL,_X,Unspecified,_T,Total - all activities,2022,9.675,A,Normal value,0,Units,,2015.0,2.0,2.0
DATAFLOW,OECD.ENV.EPI:DSD_GG@DF_GREEN_GROWTH(1.1),Green Growth,I,MYS,Malaysia,A,Annual,ENVQOL,_X,Unspecified,_T,Total - all activities,2021,9.675,A,Normal value,0,Units,,2015.0,2.0,2.0
DATAFLOW,OECD.ENV.EPI:DSD_GG@DF_GREEN_GROWTH(1.1),Green Growth,I,MYS,Malaysia,A,Annual,ENVQOL,_X,Unspecified,_T,Total - all activities,2020,9.675,A,Normal value,0,Units,,2015.0,2.0,2.0
DATAFLOW,OECD.ENV.EPI:DSD_GG@DF_GREEN_GROWTH(1.1),Green Growth,I,MYS,Malaysia,A,Annual,ENVQOL,_X,Unspecified,_T,Total - all activities,2019,9.675,A,Normal value,0,Units,,2015.0,2.0,2.0
DATAFLOW,OECD.ENV.EPI:DSD_GG@DF_GREEN_GROWTH(1.1),Green Growth,I,MYS,Malaysia,A,Annual,ENVQOL,_X,Unspecified,_T,Total - all activities,2018,9.675,A,Normal value,0,Units,,2015.0,2.0,2.0
DATAFLOW,OECD.ENV.EPI:DSD_GG@DF_GREEN_GROWTH(1.1),Green Growth,I,MYS,Malaysia,A,Annual,ENVQOL,_X,Unspecified,_T,Total - all activities,2017,9.675,A,Normal value,0,Units,,2015.0,2.0,2.0
DATAFLOW,OECD.ENV.EPI:DSD_GG@DF_GREEN_GROWTH(1.1),Green Growth,I,MYS,Malaysia,A,Annual,ENVQOL,_X,Unspecified,_T,Total - all activities,2016,9.675,A,Normal value,0,Units,,2015.0,2.0,2.0
DATAFLOW,OECD.ENV.EPI:DSD_GG@DF_GREEN_GROWTH(1.1),Green Growth,I,MYS,Malaysia,A,Annual,ENVQOL,_X,Unspecified,_T,Total - all activities,2015,9.675,A,Normal value,0,Units,,2015.0,2.0,2.0
DATAFLOW,OECD.ENV.EPI:DSD_GG@DF_GREEN_GROWTH(1.1),Green Growth,I,MYS,Malaysia,A,Annual,ENVQOL,_X,Unspecified,_T,Total - all activities,2014,9.675,A,Normal value,0,Units,,2015.0,2.0,2.0
DATAFLOW,OECD.ENV.EPI:DSD_GG@DF_GREEN_GROWTH(1.1),Green Growth,I,MYS,Malaysia,A,Annual,ENVQOL,_X,Unspecified,_T,Total - all activities,2013,9.675,A,Normal value,0,Units,,2015.0,2.0,2.0
DATAFLOW,OECD.ENV.EPI:DSD_GG@DF_GREEN_GROWTH(1.1),Green Growth,I,MYS,Malaysia,A,Annual,ENVQOL,_X,Unspecified,_T,Total - all activities,2012,9.675,A,Normal value,0,Units,,2015.0,2.0,2.0
DATAFLOW,OECD.ENV.EPI:DSD_GG@DF_GREEN_GROWTH(1.1),Green Growth,I,MYS,Malaysia,A,Annual,ENVQOL,_X,Unspecified,_T,Total - all activities,2011,9.675,A,Normal value,0,Units,,2015.0,2.0,2.0
DATAFLOW,OECD.ENV.EPI:DSD_GG@DF_GREEN_GROWTH(1.1),Green Growth,I,MYS,Malaysia,A,Annual,FPRICE_PET,USD_PPP_L,"US dollars per litre, PPP converted",_T,Total - all activities,2005,1.24,A,Normal value,0,Units,Q,2015.0,1.0,2.0
DATAFLOW,OECD.ENV.EPI:DSD_GG@DF_GREEN_GROWTH(1.1),Green Growth,I,MYS,Malaysia,A,Annual,FPRICE_PET,USD_PPP_L,"US dollars per litre, PPP converted",_T,Total - all activities,2004,1.15,A,Normal value,0,Units,Q,2015.0,1.0,2.0
DATAFLOW,OECD.ENV.EPI:DSD_GG@DF_GREEN_GROWTH(1.1),Green Growth,I,MYS,Malaysia,A,Annual,FPRICE_PET,USD_PPP_L,"US dollars per litre, PPP converted",_T,Total - all activities,2003,1.14,A,Normal value,0,Units,Q,2015.0,1.0,2.0
DATAFLOW,OECD.ENV.EPI:DSD_GG@DF_GREEN_GROWTH(1.1),Green Growth,I,MYS,Malaysia,A,Annual,FPRICE_PET,USD_PPP_L,"US dollars per litre, PPP converted",_T,Total - all activities,2002,1.13,A,Normal value,0,Units,Q,2015.0,1.0,2.0
DATAFLOW,OECD.ENV.EPI:DSD_GG@DF_GREEN_GROWTH(1.1),Green Growth,I,MYS,Malaysia,A,Annual,FPRICE_PET,USD_PPP_L,"US dollars per litre, PPP converted",_T,Total - all activities,2001,1.06,A,Normal value,0,Units,Q,2015.0,1.0,2.0
DATAFLOW,OECD.ENV.EPI:DSD_GG@DF_GREEN_GROWTH(1.1),Green Growth,I,MYS,Malaysia,A,Annual,FPRICE_PET,USD_PPP_L,"US dollars per litre, PPP converted",_T,Total - all activities,2000,0.99,A,Normal value,0,Units,Q,2015.0,1.0,2.0
DATAFLOW,OECD.ENV.EPI:DSD_GG@DF_GREEN_GROWTH(1.1),Green Growth,I,MYS,Malaysia,A,Annual,FPRICE_PET,USD_PPP_L,"US dollars per litre, PPP converted",_T,Total - all activities,2021,1.32,A,Normal value,0,Units,Q,2015.0,1.0,2.0
DATAFLOW,OECD.ENV.EPI:DSD_GG@DF_GREEN_GROWTH(1.1),Green Growth,I,MYS,Malaysia,A,Annual,FPRICE_PET,USD_PPP_L,"US dollars per litre, PPP converted",_T,Total - all activities,2020,1.1,A,Normal value,0,Units,Q,2015.0,1.0,2.0
DATAFLOW,OECD.ENV.EPI:DSD_GG@DF_GREEN_GROWTH(1.1),Green Growth,I,MYS,Malaysia,A,Annual,FPRICE_PET,USD_PPP_L,"US dollars per litre, PPP converted",_T,Total - all activities,2019,1.37,A,Normal value,0,Units,Q,2015.0,1.0,2.0
DATAFLOW,OECD.ENV.EPI:DSD_GG@DF_GREEN_GROWTH(1.1),Green Growth,I,MYS,Malaysia,A,Annual,FPRICE_PET,USD_PPP_L,"US dollars per litre, PPP converted",_T,Total - all activities,2018,1.43,A,Normal value,0,Units,Q,2015.0,1.0,2.0
DATAFLOW,OECD.ENV.EPI:DSD_GG@DF_GREEN_GROWTH(1.1),Green Growth,I,MYS,Malaysia,A,Annual,FPRICE_PET,USD_PPP_L,"US dollars per litre, PPP converted",_T,Total - all activities,2017,1.4,A,Normal value,0,Units,Q,2015.0,1.0,2.0
DATAFLOW,OECD.ENV.EPI:DSD_GG@DF_GREEN_GROWTH(1.1),Green Growth,I,MYS,Malaysia,A,Annual,FPRICE_PET,USD_PPP_L,"US dollars per litre, PPP converted",_T,Total - all activities,2016,1.21,A,Normal value,0,Units,Q,2015.0,1.0,2.0
DATAFLOW,OECD.ENV.EPI:DSD_GG@DF_GREEN_GROWTH(1.1),Green Growth,I,MYS,Malaysia,A,Annual,FPRICE_PET,USD_PPP_L,"US dollars per litre, PPP converted",_T,Total - all activities,2015,1.37,A,Normal value,0,Units,Q,2015.0,1.0,2.0
DATAFLOW,OECD.ENV.EPI:DSD_GG@DF_GREEN_GROWTH(1.1),Green Growth,I,MYS,Malaysia,A,Annual,FPRICE_PET,USD_PPP_L,"US dollars per litre, PPP converted",_T,Total - all activities,2014,1.61,A,Normal value,0,Units,Q,2015.0,1.0,2.0
DATAFLOW,OECD.ENV.EPI:DSD_GG@DF_GREEN_GROWTH(1.1),Green Growth,I,MYS,Malaysia,A,Annual,FPRICE_PET,USD_PPP_L,"US dollars per litre, PPP converted",_T,Total - all activities,2013,1.49,A,Normal value,0,Units,Q,2015.0,1.0,2.0
DATAFLOW,OECD.ENV.EPI:DSD_GG@DF_GREEN_GROWTH(1.1),Green Growth,I,MYS,Malaysia,A,Annual,FPRICE_PET,USD_PPP_L,"US dollars per litre, PPP converted",_T,Total - all activities,2012,1.51,A,Normal value,0,Units,Q,2015.0,1.0,2.0
DATAFLOW,OECD.ENV.EPI:DSD_GG@DF_GREEN_GROWTH(1.1),Green Growth,I,MYS,Malaysia,A,Annual,FPRICE_PET,USD_PPP_L,"US dollars per litre, PPP converted",_T,Total - all activities,2011,1.53,A,Normal value,0,Units,Q,2015.0,1.0,2.0
DATAFLOW,OECD.ENV.EPI:DSD_GG@DF_GREEN_GROWTH(1.1),Green Growth,I,MYS,Malaysia,A,Annual,FPRICE_PET,USD_PPP_L,"US dollars per litre, PPP converted",_T,Total - all activities,2010,1.35,A,Normal value,0,Units,Q,2015.0,1.0,2.0
DATAFLOW,OECD.ENV.EPI:DSD_GG@DF_GREEN_GROWTH(1.1),Green Growth,I,MYS,Malaysia,A,Annual,FPRICE_PET,USD_PPP_L,"US dollars per litre, PPP converted",_T,Total - all activities,2009,1.28,A,Normal value,0,Units,Q,2015.0,1.0,2.0
DATAFLOW,OECD.ENV.EPI:DSD_GG@DF_GREEN_GROWTH(1.1),Green Growth,I,MYS,Malaysia,A,Annual,FPRICE_PET,USD_PPP_L,"US dollars per litre, PPP converted",_T,Total - all activities,2008,1.59,A,Normal value,0,Units,Q,2015.0,1.0,2.0
DATAFLOW,OECD.ENV.EPI:DSD_GG@DF_GREEN_GROWTH(1.1),Green Growth,I,MYS,Malaysia,A,Annual,FPRICE_PET,USD_PPP_L,"US dollars per litre, PPP converted",_T,Total - all activities,2007,1.47,A,Normal value,0,Units,Q,2015.0,1.0,2.0
DATAFLOW,OECD.ENV.EPI:DSD_GG@DF_GREEN_GROWTH(1.1),Green Growth,I,MYS,Malaysia,A,Annual,ENVRESPROD,_X,Unspecified,HTN,Services,2009,9.675,A,Normal value,0,Units,,2015.0,2.0,2.0
DATAFLOW,OECD.ENV.EPI:DSD_GG@DF_GREEN_GROWTH(1.1),Green Growth,I,MYS,Malaysia,A,Annual,ENVRESPROD,_X,Unspecified,HTN,Services,2008,9.675,A,Normal value,0,Units,,2015.0,2.0,2.0
DATAFLOW,OECD.ENV.EPI:DSD_GG@DF_GREEN_GROWTH(1.1),Green Growth,I,MYS,Malaysia,A,Annual,ENVRESPROD,_X,Unspecified,HTN,Services,2007,9.675,A,Normal value,0,Units,,2015.0,2.0,2.0
DATAFLOW,OECD.ENV.EPI:DSD_GG@DF_GREEN_GROWTH(1.1),Green Growth,I,MYS,Malaysia,A,Annual,ENVRESPROD,_X,Unspecified,HTN,Services,2006,9.675,A,Normal value,0,Units,,2015.0,2.0,2.0
DATAFLOW,OECD.ENV.EPI:DSD_GG@DF_GREEN_GROWTH(1.1),Green Growth,I,MYS,Malaysia,A,Annual,ENVRESPROD,_X,Unspecified,HTN,Services,2005,9.675,A,Normal value,0,Units,,2015.0,2.0,2.0
DATAFLOW,OECD.ENV.EPI:DSD_GG@DF_GREEN_GROWTH(1.1),Green Growth,I,MYS,Malaysia,A,Annual,ENVRESPROD,_X,Unspecified,HTN,Services,2004,9.675,A,Normal value,0,Units,,2015.0,2.0,2.0
DATAFLOW,OECD.ENV.EPI:DSD_GG@DF_GREEN_GROWTH(1.1),Green Growth,I,MYS,Malaysia,A,Annual,ENVRESPROD,_X,Unspecified,HTN,Services,2003,9.675,A,Normal value,0,Units,,2015.0,2.0,2.0
DATAFLOW,OECD.ENV.EPI:DSD_GG@DF_GREEN_GROWTH(1.1),Green Growth,I,MYS,Malaysia,A,Annual,ENVRESPROD,_X,Unspecified,HTN,Services,2002,9.675,A,Normal value,0,Units,,2015.0,2.0,2.0
DATAFLOW,OECD.ENV.EPI:DSD_GG@DF_GREEN_GROWTH(1.1),Green Growth,I,MYS,Malaysia,A,Annual,ENVRESPROD,_X,Unspecified,HTN,Services,2001,9.675,A,Normal value,0,Units,,2015.0,2.0,2.0
DATAFLOW,OECD.ENV.EPI:DSD_GG@DF_GREEN_GROWTH(1.1),Green Growth,I,MYS,Malaysia,A,Annual,ENVRESPROD,_X,Unspecified,HTN,Services,2000,9.675,A,Normal value,0,Units,,2015.0,2.0,2.0
DATAFLOW,OECD.ENV.EPI:DSD_GG@DF_GREEN_GROWTH(1.1),Green Growth,I,MYS,Malaysia,A,Annual,ENVRESPROD,_X,Unspecified,HTN,Services,2022,9.675,A,Normal value,0,Units,,2015.0,2.0,2.0
DATAFLOW,OECD.ENV.EPI:DSD_GG@DF_GREEN_GROWTH(1.1),Green Growth,I,MYS,Malaysia,A,Annual,ENVRESPROD,_X,Unspecified,HTN,Services,2021,9.675,A,Normal value,0,Units,,2015.0,2.0,2.0
DATAFLOW,OECD.ENV.EPI:DSD_GG@DF_GREEN_GROWTH(1.1),Green Growth,I,MYS,Malaysia,A,Annual,ENVRESPROD,_X,Unspecified,HTN,Services,2020,9.675,A,Normal value,0,Units,,2015.0,2.0,2.0
DATAFLOW,OECD.ENV.EPI:DSD_GG@DF_GREEN_GROWTH(1.1),Green Growth,I,MYS,Malaysia,A,Annual,ENVRESPROD,_X,Unspecified,HTN,Services,2019,9.675,A,Normal value,0,Units,,2015.0,2.0,2.0
DATAFLOW,OECD.ENV.EPI:DSD_GG@DF_GREEN_GROWTH(1.1),Green Growth,I,MYS,Malaysia,A,Annual,ENVRESPROD,_X,Unspecified,HTN,Services,2018,9.675,A,Normal value,0,Units,,2015.0,2.0,2.0
DATAFLOW,OECD.ENV.EPI:DSD_GG@DF_GREEN_GROWTH(1.1),Green Growth,I,MYS,Malaysia,A,Annual,ENVRESPROD,_X,Unspecified,HTN,Services,2017,9.675,A,Normal value,0,Units,,2015.0,2.0,2.0
DATAFLOW,OECD.ENV.EPI:DSD_GG@DF_GREEN_GROWTH(1.1),Green Growth,I,MYS,Malaysia,A,Annual,ENVRESPROD,_X,Unspecified,HTN,Services,2016,9.675,A,Normal value,0,Units,,2015.0,2.0,2.0
DATAFLOW,OECD.ENV.EPI:DSD_GG@DF_GREEN_GROWTH(1.1),Green Growth,I,MYS,Malaysia,A,Annual,ENVRESPROD,_X,Unspecified,HTN,Services,2015,9.675,A,Normal value,0,Units,,2015.0,2.0,2.0
DATAFLOW,OECD.ENV.EPI:DSD_GG@DF_GREEN_GROWTH(1.1),Green Growth,I,MYS,Malaysia,A,Annual,ENVRESPROD,_X,Unspecified,HTN,Services,2014,9.675,A,Normal value,0,Units,,2015.0,2.0,2.0
DATAFLOW,OECD.ENV.EPI:DSD_GG@DF_GREEN_GROWTH(1.1),Green Growth,I,MYS,Malaysia,A,Annual,ENVRESPROD,_X,Unspecified,HTN,Services,2013,9.675,A,Normal value,0,Units,,2015.0,2.0,2.0
DATAFLOW,OECD.ENV.EPI:DSD_GG@DF_GREEN_GROWTH(1.1),Green Growth,I,MYS,Malaysia,A,Annual,ENVRESPROD,_X,Unspecified,HTN,Services,2012,9.675,A,Normal value,0,Units,,2015.0,2.0,2.0
DATAFLOW,OECD.ENV.EPI:DSD_GG@DF_GREEN_GROWTH(1.1),Green Growth,I,MYS,Malaysia,A,Annual,ENVRESPROD,_X,Unspecified,HTN,Services,2011,9.675,A,Normal value,0,Units,,2015.0,2.0,2.0
DATAFLOW,OECD.ENV.EPI:DSD_GG@DF_GREEN_GROWTH(1.1),Green Growth,I,MYS,Malaysia,A,Annual,O3_SC,PT_B1GQ,Percentage of GDP,_T,Total - all activities,2003,0.07,A,Normal value,0,Units,_Z,2015.0,3.0,2.0
DATAFLOW,OECD.ENV.EPI:DSD_GG@DF_GREEN_GROWTH(1.1),Green Growth,I,MYS,Malaysia,A,Annual,O3_SC,PT_B1GQ,Percentage of GDP,_T,Total - all activities,2002,0.05,A,Normal value,0,Units,_Z,2015.0,3.0,2.0
DATAFLOW,OECD.ENV.EPI:DSD_GG@DF_GREEN_GROWTH(1.1),Green Growth,I,MYS,Malaysia,A,Annual,O3_SC,PT_B1GQ,Percentage of GDP,_T,Total - all activities,2001,0.05,A,Normal value,0,Units,_Z,2015.0,3.0,2.0
DATAFLOW,OECD.ENV.EPI:DSD_GG@DF_GREEN_GROWTH(1.1),Green Growth,I,MYS,Malaysia,A,Annual,O3_SC,PT_B1GQ,Percentage of GDP,_T,Total - all activities,2000,0.05,A,Normal value,0,Units,_Z,2015.0,3.0,2.0
DATAFLOW,OECD.ENV.EPI:DSD_GG@DF_GREEN_GROWTH(1.1),Green Growth,I,MYS,Malaysia,A,Annual,O3_SC,PT_B1GQ,Percentage of GDP,_T,Total - all activities,2019,0.11,A,Normal value,0,Units,_Z,2015.0,3.0,2.0
DATAFLOW,OECD.ENV.EPI:DSD_GG@DF_GREEN_GROWTH(1.1),Green Growth,I,MYS,Malaysia,A,Annual,O3_SC,PT_B1GQ,Percentage of GDP,_T,Total - all activities,2018,0.1,A,Normal value,0,Units,_Z,2015.0,3.0,2.0
DATAFLOW,OECD.ENV.EPI:DSD_GG@DF_GREEN_GROWTH(1.1),Green Growth,I,MYS,Malaysia,A,Annual,O3_SC,PT_B1GQ,Percentage of GDP,_T,Total - all activities,2017,0.04,A,Normal value,0,Units,_Z,2015.0,3.0,2.0
DATAFLOW,OECD.ENV.EPI:DSD_GG@DF_GREEN_GROWTH(1.1),Green Growth,I,MYS,Malaysia,A,Annual,O3_SC,PT_B1GQ,Percentage of GDP,_T,Total - all activities,2016,0.07,A,Normal value,0,Units,_Z,2015.0,3.0,2.0
DATAFLOW,OECD.ENV.EPI:DSD_GG@DF_GREEN_GROWTH(1.1),Green Growth,I,MYS,Malaysia,A,Annual,O3_SC,PT_B1GQ,Percentage of GDP,_T,Total - all activities,2015,0.09,A,Normal value,0,Units,_Z,2015.0,3.0,2.0
DATAFLOW,OECD.ENV.EPI:DSD_GG@DF_GREEN_GROWTH(1.1),Green Growth,I,MYS,Malaysia,A,Annual,O3_SC,PT_B1GQ,Percentage of GDP,_T,Total - all activities,2014,0.09,A,Normal value,0,Units,_Z,2015.0,3.0,2.0
DATAFLOW,OECD.ENV.EPI:DSD_GG@DF_GREEN_GROWTH(1.1),Green Growth,I,MYS,Malaysia,A,Annual,O3_SC,PT_B1GQ,Percentage of GDP,_T,Total - all activities,2013,0.08,A,Normal value,0,Units,_Z,2015.0,3.0,2.0
DATAFLOW,OECD.ENV.EPI:DSD_GG@DF_GREEN_GROWTH(1.1),Green Growth,I,MYS,Malaysia,A,Annual,O3_SC,PT_B1GQ,Percentage of GDP,_T,Total - all activities,2012,0.07,A,Normal value,0,Units,_Z,2015.0,3.0,2.0
DATAFLOW,OECD.ENV.EPI:DSD_GG@DF_GREEN_GROWTH(1.1),Green Growth,I,MYS,Malaysia,A,Annual,O3_SC,PT_B1GQ,Percentage of GDP,_T,Total - all activities,2011,0.06,A,Normal value,0,Units,_Z,2015.0,3.0,2.0
DATAFLOW,OECD.ENV.EPI:DSD_GG@DF_GREEN_GROWTH(1.1),Green Growth,I,MYS,Malaysia,A,Annual,O3_SC,PT_B1GQ,Percentage of GDP,_T,Total - all activities,2010,0.05,A,Normal value,0,Units,_Z,2015.0,3.0,2.0
DATAFLOW,OECD.ENV.EPI:DSD_GG@DF_GREEN_GROWTH(1.1),Green Growth,I,MYS,Malaysia,A,Annual,O3_SC,PT_B1GQ,Percentage of GDP,_T,Total - all activities,2009,0.04,A,Normal value,0,Units,_Z,2015.0,3.0,2.0
DATAFLOW,OECD.ENV.EPI:DSD_GG@DF_GREEN_GROWTH(1.1),Green Growth,I,MYS,Malaysia,A,Annual,O3_SC,PT_B1GQ,Percentage of GDP,_T,Total - all activities,2008,0.05,A,Normal value,0,Units,_Z,2015.0,3.0,2.0
DATAFLOW,OECD.ENV.EPI:DSD_GG@DF_GREEN_GROWTH(1.1),Green Growth,I,MYS,Malaysia,A,Annual,O3_SC,PT_B1GQ,Percentage of GDP,_T,Total - all activities,2007,0.06,A,Normal value,0,Units,_Z,2015.0,3.0,2.0
DATAFLOW,OECD.ENV.EPI:DSD_GG@DF_GREEN_GROWTH(1.1),Green Growth,I,MYS,Malaysia,A,Annual,O3_SC,PT_B1GQ,Percentage of GDP,_T,Total - all activities,2006,0.08,A,Normal value,0,Units,_Z,2015.0,3.0,2.0
DATAFLOW,OECD.ENV.EPI:DSD_GG@DF_GREEN_GROWTH(1.1),Green Growth,I,MYS,Malaysia,A,Annual,O3_SC,PT_B1GQ,Percentage of GDP,_T,Total - all activities,2005,0.09,A,Normal value,0,Units,_Z,2015.0,3.0,2.0
DATAFLOW,OECD.ENV.EPI:DSD_GG@DF_GREEN_GROWTH(1.1),Green Growth,I,MYS,Malaysia,A,Annual,DMC_MIN,PT_CONS_MAT_D,Percentage of domestic material consumption,_T,Total - all activities,2007,47.36,E,Estimated value,0,Units,_Z,2015.0,2.0,2.0
DATAFLOW,OECD.ENV.EPI:DSD_GG@DF_GREEN_GROWTH(1.1),Green Growth,I,MYS,Malaysia,A,Annual,DMC_MIN,PT_CONS_MAT_D,Percentage of domestic material consumption,_T,Total - all activities,2006,42.25,E,Estimated value,0,Units,_Z,2015.0,2.0,2.0
DATAFLOW,OECD.ENV.EPI:DSD_GG@DF_GREEN_GROWTH(1.1),Green Growth,I,MYS,Malaysia,A,Annual,DMC_MIN,PT_CONS_MAT_D,Percentage of domestic material consumption,_T,Total - all activities,2005,41.08,E,Estimated value,0,Units,_Z,2015.0,2.0,2.0
DATAFLOW,OECD.ENV.EPI:DSD_GG@DF_GREEN_GROWTH(1.1),Green Growth,I,MYS,Malaysia,A,Annual,DMC_MIN,PT_CONS_MAT_D,Percentage of domestic material consumption,_T,Total - all activities,2004,40.47,E,Estimated value,0,Units,_Z,2015.0,2.0,2.0
DATAFLOW,OECD.ENV.EPI:DSD_GG@DF_GREEN_GROWTH(1.1),Green Growth,I,MYS,Malaysia,A,Annual,DMC_MIN,PT_CONS_MAT_D,Percentage of domestic material consumption,_T,Total - all activities,2003,42.64,E,Estimated value,0,Units,_Z,2015.0,2.0,2.0
DATAFLOW,OECD.ENV.EPI:DSD_GG@DF_GREEN_GROWTH(1.1),Green Growth,I,MYS,Malaysia,A,Annual,DMC_MIN,PT_CONS_MAT_D,Percentage of domestic material consumption,_T,Total - all activities,2002,40.86,E,Estimated value,0,Units,_Z,2015.0,2.0,2.0
DATAFLOW,OECD.ENV.EPI:DSD_GG@DF_GREEN_GROWTH(1.1),Green Growth,I,MYS,Malaysia,A,Annual,DMC_MIN,PT_CONS_MAT_D,Percentage of domestic material consumption,_T,Total - all activities,2001,43.8,E,Estimated value,0,Units,_Z,2015.0,2.0,2.0
DATAFLOW,OECD.ENV.EPI:DSD_GG@DF_GREEN_GROWTH(1.1),Green Growth,I,MYS,Malaysia,A,Annual,DMC_MIN,PT_CONS_MAT_D,Percentage of domestic material consumption,_T,Total - all activities,2000,49.24,E,Estimated value,0,Units,_Z,2015.0,2.0,2.0
DATAFLOW,OECD.ENV.EPI:DSD_GG@DF_GREEN_GROWTH(1.1),Green Growth,I,MYS,Malaysia,A,Annual,DMC_MIN,PT_CONS_MAT_D,Percentage of domestic material consumption,_T,Total - all activities,2019,55.21,E,Estimated value,0,Units,_Z,2015.0,2.0,2.0
DATAFLOW,OECD.ENV.EPI:DSD_GG@DF_GREEN_GROWTH(1.1),Green Growth,I,MYS,Malaysia,A,Annual,DMC_MIN,PT_CONS_MAT_D,Percentage of domestic material consumption,_T,Total - all activities,2018,54.22,E,Estimated value,0,Units,_Z,2015.0,2.0,2.0
DATAFLOW,OECD.ENV.EPI:DSD_GG@DF_GREEN_GROWTH(1.1),Green Growth,I,MYS,Malaysia,A,Annual,DMC_MIN,PT_CONS_MAT_D,Percentage of domestic material consumption,_T,Total - all activities,2017,53.55,E,Estimated value,0,Units,_Z,2015.0,2.0,2.0
DATAFLOW,OECD.ENV.EPI:DSD_GG@DF_GREEN_GROWTH(1.1),Green Growth,I,MYS,Malaysia,A,Annual,DMC_MIN,PT_CONS_MAT_D,Percentage of domestic material consumption,_T,Total - all activities,2016,53.01,E,Estimated value,0,Units,_Z,2015.0,2.0,2.0
DATAFLOW,OECD.ENV.EPI:DSD_GG@DF_GREEN_GROWTH(1.1),Green Growth,I,MYS,Malaysia,A,Annual,DMC_MIN,PT_CONS_MAT_D,Percentage of domestic material consumption,_T,Total - all activities,2015,49.65,E,Estimated value,0,Units,_Z,2015.0,2.0,2.0
DATAFLOW,OECD.ENV.EPI:DSD_GG@DF_GREEN_GROWTH(1.1),Green Growth,I,MYS,Malaysia,A,Annual,DMC_MIN,PT_CONS_MAT_D,Percentage of domestic material consumption,_T,Total - all activities,2014,47.42,E,Estimated value,0,Units,_Z,2015.0,2.0,2.0
DATAFLOW,OECD.ENV.EPI:DSD_GG@DF_GREEN_GROWTH(1.1),Green Growth,I,MYS,Malaysia,A,Annual,DMC_MIN,PT_CONS_MAT_D,Percentage of domestic material consumption,_T,Total - all activities,2013,49.38,E,Estimated value,0,Units,_Z,2015.0,2.0,2.0
DATAFLOW,OECD.ENV.EPI:DSD_GG@DF_GREEN_GROWTH(1.1),Green Growth,I,MYS,Malaysia,A,Annual,DMC_MIN,PT_CONS_MAT_D,Percentage of domestic material consumption,_T,Total - all activities,2012,56.68,E,Estimated value,0,Units,_Z,2015.0,2.0,2.0
DATAFLOW,OECD.ENV.EPI:DSD_GG@DF_GREEN_GROWTH(1.1),Green Growth,I,MYS,Malaysia,A,Annual,DMC_MIN,PT_CONS_MAT_D,Percentage of domestic material consumption,_T,Total - all activities,2011,55.95,E,Estimated value,0,Units,_Z,2015.0,2.0,2.0
DATAFLOW,OECD.ENV.EPI:DSD_GG@DF_GREEN_GROWTH(1.1),Green Growth,I,MYS,Malaysia,A,Annual,DMC_MIN,PT_CONS_MAT_D,Percentage of domestic material consumption,_T,Total - all activities,2010,47.06,E,Estimated value,0,Units,_Z,2015.0,2.0,2.0
DATAFLOW,OECD.ENV.EPI:DSD_GG@DF_GREEN_GROWTH(1.1),Green Growth,I,MYS,Malaysia,A,Annual,DMC_MIN,PT_CONS_MAT_D,Percentage of domestic material consumption,_T,Total - all activities,2009,44.41,E,Estimated value,0,Units,_Z,2015.0,2.0,2.0
DATAFLOW,OECD.ENV.EPI:DSD_GG@DF_GREEN_GROWTH(1.1),Green Growth,I,MYS,Malaysia,A,Annual,REGMNG,_X,Unspecified,_T,Total - all activities,2009,9.675,A,Normal value,0,Units,,2015.0,2.0,2.0
DATAFLOW,OECD.ENV.EPI:DSD_GG@DF_GREEN_GROWTH(1.1),Green Growth,I,MYS,Malaysia,A,Annual,REGMNG,_X,Unspecified,_T,Total - all activities,2008,9.675,A,Normal value,0,Units,,2015.0,2.0,2.0
DATAFLOW,OECD.ENV.EPI:DSD_GG@DF_GREEN_GROWTH(1.1),Green Growth,I,MYS,Malaysia,A,Annual,REGMNG,_X,Unspecified,_T,Total - all activities,2007,9.675,A,Normal value,0,Units,,2015.0,2.0,2.0
DATAFLOW,OECD.ENV.EPI:DSD_GG@DF_GREEN_GROWTH(1.1),Green Growth,I,MYS,Malaysia,A,Annual,REGMNG,_X,Unspecified,_T,Total - all activities,2006,9.675,A,Normal value,0,Units,,2015.0,2.0,2.0
DATAFLOW,OECD.ENV.EPI:DSD_GG@DF_GREEN_GROWTH(1.1),Green Growth,I,MYS,Malaysia,A,Annual,REGMNG,_X,Unspecified,_T,Total - all activities,2005,9.675,A,Normal value,0,Units,,2015.0,2.0,2.0
DATAFLOW,OECD.ENV.EPI:DSD_GG@DF_GREEN_GROWTH(1.1),Green Growth,I,MYS,Malaysia,A,Annual,REGMNG,_X,Unspecified,_T,Total - all activities,2004,9.675,A,Normal value,0,Units,,2015.0,2.0,2.0
DATAFLOW,OECD.ENV.EPI:DSD_GG@DF_GREEN_GROWTH(1.1),Green Growth,I,MYS,Malaysia,A,Annual,REGMNG,_X,Unspecified,_T,Total - all activities,2003,9.675,A,Normal value,0,Units,,2015.0,2.0,2.0
DATAFLOW,OECD.ENV.EPI:DSD_GG@DF_GREEN_GROWTH(1.1),Green Growth,I,MYS,Malaysia,A,Annual,REGMNG,_X,Unspecified,_T,Total - all activities,2002,9.675,A,Normal value,0,Units,,2015.0,2.0,2.0
DATAFLOW,OECD.ENV.EPI:DSD_GG@DF_GREEN_GROWTH(1.1),Green Growth,I,MYS,Malaysia,A,Annual,REGMNG,_X,Unspecified,_T,Total - all activities,2001,9.675,A,Normal value,0,Units,,2015.0,2.0,2.0
DATAFLOW,OECD.ENV.EPI:DSD_GG@DF_GREEN_GROWTH(1.1),Green Growth,I,MYS,Malaysia,A,Annual,REGMNG,_X,Unspecified,_T,Total - all activities,2000,9.675,A,Normal value,0,Units,,2015.0,2.0,2.0
DATAFLOW,OECD.ENV.EPI:DSD_GG@DF_GREEN_GROWTH(1.1),Green Growth,I,MYS,Malaysia,A,Annual,REGMNG,_X,Unspecified,_T,Total - all activities,2022,9.675,A,Normal value,0,Units,,2015.0,2.0,2.0
DATAFLOW,OECD.ENV.EPI:DSD_GG@DF_GREEN_GROWTH(1.1),Green Growth,I,MYS,Malaysia,A,Annual,REGMNG,_X,Unspecified,_T,Total - all activities,2021,9.675,A,Normal value,0,Units,,2015.0,2.0,2.0
DATAFLOW,OECD.ENV.EPI:DSD_GG@DF_GREEN_GROWTH(1.1),Green Growth,I,MYS,Malaysia,A,Annual,REGMNG,_X,Unspecified,_T,Total - all activities,2020,9.675,A,Normal value,0,Units,,2015.0,2.0,2.0
DATAFLOW,OECD.ENV.EPI:DSD_GG@DF_GREEN_GROWTH(1.1),Green Growth,I,MYS,Malaysia,A,Annual,REGMNG,_X,Unspecified,_T,Total - all activities,2019,9.675,A,Normal value,0,Units,,2015.0,2.0,2.0
DATAFLOW,OECD.ENV.EPI:DSD_GG@DF_GREEN_GROWTH(1.1),Green Growth,I,MYS,Malaysia,A,Annual,REGMNG,_X,Unspecified,_T,Total - all activities,2018,9.675,A,Normal value,0,Units,,2015.0,2.0,2.0
DATAFLOW,OECD.ENV.EPI:DSD_GG@DF_GREEN_GROWTH(1.1),Green Growth,I,MYS,Malaysia,A,Annual,REGMNG,_X,Unspecified,_T,Total - all activities,2017,9.675,A,Normal value,0,Units,,2015.0,2.0,2.0
DATAFLOW,OECD.ENV.EPI:DSD_GG@DF_GREEN_GROWTH(1.1),Green Growth,I,MYS,Malaysia,A,Annual,REGMNG,_X,Unspecified,_T,Total - all activities,2016,9.675,A,Normal value,0,Units,,2015.0,2.0,2.0
DATAFLOW,OECD.ENV.EPI:DSD_GG@DF_GREEN_GROWTH(1.1),Green Growth,I,MYS,Malaysia,A,Annual,REGMNG,_X,Unspecified,_T,Total - all activities,2015,9.675,A,Normal value,0,Units,,2015.0,2.0,2.0
DATAFLOW,OECD.ENV.EPI:DSD_GG@DF_GREEN_GROWTH(1.1),Green Growth,I,MYS,Malaysia,A,Annual,REGMNG,_X,Unspecified,_T,Total - all activities,2014,9.675,A,Normal value,0,Units,,2015.0,2.0,2.0
DATAFLOW,OECD.ENV.EPI:DSD_GG@DF_GREEN_GROWTH(1.1),Green Growth,I,MYS,Malaysia,A,Annual,REGMNG,_X,Unspecified,_T,Total - all activities,2013,9.675,A,Normal value,0,Units,,2015.0,2.0,2.0
DATAFLOW,OECD.ENV.EPI:DSD_GG@DF_GREEN_GROWTH(1.1),Green Growth,I,MYS,Malaysia,A,Annual,REGMNG,_X,Unspecified,_T,Total - all activities,2012,9.675,A,Normal value,0,Units,,2015.0,2.0,2.0
DATAFLOW,OECD.ENV.EPI:DSD_GG@DF_GREEN_GROWTH(1.1),Green Growth,I,MYS,Malaysia,A,Annual,REGMNG,_X,Unspecified,_T,Total - all activities,2011,9.675,A,Normal value,0,Units,,2015.0,2.0,2.0
DATAFLOW,OECD.ENV.EPI:DSD_GG@DF_GREEN_GROWTH(1.1),Green Growth,I,MYS,Malaysia,A,Annual,SANI_SPOP,PT_POP,Percentage of population,_T,Total - all activities,2007,67.0,A,Normal value,0,Units,_Z,2015.0,2.0,2.0
DATAFLOW,OECD.ENV.EPI:DSD_GG@DF_GREEN_GROWTH(1.1),Green Growth,I,MYS,Malaysia,A,Annual,SANI_SPOP,PT_POP,Percentage of population,_T,Total - all activities,2006,67.0,A,Normal value,0,Units,_Z,2015.0,2.0,2.0
DATAFLOW,OECD.ENV.EPI:DSD_GG@DF_GREEN_GROWTH(1.1),Green Growth,I,MYS,Malaysia,A,Annual,SANI_SPOP,PT_POP,Percentage of population,_T,Total - all activities,2005,67.0,A,Normal value,0,Units,_Z,2015.0,2.0,2.0
DATAFLOW,OECD.ENV.EPI:DSD_GG@DF_GREEN_GROWTH(1.1),Green Growth,I,MYS,Malaysia,A,Annual,SANI_SPOP,PT_POP,Percentage of population,_T,Total - all activities,2004,66.0,A,Normal value,0,Units,_Z,2015.0,2.0,2.0
DATAFLOW,OECD.ENV.EPI:DSD_GG@DF_GREEN_GROWTH(1.1),Green Growth,I,MYS,Malaysia,A,Annual,SANI_SPOP,PT_POP,Percentage of population,_T,Total - all activities,2003,66.0,A,Normal value,0,Units,_Z,2015.0,2.0,2.0
DATAFLOW,OECD.ENV.EPI:DSD_GG@DF_GREEN_GROWTH(1.1),Green Growth,I,MYS,Malaysia,A,Annual,SANI_SPOP,PT_POP,Percentage of population,_T,Total - all activities,2002,66.0,A,Normal value,0,Units,_Z,2015.0,2.0,2.0
DATAFLOW,OECD.ENV.EPI:DSD_GG@DF_GREEN_GROWTH(1.1),Green Growth,I,MYS,Malaysia,A,Annual,SANI_SPOP,PT_POP,Percentage of population,_T,Total - all activities,2001,66.0,A,Normal value,0,Units,_Z,2015.0,2.0,2.0
DATAFLOW,OECD.ENV.EPI:DSD_GG@DF_GREEN_GROWTH(1.1),Green Growth,I,MYS,Malaysia,A,Annual,SANI_SPOP,PT_POP,Percentage of population,_T,Total - all activities,2000,66.0,A,Normal value,0,Units,_Z,2015.0,2.0,2.0
DATAFLOW,OECD.ENV.EPI:DSD_GG@DF_GREEN_GROWTH(1.1),Green Growth,I,MYS,Malaysia,A,Annual,SANI_SPOP,PT_POP,Percentage of population,_T,Total - all activities,2018,77.0,A,Normal value,0,Units,_Z,2015.0,2.0,2.0
DATAFLOW,OECD.ENV.EPI:DSD_GG@DF_GREEN_GROWTH(1.1),Green Growth,I,MYS,Malaysia,A,Annual,SANI_SPOP,PT_POP,Percentage of population,_T,Total - all activities,2017,76.0,A,Normal value,0,Units,_Z,2015.0,2.0,2.0
DATAFLOW,OECD.ENV.EPI:DSD_GG@DF_GREEN_GROWTH(1.1),Green Growth,I,MYS,Malaysia,A,Annual,SANI_SPOP,PT_POP,Percentage of population,_T,Total - all activities,2016,74.0,A,Normal value,0,Units,_Z,2015.0,2.0,2.0
DATAFLOW,OECD.ENV.EPI:DSD_GG@DF_GREEN_GROWTH(1.1),Green Growth,I,MYS,Malaysia,A,Annual,SANI_SPOP,PT_POP,Percentage of population,_T,Total - all activities,2015,73.0,A,Normal value,0,Units,_Z,2015.0,2.0,2.0
DATAFLOW,OECD.ENV.EPI:DSD_GG@DF_GREEN_GROWTH(1.1),Green Growth,I,MYS,Malaysia,A,Annual,SANI_SPOP,PT_POP,Percentage of population,_T,Total - all activities,2014,73.0,A,Normal value,0,Units,_Z,2015.0,2.0,2.0
DATAFLOW,OECD.ENV.EPI:DSD_GG@DF_GREEN_GROWTH(1.1),Green Growth,I,MYS,Malaysia,A,Annual,SANI_SPOP,PT_POP,Percentage of population,_T,Total - all activities,2013,72.0,A,Normal value,0,Units,_Z,2015.0,2.0,2.0
DATAFLOW,OECD.ENV.EPI:DSD_GG@DF_GREEN_GROWTH(1.1),Green Growth,I,MYS,Malaysia,A,Annual,SANI_SPOP,PT_POP,Percentage of population,_T,Total - all activities,2012,71.0,A,Normal value,0,Units,_Z,2015.0,2.0,2.0
DATAFLOW,OECD.ENV.EPI:DSD_GG@DF_GREEN_GROWTH(1.1),Green Growth,I,MYS,Malaysia,A,Annual,SANI_SPOP,PT_POP,Percentage of population,_T,Total - all activities,2011,70.0,A,Normal value,0,Units,_Z,2015.0,2.0,2.0
DATAFLOW,OECD.ENV.EPI:DSD_GG@DF_GREEN_GROWTH(1.1),Green Growth,I,MYS,Malaysia,A,Annual,SANI_SPOP,PT_POP,Percentage of population,_T,Total - all activities,2010,69.0,A,Normal value,0,Units,_Z,2015.0,2.0,2.0
DATAFLOW,OECD.ENV.EPI:DSD_GG@DF_GREEN_GROWTH(1.1),Green Growth,I,MYS,Malaysia,A,Annual,SANI_SPOP,PT_POP,Percentage of population,_T,Total - all activities,2009,68.0,A,Normal value,0,Units,_Z,2015.0,2.0,2.0
DATAFLOW,OECD.ENV.EPI:DSD_GG@DF_GREEN_GROWTH(1.1),Green Growth,I,MYS,Malaysia,A,Annual,ECO,_X,Unspecified,A,"Agriculture, forestry and fishing",2004,9.675,A,Normal value,0,Units,,2015.0,2.0,2.0
DATAFLOW,OECD.ENV.EPI:DSD_GG@DF_GREEN_GROWTH(1.1),Green Growth,I,MYS,Malaysia,A,Annual,ECO,_X,Unspecified,A,"Agriculture, forestry and fishing",2003,9.675,A,Normal value,0,Units,,2015.0,2.0,2.0
DATAFLOW,OECD.ENV.EPI:DSD_GG@DF_GREEN_GROWTH(1.1),Green Growth,I,MYS,Malaysia,A,Annual,ECO,_X,Unspecified,A,"Agriculture, forestry and fishing",2002,9.675,A,Normal value,0,Units,,2015.0,2.0,2.0
DATAFLOW,OECD.ENV.EPI:DSD_GG@DF_GREEN_GROWTH(1.1),Green Growth,I,MYS,Malaysia,A,Annual,ECO,_X,Unspecified,A,"Agriculture, forestry and fishing",2001,9.675,A,Normal value,0,Units,,2015.0,2.0,2.0
DATAFLOW,OECD.ENV.EPI:DSD_GG@DF_GREEN_GROWTH(1.1),Green Growth,I,MYS,Malaysia,A,Annual,ECO,_X,Unspecified,A,"Agriculture, forestry and fishing",2000,9.675,A,Normal value,0,Units,,2015.0,2.0,2.0
DATAFLOW,OECD.ENV.EPI:DSD_GG@DF_GREEN_GROWTH(1.1),Green Growth,I,MYS,Malaysia,A,Annual,ECO,_X,Unspecified,A,"Agriculture, forestry and fishing",2022,9.675,A,Normal value,0,Units,,2015.0,2.0,2.0
DATAFLOW,OECD.ENV.EPI:DSD_GG@DF_GREEN_GROWTH(1.1),Green Growth,I,MYS,Malaysia,A,Annual,ECO,_X,Unspecified,A,"Agriculture, forestry and fishing",2021,9.675,A,Normal value,0,Units,,2015.0,2.0,2.0
DATAFLOW,OECD.ENV.EPI:DSD_GG@DF_GREEN_GROWTH(1.1),Green Growth,I,MYS,Malaysia,A,Annual,ECO,_X,Unspecified,A,"Agriculture, forestry and fishing",2020,9.675,A,Normal value,0,Units,,2015.0,2.0,2.0
DATAFLOW,OECD.ENV.EPI:DSD_GG@DF_GREEN_GROWTH(1.1),Green Growth,I,MYS,Malaysia,A,Annual,ECO,_X,Unspecified,A,"Agriculture, forestry and fishing",2019,9.675,A,Normal value,0,Units,,2015.0,2.0,2.0
DATAFLOW,OECD.ENV.EPI:DSD_GG@DF_GREEN_GROWTH(1.1),Green Growth,I,MYS,Malaysia,A,Annual,ECO,_X,Unspecified,A,"Agriculture, forestry and fishing",2018,9.675,A,Normal value,0,Units,,2015.0,2.0,2.0
DATAFLOW,OECD.ENV.EPI:DSD_GG@DF_GREEN_GROWTH(1.1),Green Growth,I,MYS,Malaysia,A,Annual,ECO,_X,Unspecified,A,"Agriculture, forestry and fishing",2017,9.675,A,Normal value,0,Units,,2015.0,2.0,2.0
DATAFLOW,OECD.ENV.EPI:DSD_GG@DF_GREEN_GROWTH(1.1),Green Growth,I,MYS,Malaysia,A,Annual,ECO,_X,Unspecified,A,"Agriculture, forestry and fishing",2016,9.675,A,Normal value,0,Units,,2015.0,2.0,2.0
DATAFLOW,OECD.ENV.EPI:DSD_GG@DF_GREEN_GROWTH(1.1),Green Growth,I,MYS,Malaysia,A,Annual,ECO,_X,Unspecified,A,"Agriculture, forestry and fishing",2015,9.675,A,Normal value,0,Units,,2015.0,2.0,2.0
DATAFLOW,OECD.ENV.EPI:DSD_GG@DF_GREEN_GROWTH(1.1),Green Growth,I,MYS,Malaysia,A,Annual,ECO,_X,Unspecified,A,"Agriculture, forestry and fishing",2014,9.675,A,Normal value,0,Units,,2015.0,2.0,2.0
DATAFLOW,OECD.ENV.EPI:DSD_GG@DF_GREEN_GROWTH(1.1),Green Growth,I,MYS,Malaysia,A,Annual,ECO,_X,Unspecified,A,"Agriculture, forestry and fishing",2013,9.675,A,Normal value,0,Units,,2015.0,2.0,2.0
DATAFLOW,OECD.ENV.EPI:DSD_GG@DF_GREEN_GROWTH(1.1),Green Growth,I,MYS,Malaysia,A,Annual,ECO,_X,Unspecified,A,"Agriculture, forestry and fishing",2012,9.675,A,Normal value,0,Units,,2015.0,2.0,2.0
DATAFLOW,OECD.ENV.EPI:DSD_GG@DF_GREEN_GROWTH(1.1),Green Growth,I,MYS,Malaysia,A,Annual,ECO,_X,Unspecified,A,"Agriculture, forestry and fishing",2011,9.675,A,Normal value,0,Units,,2015.0,2.0,2.0
DATAFLOW,OECD.ENV.EPI:DSD_GG@DF_GREEN_GROWTH(1.1),Green Growth,I,MYS,Malaysia,A,Annual,ECO,_X,Unspecified,A,"Agriculture, forestry and fishing",2010,9.675,A,Normal value,0,Units,,2015.0,2.0,2.0
DATAFLOW,OECD.ENV.EPI:DSD_GG@DF_GREEN_GROWTH(1.1),Green Growth,I,MYS,Malaysia,A,Annual,ECO,_X,Unspecified,A,"Agriculture, forestry and fishing",2009,9.675,A,Normal value,0,Units,,2015.0,2.0,2.0
DATAFLOW,OECD.ENV.EPI:DSD_GG@DF_GREEN_GROWTH(1.1),Green Growth,I,MYS,Malaysia,A,Annual,ECO,_X,Unspecified,A,"Agriculture, forestry and fishing",2008,9.675,A,Normal value,0,Units,,2015.0,2.0,2.0
DATAFLOW,OECD.ENV.EPI:DSD_GG@DF_GREEN_GROWTH(1.1),Green Growth,I,MYS,Malaysia,A,Annual,ECO,_X,Unspecified,A,"Agriculture, forestry and fishing",2007,9.675,A,Normal value,0,Units,,2015.0,2.0,2.0
DATAFLOW,OECD.ENV.EPI:DSD_GG@DF_GREEN_GROWTH(1.1),Green Growth,I,MYS,Malaysia,A,Annual,ECO,_X,Unspecified,A,"Agriculture, forestry and fishing",2006,9.675,A,Normal value,0,Units,,2015.0,2.0,2.0
DATAFLOW,OECD.ENV.EPI:DSD_GG@DF_GREEN_GROWTH(1.1),Green Growth,I,MYS,Malaysia,A,Annual,GPAT_DE,PT_INV_W_ENV,Percentage of environment related worldwide inventions,_T,Total - all activities,2007,0.09,A,Normal value,0,Units,_Z,2015.0,3.0,2.0
DATAFLOW,OECD.ENV.EPI:DSD_GG@DF_GREEN_GROWTH(1.1),Green Growth,I,MYS,Malaysia,A,Annual,GPAT_DE,PT_INV_W_ENV,Percentage of environment related worldwide inventions,_T,Total - all activities,2006,0.12,A,Normal value,0,Units,_Z,2015.0,3.0,2.0
DATAFLOW,OECD.ENV.EPI:DSD_GG@DF_GREEN_GROWTH(1.1),Green Growth,I,MYS,Malaysia,A,Annual,GPAT_DE,PT_INV_W_ENV,Percentage of environment related worldwide inventions,_T,Total - all activities,2005,0.05,A,Normal value,0,Units,_Z,2015.0,3.0,2.0
DATAFLOW,OECD.ENV.EPI:DSD_GG@DF_GREEN_GROWTH(1.1),Green Growth,I,MYS,Malaysia,A,Annual,GPAT_DE,PT_INV_W_ENV,Percentage of environment related worldwide inventions,_T,Total - all activities,2004,0.06,A,Normal value,0,Units,_Z,2015.0,3.0,2.0
DATAFLOW,OECD.ENV.EPI:DSD_GG@DF_GREEN_GROWTH(1.1),Green Growth,I,MYS,Malaysia,A,Annual,GPAT_DE,PT_INV_W_ENV,Percentage of environment related worldwide inventions,_T,Total - all activities,2003,0.06,A,Normal value,0,Units,_Z,2015.0,3.0,2.0
DATAFLOW,OECD.ENV.EPI:DSD_GG@DF_GREEN_GROWTH(1.1),Green Growth,I,MYS,Malaysia,A,Annual,GPAT_DE,PT_INV_W_ENV,Percentage of environment related worldwide inventions,_T,Total - all activities,2002,0.04,A,Normal value,0,Units,_Z,2015.0,3.0,2.0
DATAFLOW,OECD.ENV.EPI:DSD_GG@DF_GREEN_GROWTH(1.1),Green Growth,I,MYS,Malaysia,A,Annual,GPAT_DE,PT_INV_W_ENV,Percentage of environment related worldwide inventions,_T,Total - all activities,2001,0.04,A,Normal value,0,Units,_Z,2015.0,3.0,2.0
DATAFLOW,OECD.ENV.EPI:DSD_GG@DF_GREEN_GROWTH(1.1),Green Growth,I,MYS,Malaysia,A,Annual,GPAT_DE,PT_INV_W_ENV,Percentage of environment related worldwide inventions,_T,Total - all activities,2000,0.04,A,Normal value,0,Units,_Z,2015.0,3.0,2.0
DATAFLOW,OECD.ENV.EPI:DSD_GG@DF_GREEN_GROWTH(1.1),Green Growth,I,MYS,Malaysia,A,Annual,GPAT_DE,PT_INV_W_ENV,Percentage of environment related worldwide inventions,_T,Total - all activities,2019,0.09,A,Normal value,0,Units,_Z,2015.0,3.0,2.0
DATAFLOW,OECD.ENV.EPI:DSD_GG@DF_GREEN_GROWTH(1.1),Green Growth,I,MYS,Malaysia,A,Annual,GPAT_DE,PT_INV_W_ENV,Percentage of environment related worldwide inventions,_T,Total - all activities,2018,0.06,A,Normal value,0,Units,_Z,2015.0,3.0,2.0
DATAFLOW,OECD.ENV.EPI:DSD_GG@DF_GREEN_GROWTH(1.1),Green Growth,I,MYS,Malaysia,A,Annual,GPAT_DE,PT_INV_W_ENV,Percentage of environment related worldwide inventions,_T,Total - all activities,2017,0.07,A,Normal value,0,Units,_Z,2015.0,3.0,2.0
DATAFLOW,OECD.ENV.EPI:DSD_GG@DF_GREEN_GROWTH(1.1),Green Growth,I,MYS,Malaysia,A,Annual,GPAT_DE,PT_INV_W_ENV,Percentage of environment related worldwide inventions,_T,Total - all activities,2016,0.09,A,Normal value,0,Units,_Z,2015.0,3.0,2.0
DATAFLOW,OECD.ENV.EPI:DSD_GG@DF_GREEN_GROWTH(1.1),Green Growth,I,MYS,Malaysia,A,Annual,GPAT_DE,PT_INV_W_ENV,Percentage of environment related worldwide inventions,_T,Total - all activities,2015,0.08,A,Normal value,0,Units,_Z,2015.0,3.0,2.0
DATAFLOW,OECD.ENV.EPI:DSD_GG@DF_GREEN_GROWTH(1.1),Green Growth,I,MYS,Malaysia,A,Annual,GPAT_DE,PT_INV_W_ENV,Percentage of environment related worldwide inventions,_T,Total - all activities,2014,0.1,A,Normal value,0,Units,_Z,2015.0,3.0,2.0
DATAFLOW,OECD.ENV.EPI:DSD_GG@DF_GREEN_GROWTH(1.1),Green Growth,I,MYS,Malaysia,A,Annual,GPAT_DE,PT_INV_W_ENV,Percentage of environment related worldwide inventions,_T,Total - all activities,2013,0.12,A,Normal value,0,Units,_Z,2015.0,3.0,2.0
DATAFLOW,OECD.ENV.EPI:DSD_GG@DF_GREEN_GROWTH(1.1),Green Growth,I,MYS,Malaysia,A,Annual,GPAT_DE,PT_INV_W_ENV,Percentage of environment related worldwide inventions,_T,Total - all activities,2012,0.11,A,Normal value,0,Units,_Z,2015.0,3.0,2.0
DATAFLOW,OECD.ENV.EPI:DSD_GG@DF_GREEN_GROWTH(1.1),Green Growth,I,MYS,Malaysia,A,Annual,GPAT_DE,PT_INV_W_ENV,Percentage of environment related worldwide inventions,_T,Total - all activities,2011,0.13,A,Normal value,0,Units,_Z,2015.0,3.0,2.0
DATAFLOW,OECD.ENV.EPI:DSD_GG@DF_GREEN_GROWTH(1.1),Green Growth,I,MYS,Malaysia,A,Annual,GPAT_DE,PT_INV_W_ENV,Percentage of environment related worldwide inventions,_T,Total - all activities,2010,0.11,A,Normal value,0,Units,_Z,2015.0,3.0,2.0
DATAFLOW,OECD.ENV.EPI:DSD_GG@DF_GREEN_GROWTH(1.1),Green Growth,I,MYS,Malaysia,A,Annual,GPAT_DE,PT_INV_W_ENV,Percentage of environment related worldwide inventions,_T,Total - all activities,2009,0.11,A,Normal value,0,Units,_Z,2015.0,3.0,2.0
DATAFLOW,OECD.ENV.EPI:DSD_GG@DF_GREEN_GROWTH(1.1),Green Growth,I,MYS,Malaysia,A,Annual,XR,XDC_USD,National currency per US dollar,_T,Total - all activities,2005,3.79,A,Normal value,0,Units,_Z,2015.0,1.0,2.0
DATAFLOW,OECD.ENV.EPI:DSD_GG@DF_GREEN_GROWTH(1.1),Green Growth,I,MYS,Malaysia,A,Annual,XR,XDC_USD,National currency per US dollar,_T,Total - all activities,2004,3.8,A,Normal value,0,Units,_Z,2015.0,1.0,2.0
DATAFLOW,OECD.ENV.EPI:DSD_GG@DF_GREEN_GROWTH(1.1),Green Growth,I,MYS,Malaysia,A,Annual,XR,XDC_USD,National currency per US dollar,_T,Total - all activities,2003,3.8,A,Normal value,0,Units,_Z,2015.0,1.0,2.0
DATAFLOW,OECD.ENV.EPI:DSD_GG@DF_GREEN_GROWTH(1.1),Green Growth,I,MYS,Malaysia,A,Annual,XR,XDC_USD,National currency per US dollar,_T,Total - all activities,2002,3.8,A,Normal value,0,Units,_Z,2015.0,1.0,2.0
DATAFLOW,OECD.ENV.EPI:DSD_GG@DF_GREEN_GROWTH(1.1),Green Growth,I,MYS,Malaysia,A,Annual,XR,XDC_USD,National currency per US dollar,_T,Total - all activities,2001,3.8,A,Normal value,0,Units,_Z,2015.0,1.0,2.0
DATAFLOW,OECD.ENV.EPI:DSD_GG@DF_GREEN_GROWTH(1.1),Green Growth,I,MYS,Malaysia,A,Annual,XR,XDC_USD,National currency per US dollar,_T,Total - all activities,2000,3.8,A,Normal value,0,Units,_Z,2015.0,1.0,2.0
DATAFLOW,OECD.ENV.EPI:DSD_GG@DF_GREEN_GROWTH(1.1),Green Growth,I,MYS,Malaysia,A,Annual,XR,XDC_USD,National currency per US dollar,_T,Total - all activities,2021,4.14,A,Normal value,0,Units,_Z,2015.0,1.0,2.0
DATAFLOW,OECD.ENV.EPI:DSD_GG@DF_GREEN_GROWTH(1.1),Green Growth,I,MYS,Malaysia,A,Annual,XR,XDC_USD,National currency per US dollar,_T,Total - all activities,2020,4.2,A,Normal value,0,Units,_Z,2015.0,1.0,2.0
DATAFLOW,OECD.ENV.EPI:DSD_GG@DF_GREEN_GROWTH(1.1),Green Growth,I,MYS,Malaysia,A,Annual,XR,XDC_USD,National currency per US dollar,_T,Total - all activities,2019,4.14,A,Normal value,0,Units,_Z,2015.0,1.0,2.0
DATAFLOW,OECD.ENV.EPI:DSD_GG@DF_GREEN_GROWTH(1.1),Green Growth,I,MYS,Malaysia,A,Annual,XR,XDC_USD,National currency per US dollar,_T,Total - all activities,2018,4.04,A,Normal value,0,Units,_Z,2015.0,1.0,2.0
DATAFLOW,OECD.ENV.EPI:DSD_GG@DF_GREEN_GROWTH(1.1),Green Growth,I,MYS,Malaysia,A,Annual,XR,XDC_USD,National currency per US dollar,_T,Total - all activities,2017,4.3,A,Normal value,0,Units,_Z,2015.0,1.0,2.0
DATAFLOW,OECD.ENV.EPI:DSD_GG@DF_GREEN_GROWTH(1.1),Green Growth,I,MYS,Malaysia,A,Annual,XR,XDC_USD,National currency per US dollar,_T,Total - all activities,2016,4.15,A,Normal value,0,Units,_Z,2015.0,1.0,2.0
DATAFLOW,OECD.ENV.EPI:DSD_GG@DF_GREEN_GROWTH(1.1),Green Growth,I,MYS,Malaysia,A,Annual,XR,XDC_USD,National currency per US dollar,_T,Total - all activities,2015,3.91,A,Normal value,0,Units,_Z,2015.0,1.0,2.0
DATAFLOW,OECD.ENV.EPI:DSD_GG@DF_GREEN_GROWTH(1.1),Green Growth,I,MYS,Malaysia,A,Annual,XR,XDC_USD,National currency per US dollar,_T,Total - all activities,2014,3.27,A,Normal value,0,Units,_Z,2015.0,1.0,2.0
DATAFLOW,OECD.ENV.EPI:DSD_GG@DF_GREEN_GROWTH(1.1),Green Growth,I,MYS,Malaysia,A,Annual,XR,XDC_USD,National currency per US dollar,_T,Total - all activities,2013,3.15,A,Normal value,0,Units,_Z,2015.0,1.0,2.0
DATAFLOW,OECD.ENV.EPI:DSD_GG@DF_GREEN_GROWTH(1.1),Green Growth,I,MYS,Malaysia,A,Annual,XR,XDC_USD,National currency per US dollar,_T,Total - all activities,2012,3.09,A,Normal value,0,Units,_Z,2015.0,1.0,2.0
DATAFLOW,OECD.ENV.EPI:DSD_GG@DF_GREEN_GROWTH(1.1),Green Growth,I,MYS,Malaysia,A,Annual,XR,XDC_USD,National currency per US dollar,_T,Total - all activities,2011,3.06,A,Normal value,0,Units,_Z,2015.0,1.0,2.0
DATAFLOW,OECD.ENV.EPI:DSD_GG@DF_GREEN_GROWTH(1.1),Green Growth,I,MYS,Malaysia,A,Annual,XR,XDC_USD,National currency per US dollar,_T,Total - all activities,2010,3.22,A,Normal value,0,Units,_Z,2015.0,1.0,2.0
DATAFLOW,OECD.ENV.EPI:DSD_GG@DF_GREEN_GROWTH(1.1),Green Growth,I,MYS,Malaysia,A,Annual,XR,XDC_USD,National currency per US dollar,_T,Total - all activities,2009,3.52,A,Normal value,0,Units,_Z,2015.0,1.0,2.0
DATAFLOW,OECD.ENV.EPI:DSD_GG@DF_GREEN_GROWTH(1.1),Green Growth,I,MYS,Malaysia,A,Annual,XR,XDC_USD,National currency per US dollar,_T,Total - all activities,2008,3.34,A,Normal value,0,Units,_Z,2015.0,1.0,2.0
DATAFLOW,OECD.ENV.EPI:DSD_GG@DF_GREEN_GROWTH(1.1),Green Growth,I,MYS,Malaysia,A,Annual,XR,XDC_USD,National currency per US dollar,_T,Total - all activities,2007,3.44,A,Normal value,0,Units,_Z,2015.0,1.0,2.0
DATAFLOW,OECD.ENV.EPI:DSD_GG@DF_GREEN_GROWTH(1.1),Green Growth,I,MYS,Malaysia,A,Annual,GDP_R,IX,Index,_T,Total - all activities,2007,141.47,E,Estimated value,0,Units,_Z,2000.0,1.0,2.0
DATAFLOW,OECD.ENV.EPI:DSD_GG@DF_GREEN_GROWTH(1.1),Green Growth,I,MYS,Malaysia,A,Annual,GDP_R,IX,Index,_T,Total - all activities,2006,133.09,E,Estimated value,0,Units,_Z,2000.0,1.0,2.0
DATAFLOW,OECD.ENV.EPI:DSD_GG@DF_GREEN_GROWTH(1.1),Green Growth,I,MYS,Malaysia,A,Annual,GDP_R,IX,Index,_T,Total - all activities,2005,126.05,E,Estimated value,0,Units,_Z,2000.0,1.0,2.0
DATAFLOW,OECD.ENV.EPI:DSD_GG@DF_GREEN_GROWTH(1.1),Green Growth,I,MYS,Malaysia,A,Annual,GDP_R,IX,Index,_T,Total - all activities,2004,119.67,E,Estimated value,0,Units,_Z,2000.0,1.0,2.0
DATAFLOW,OECD.ENV.EPI:DSD_GG@DF_GREEN_GROWTH(1.1),Green Growth,I,MYS,Malaysia,A,Annual,GDP_R,IX,Index,_T,Total - all activities,2003,112.07,E,Estimated value,0,Units,_Z,2000.0,1.0,2.0
DATAFLOW,OECD.ENV.EPI:DSD_GG@DF_GREEN_GROWTH(1.1),Green Growth,I,MYS,Malaysia,A,Annual,GDP_R,IX,Index,_T,Total - all activities,2002,105.94,E,Estimated value,0,Units,_Z,2000.0,1.0,2.0
DATAFLOW,OECD.ENV.EPI:DSD_GG@DF_GREEN_GROWTH(1.1),Green Growth,I,MYS,Malaysia,A,Annual,GDP_R,IX,Index,_T,Total - all activities,2001,100.52,E,Estimated value,0,Units,_Z,2000.0,1.0,2.0
DATAFLOW,OECD.ENV.EPI:DSD_GG@DF_GREEN_GROWTH(1.1),Green Growth,I,MYS,Malaysia,A,Annual,GDP_R,IX,Index,_T,Total - all activities,2000,100.0,E,Estimated value,0,Units,_Z,2000.0,1.0,2.0
DATAFLOW,OECD.ENV.EPI:DSD_GG@DF_GREEN_GROWTH(1.1),Green Growth,I,MYS,Malaysia,A,Annual,GDP_R,IX,Index,_T,Total - all activities,2021,239.48,E,Estimated value,0,Units,_Z,2000.0,1.0,2.0
DATAFLOW,OECD.ENV.EPI:DSD_GG@DF_GREEN_GROWTH(1.1),Green Growth,I,MYS,Malaysia,A,Annual,GDP_R,IX,Index,_T,Total - all activities,2020,232.29,E,Estimated value,0,Units,_Z,2000.0,1.0,2.0
DATAFLOW,OECD.ENV.EPI:DSD_GG@DF_GREEN_GROWTH(1.1),Green Growth,I,MYS,Malaysia,A,Annual,GDP_R,IX,Index,_T,Total - all activities,2019,245.9,E,Estimated value,0,Units,_Z,2000.0,1.0,2.0
DATAFLOW,OECD.ENV.EPI:DSD_GG@DF_GREEN_GROWTH(1.1),Green Growth,I,MYS,Malaysia,A,Annual,GDP_R,IX,Index,_T,Total - all activities,2018,235.51,E,Estimated value,0,Units,_Z,2000.0,1.0,2.0
DATAFLOW,OECD.ENV.EPI:DSD_GG@DF_GREEN_GROWTH(1.1),Green Growth,I,MYS,Malaysia,A,Annual,GDP_R,IX,Index,_T,Total - all activities,2017,224.63,E,Estimated value,0,Units,_Z,2000.0,1.0,2.0
DATAFLOW,OECD.ENV.EPI:DSD_GG@DF_GREEN_GROWTH(1.1),Green Growth,I,MYS,Malaysia,A,Annual,GDP_R,IX,Index,_T,Total - all activities,2016,212.29,E,Estimated value,0,Units,_Z,2000.0,1.0,2.0
DATAFLOW,OECD.ENV.EPI:DSD_GG@DF_GREEN_GROWTH(1.1),Green Growth,I,MYS,Malaysia,A,Annual,GDP_R,IX,Index,_T,Total - all activities,2015,203.25,E,Estimated value,0,Units,_Z,2000.0,1.0,2.0
DATAFLOW,OECD.ENV.EPI:DSD_GG@DF_GREEN_GROWTH(1.1),Green Growth,I,MYS,Malaysia,A,Annual,GDP_R,IX,Index,_T,Total - all activities,2014,193.4,E,Estimated value,0,Units,_Z,2000.0,1.0,2.0
DATAFLOW,OECD.ENV.EPI:DSD_GG@DF_GREEN_GROWTH(1.1),Green Growth,I,MYS,Malaysia,A,Annual,GDP_R,IX,Index,_T,Total - all activities,2013,182.44,E,Estimated value,0,Units,_Z,2000.0,1.0,2.0
DATAFLOW,OECD.ENV.EPI:DSD_GG@DF_GREEN_GROWTH(1.1),Green Growth,I,MYS,Malaysia,A,Annual,GDP_R,IX,Index,_T,Total - all activities,2012,174.26,E,Estimated value,0,Units,_Z,2000.0,1.0,2.0
DATAFLOW,OECD.ENV.EPI:DSD_GG@DF_GREEN_GROWTH(1.1),Green Growth,I,MYS,Malaysia,A,Annual,GDP_R,IX,Index,_T,Total - all activities,2011,165.22,E,Estimated value,0,Units,_Z,2000.0,1.0,2.0
DATAFLOW,OECD.ENV.EPI:DSD_GG@DF_GREEN_GROWTH(1.1),Green Growth,I,MYS,Malaysia,A,Annual,GDP_R,IX,Index,_T,Total - all activities,2010,156.91,E,Estimated value,0,Units,_Z,2000.0,1.0,2.0
DATAFLOW,OECD.ENV.EPI:DSD_GG@DF_GREEN_GROWTH(1.1),Green Growth,I,MYS,Malaysia,A,Annual,GDP_R,IX,Index,_T,Total - all activities,2009,146.07,E,Estimated value,0,Units,_Z,2000.0,1.0,2.0
DATAFLOW,OECD.ENV.EPI:DSD_GG@DF_GREEN_GROWTH(1.1),Green Growth,I,MYS,Malaysia,A,Annual,FOR_IF_PCLOSS2000,PT_LSC_FRST_INT_2000,Percentage of intact forest landscape in 2000,_T,Total - all activities,2013,25.37,A,Normal value,0,Units,_Z,2015.0,5.0,2.0
DATAFLOW,OECD.ENV.EPI:DSD_GG@DF_GREEN_GROWTH(1.1),Green Growth,I,MYS,Malaysia,A,Annual,RE_TPES,PT_SUP_NRG,Percentage of energy supply,_T,Total - all activities,2007,2.23,A,Normal value,0,Units,_Z,2015.0,1.0,2.0
DATAFLOW,OECD.ENV.EPI:DSD_GG@DF_GREEN_GROWTH(1.1),Green Growth,I,MYS,Malaysia,A,Annual,RE_TPES,PT_SUP_NRG,Percentage of energy supply,_T,Total - all activities,2006,2.44,A,Normal value,0,Units,_Z,2015.0,1.0,2.0
DATAFLOW,OECD.ENV.EPI:DSD_GG@DF_GREEN_GROWTH(1.1),Green Growth,I,MYS,Malaysia,A,Annual,RE_TPES,PT_SUP_NRG,Percentage of energy supply,_T,Total - all activities,2005,2.34,A,Normal value,0,Units,_Z,2015.0,1.0,2.0
DATAFLOW,OECD.ENV.EPI:DSD_GG@DF_GREEN_GROWTH(1.1),Green Growth,I,MYS,Malaysia,A,Annual,RE_TPES,PT_SUP_NRG,Percentage of energy supply,_T,Total - all activities,2004,2.72,A,Normal value,0,Units,_Z,2015.0,1.0,2.0
DATAFLOW,OECD.ENV.EPI:DSD_GG@DF_GREEN_GROWTH(1.1),Green Growth,I,MYS,Malaysia,A,Annual,RE_TPES,PT_SUP_NRG,Percentage of energy supply,_T,Total - all activities,2003,2.8,A,Normal value,0,Units,_Z,2015.0,1.0,2.0
DATAFLOW,OECD.ENV.EPI:DSD_GG@DF_GREEN_GROWTH(1.1),Green Growth,I,MYS,Malaysia,A,Annual,RE_TPES,PT_SUP_NRG,Percentage of energy supply,_T,Total - all activities,2002,3.15,A,Normal value,0,Units,_Z,2015.0,1.0,2.0
DATAFLOW,OECD.ENV.EPI:DSD_GG@DF_GREEN_GROWTH(1.1),Green Growth,I,MYS,Malaysia,A,Annual,RE_TPES,PT_SUP_NRG,Percentage of energy supply,_T,Total - all activities,2001,3.63,A,Normal value,0,Units,_Z,2015.0,1.0,2.0
DATAFLOW,OECD.ENV.EPI:DSD_GG@DF_GREEN_GROWTH(1.1),Green Growth,I,MYS,Malaysia,A,Annual,RE_TPES,PT_SUP_NRG,Percentage of energy supply,_T,Total - all activities,2000,3.85,A,Normal value,0,Units,_Z,2015.0,1.0,2.0
DATAFLOW,OECD.ENV.EPI:DSD_GG@DF_GREEN_GROWTH(1.1),Green Growth,I,MYS,Malaysia,A,Annual,RE_TPES,PT_SUP_NRG,Percentage of energy supply,_T,Total - all activities,2020,3.89,A,Normal value,0,Units,_Z,2015.0,1.0,2.0
DATAFLOW,OECD.ENV.EPI:DSD_GG@DF_GREEN_GROWTH(1.1),Green Growth,I,MYS,Malaysia,A,Annual,RE_TPES,PT_SUP_NRG,Percentage of energy supply,_T,Total - all activities,2019,3.53,A,Normal value,0,Units,_Z,2015.0,1.0,2.0
DATAFLOW,OECD.ENV.EPI:DSD_GG@DF_GREEN_GROWTH(1.1),Green Growth,I,MYS,Malaysia,A,Annual,RE_TPES,PT_SUP_NRG,Percentage of energy supply,_T,Total - all activities,2018,3.41,A,Normal value,0,Units,_Z,2015.0,1.0,2.0
DATAFLOW,OECD.ENV.EPI:DSD_GG@DF_GREEN_GROWTH(1.1),Green Growth,I,MYS,Malaysia,A,Annual,RE_TPES,PT_SUP_NRG,Percentage of energy supply,_T,Total - all activities,2017,3.43,A,Normal value,0,Units,_Z,2015.0,1.0,2.0
DATAFLOW,OECD.ENV.EPI:DSD_GG@DF_GREEN_GROWTH(1.1),Green Growth,I,MYS,Malaysia,A,Annual,RE_TPES,PT_SUP_NRG,Percentage of energy supply,_T,Total - all activities,2016,2.78,A,Normal value,0,Units,_Z,2015.0,1.0,2.0
DATAFLOW,OECD.ENV.EPI:DSD_GG@DF_GREEN_GROWTH(1.1),Green Growth,I,MYS,Malaysia,A,Annual,RE_TPES,PT_SUP_NRG,Percentage of energy supply,_T,Total - all activities,2015,2.23,A,Normal value,0,Units,_Z,2015.0,1.0,2.0
DATAFLOW,OECD.ENV.EPI:DSD_GG@DF_GREEN_GROWTH(1.1),Green Growth,I,MYS,Malaysia,A,Annual,RE_TPES,PT_SUP_NRG,Percentage of energy supply,_T,Total - all activities,2014,2.07,A,Normal value,0,Units,_Z,2015.0,1.0,2.0
DATAFLOW,OECD.ENV.EPI:DSD_GG@DF_GREEN_GROWTH(1.1),Green Growth,I,MYS,Malaysia,A,Annual,RE_TPES,PT_SUP_NRG,Percentage of energy supply,_T,Total - all activities,2013,1.98,A,Normal value,0,Units,_Z,2015.0,1.0,2.0
DATAFLOW,OECD.ENV.EPI:DSD_GG@DF_GREEN_GROWTH(1.1),Green Growth,I,MYS,Malaysia,A,Annual,RE_TPES,PT_SUP_NRG,Percentage of energy supply,_T,Total - all activities,2012,1.92,A,Normal value,0,Units,_Z,2015.0,1.0,2.0
DATAFLOW,OECD.ENV.EPI:DSD_GG@DF_GREEN_GROWTH(1.1),Green Growth,I,MYS,Malaysia,A,Annual,RE_TPES,PT_SUP_NRG,Percentage of energy supply,_T,Total - all activities,2011,1.9,A,Normal value,0,Units,_Z,2015.0,1.0,2.0
DATAFLOW,OECD.ENV.EPI:DSD_GG@DF_GREEN_GROWTH(1.1),Green Growth,I,MYS,Malaysia,A,Annual,RE_TPES,PT_SUP_NRG,Percentage of energy supply,_T,Total - all activities,2010,1.89,A,Normal value,0,Units,_Z,2015.0,1.0,2.0
DATAFLOW,OECD.ENV.EPI:DSD_GG@DF_GREEN_GROWTH(1.1),Green Growth,I,MYS,Malaysia,A,Annual,RE_TPES,PT_SUP_NRG,Percentage of energy supply,_T,Total - all activities,2009,2.17,A,Normal value,0,Units,_Z,2015.0,1.0,2.0
DATAFLOW,OECD.ENV.EPI:DSD_GG@DF_GREEN_GROWTH(1.1),Green Growth,I,MYS,Malaysia,A,Annual,PM_SC,PT_B1GQ,Percentage of GDP,_T,Total - all activities,2007,3.22,A,Normal value,0,Units,_Z,2015.0,3.0,2.0
DATAFLOW,OECD.ENV.EPI:DSD_GG@DF_GREEN_GROWTH(1.1),Green Growth,I,MYS,Malaysia,A,Annual,PM_SC,PT_B1GQ,Percentage of GDP,_T,Total - all activities,2006,3.28,A,Normal value,0,Units,_Z,2015.0,3.0,2.0
DATAFLOW,OECD.ENV.EPI:DSD_GG@DF_GREEN_GROWTH(1.1),Green Growth,I,MYS,Malaysia,A,Annual,PM_SC,PT_B1GQ,Percentage of GDP,_T,Total - all activities,2005,3.32,A,Normal value,0,Units,_Z,2015.0,3.0,2.0
DATAFLOW,OECD.ENV.EPI:DSD_GG@DF_GREEN_GROWTH(1.1),Green Growth,I,MYS,Malaysia,A,Annual,PM_SC,PT_B1GQ,Percentage of GDP,_T,Total - all activities,2004,3.36,A,Normal value,0,Units,_Z,2015.0,3.0,2.0
DATAFLOW,OECD.ENV.EPI:DSD_GG@DF_GREEN_GROWTH(1.1),Green Growth,I,MYS,Malaysia,A,Annual,PM_SC,PT_B1GQ,Percentage of GDP,_T,Total - all activities,2003,3.43,A,Normal value,0,Units,_Z,2015.0,3.0,2.0
DATAFLOW,OECD.ENV.EPI:DSD_GG@DF_GREEN_GROWTH(1.1),Green Growth,I,MYS,Malaysia,A,Annual,PM_SC,PT_B1GQ,Percentage of GDP,_T,Total - all activities,2002,3.4,A,Normal value,0,Units,_Z,2015.0,3.0,2.0
DATAFLOW,OECD.ENV.EPI:DSD_GG@DF_GREEN_GROWTH(1.1),Green Growth,I,MYS,Malaysia,A,Annual,PM_SC,PT_B1GQ,Percentage of GDP,_T,Total - all activities,2001,3.39,A,Normal value,0,Units,_Z,2015.0,3.0,2.0
DATAFLOW,OECD.ENV.EPI:DSD_GG@DF_GREEN_GROWTH(1.1),Green Growth,I,MYS,Malaysia,A,Annual,PM_SC,PT_B1GQ,Percentage of GDP,_T,Total - all activities,2000,3.42,A,Normal value,0,Units,_Z,2015.0,3.0,2.0
DATAFLOW,OECD.ENV.EPI:DSD_GG@DF_GREEN_GROWTH(1.1),Green Growth,I,MYS,Malaysia,A,Annual,PM_SC,PT_B1GQ,Percentage of GDP,_T,Total - all activities,2019,3.37,A,Normal value,0,Units,_Z,2015.0,3.0,2.0
DATAFLOW,OECD.ENV.EPI:DSD_GG@DF_GREEN_GROWTH(1.1),Green Growth,I,MYS,Malaysia,A,Annual,PM_SC,PT_B1GQ,Percentage of GDP,_T,Total - all activities,2018,3.22,A,Normal value,0,Units,_Z,2015.0,3.0,2.0
DATAFLOW,OECD.ENV.EPI:DSD_GG@DF_GREEN_GROWTH(1.1),Green Growth,I,MYS,Malaysia,A,Annual,PM_SC,PT_B1GQ,Percentage of GDP,_T,Total - all activities,2017,3.17,A,Normal value,0,Units,_Z,2015.0,3.0,2.0
DATAFLOW,OECD.ENV.EPI:DSD_GG@DF_GREEN_GROWTH(1.1),Green Growth,I,MYS,Malaysia,A,Annual,PM_SC,PT_B1GQ,Percentage of GDP,_T,Total - all activities,2016,3.27,A,Normal value,0,Units,_Z,2015.0,3.0,2.0
DATAFLOW,OECD.ENV.EPI:DSD_GG@DF_GREEN_GROWTH(1.1),Green Growth,I,MYS,Malaysia,A,Annual,PM_SC,PT_B1GQ,Percentage of GDP,_T,Total - all activities,2015,3.32,A,Normal value,0,Units,_Z,2015.0,3.0,2.0
DATAFLOW,OECD.ENV.EPI:DSD_GG@DF_GREEN_GROWTH(1.1),Green Growth,I,MYS,Malaysia,A,Annual,PM_SC,PT_B1GQ,Percentage of GDP,_T,Total - all activities,2014,3.26,A,Normal value,0,Units,_Z,2015.0,3.0,2.0
DATAFLOW,OECD.ENV.EPI:DSD_GG@DF_GREEN_GROWTH(1.1),Green Growth,I,MYS,Malaysia,A,Annual,PM_SC,PT_B1GQ,Percentage of GDP,_T,Total - all activities,2013,3.14,A,Normal value,0,Units,_Z,2015.0,3.0,2.0
DATAFLOW,OECD.ENV.EPI:DSD_GG@DF_GREEN_GROWTH(1.1),Green Growth,I,MYS,Malaysia,A,Annual,PM_SC,PT_B1GQ,Percentage of GDP,_T,Total - all activities,2012,3.23,A,Normal value,0,Units,_Z,2015.0,3.0,2.0
DATAFLOW,OECD.ENV.EPI:DSD_GG@DF_GREEN_GROWTH(1.1),Green Growth,I,MYS,Malaysia,A,Annual,PM_SC,PT_B1GQ,Percentage of GDP,_T,Total - all activities,2011,3.22,A,Normal value,0,Units,_Z,2015.0,3.0,2.0
DATAFLOW,OECD.ENV.EPI:DSD_GG@DF_GREEN_GROWTH(1.1),Green Growth,I,MYS,Malaysia,A,Annual,PM_SC,PT_B1GQ,Percentage of GDP,_T,Total - all activities,2010,3.22,A,Normal value,0,Units,_Z,2015.0,3.0,2.0
DATAFLOW,OECD.ENV.EPI:DSD_GG@DF_GREEN_GROWTH(1.1),Green Growth,I,MYS,Malaysia,A,Annual,PM_SC,PT_B1GQ,Percentage of GDP,_T,Total - all activities,2009,3.3,A,Normal value,0,Units,_Z,2015.0,3.0,2.0
DATAFLOW,OECD.ENV.EPI:DSD_GG@DF_GREEN_GROWTH(1.1),Green Growth,I,MYS,Malaysia,A,Annual,ENVRESPROD,_X,Unspecified,H,Transportation and storage,2009,9.675,A,Normal value,0,Units,,2015.0,2.0,2.0
DATAFLOW,OECD.ENV.EPI:DSD_GG@DF_GREEN_GROWTH(1.1),Green Growth,I,MYS,Malaysia,A,Annual,ENVRESPROD,_X,Unspecified,H,Transportation and storage,2008,9.675,A,Normal value,0,Units,,2015.0,2.0,2.0
DATAFLOW,OECD.ENV.EPI:DSD_GG@DF_GREEN_GROWTH(1.1),Green Growth,I,MYS,Malaysia,A,Annual,ENVRESPROD,_X,Unspecified,H,Transportation and storage,2007,9.675,A,Normal value,0,Units,,2015.0,2.0,2.0
DATAFLOW,OECD.ENV.EPI:DSD_GG@DF_GREEN_GROWTH(1.1),Green Growth,I,MYS,Malaysia,A,Annual,ENVRESPROD,_X,Unspecified,H,Transportation and storage,2006,9.675,A,Normal value,0,Units,,2015.0,2.0,2.0
DATAFLOW,OECD.ENV.EPI:DSD_GG@DF_GREEN_GROWTH(1.1),Green Growth,I,MYS,Malaysia,A,Annual,ENVRESPROD,_X,Unspecified,H,Transportation and storage,2005,9.675,A,Normal value,0,Units,,2015.0,2.0,2.0
DATAFLOW,OECD.ENV.EPI:DSD_GG@DF_GREEN_GROWTH(1.1),Green Growth,I,MYS,Malaysia,A,Annual,ENVRESPROD,_X,Unspecified,H,Transportation and storage,2004,9.675,A,Normal value,0,Units,,2015.0,2.0,2.0
DATAFLOW,OECD.ENV.EPI:DSD_GG@DF_GREEN_GROWTH(1.1),Green Growth,I,MYS,Malaysia,A,Annual,ENVRESPROD,_X,Unspecified,H,Transportation and storage,2003,9.675,A,Normal value,0,Units,,2015.0,2.0,2.0
DATAFLOW,OECD.ENV.EPI:DSD_GG@DF_GREEN_GROWTH(1.1),Green Growth,I,MYS,Malaysia,A,Annual,ENVRESPROD,_X,Unspecified,H,Transportation and storage,2002,9.675,A,Normal value,0,Units,,2015.0,2.0,2.0
DATAFLOW,OECD.ENV.EPI:DSD_GG@DF_GREEN_GROWTH(1.1),Green Growth,I,MYS,Malaysia,A,Annual,ENVRESPROD,_X,Unspecified,H,Transportation and storage,2001,9.675,A,Normal value,0,Units,,2015.0,2.0,2.0
DATAFLOW,OECD.ENV.EPI:DSD_GG@DF_GREEN_GROWTH(1.1),Green Growth,I,MYS,Malaysia,A,Annual,ENVRESPROD,_X,Unspecified,H,Transportation and storage,2000,9.675,A,Normal value,0,Units,,2015.0,2.0,2.0
DATAFLOW,OECD.ENV.EPI:DSD_GG@DF_GREEN_GROWTH(1.1),Green Growth,I,MYS,Malaysia,A,Annual,ENVRESPROD,_X,Unspecified,H,Transportation and storage,2022,9.675,A,Normal value,0,Units,,2015.0,2.0,2.0
DATAFLOW,OECD.ENV.EPI:DSD_GG@DF_GREEN_GROWTH(1.1),Green Growth,I,MYS,Malaysia,A,Annual,ENVRESPROD,_X,Unspecified,H,Transportation and storage,2021,9.675,A,Normal value,0,Units,,2015.0,2.0,2.0
DATAFLOW,OECD.ENV.EPI:DSD_GG@DF_GREEN_GROWTH(1.1),Green Growth,I,MYS,Malaysia,A,Annual,ENVRESPROD,_X,Unspecified,H,Transportation and storage,2020,9.675,A,Normal value,0,Units,,2015.0,2.0,2.0
DATAFLOW,OECD.ENV.EPI:DSD_GG@DF_GREEN_GROWTH(1.1),Green Growth,I,MYS,Malaysia,A,Annual,ENVRESPROD,_X,Unspecified,H,Transportation and storage,2019,9.675,A,Normal value,0,Units,,2015.0,2.0,2.0
DATAFLOW,OECD.ENV.EPI:DSD_GG@DF_GREEN_GROWTH(1.1),Green Growth,I,MYS,Malaysia,A,Annual,ENVRESPROD,_X,Unspecified,H,Transportation and storage,2018,9.675,A,Normal value,0,Units,,2015.0,2.0,2.0
DATAFLOW,OECD.ENV.EPI:DSD_GG@DF_GREEN_GROWTH(1.1),Green Growth,I,MYS,Malaysia,A,Annual,ENVRESPROD,_X,Unspecified,H,Transportation and storage,2017,9.675,A,Normal value,0,Units,,2015.0,2.0,2.0
DATAFLOW,OECD.ENV.EPI:DSD_GG@DF_GREEN_GROWTH(1.1),Green Growth,I,MYS,Malaysia,A,Annual,ENVRESPROD,_X,Unspecified,H,Transportation and storage,2016,9.675,A,Normal value,0,Units,,2015.0,2.0,2.0
DATAFLOW,OECD.ENV.EPI:DSD_GG@DF_GREEN_GROWTH(1.1),Green Growth,I,MYS,Malaysia,A,Annual,ENVRESPROD,_X,Unspecified,H,Transportation and storage,2015,9.675,A,Normal value,0,Units,,2015.0,2.0,2.0
DATAFLOW,OECD.ENV.EPI:DSD_GG@DF_GREEN_GROWTH(1.1),Green Growth,I,MYS,Malaysia,A,Annual,ENVRESPROD,_X,Unspecified,H,Transportation and storage,2014,9.675,A,Normal value,0,Units,,2015.0,2.0,2.0
DATAFLOW,OECD.ENV.EPI:DSD_GG@DF_GREEN_GROWTH(1.1),Green Growth,I,MYS,Malaysia,A,Annual,ENVRESPROD,_X,Unspecified,H,Transportation and storage,2013,9.675,A,Normal value,0,Units,,2015.0,2.0,2.0
DATAFLOW,OECD.ENV.EPI:DSD_GG@DF_GREEN_GROWTH(1.1),Green Growth,I,MYS,Malaysia,A,Annual,ENVRESPROD,_X,Unspecified,H,Transportation and storage,2012,9.675,A,Normal value,0,Units,,2015.0,2.0,2.0
DATAFLOW,OECD.ENV.EPI:DSD_GG@DF_GREEN_GROWTH(1.1),Green Growth,I,MYS,Malaysia,A,Annual,ENVRESPROD,_X,Unspecified,H,Transportation and storage,2011,9.675,A,Normal value,0,Units,,2015.0,2.0,2.0
DATAFLOW,OECD.ENV.EPI:DSD_GG@DF_GREEN_GROWTH(1.1),Green Growth,I,MYS,Malaysia,A,Annual,RE_NRG,PT_GEN_EL,Percentage of electricity generation,_T,Total - all activities,2007,6.66,A,Normal value,0,Units,_Z,2015.0,1.0,2.0
DATAFLOW,OECD.ENV.EPI:DSD_GG@DF_GREEN_GROWTH(1.1),Green Growth,I,MYS,Malaysia,A,Annual,RE_NRG,PT_GEN_EL,Percentage of electricity generation,_T,Total - all activities,2006,7.17,A,Normal value,0,Units,_Z,2015.0,1.0,2.0
DATAFLOW,OECD.ENV.EPI:DSD_GG@DF_GREEN_GROWTH(1.1),Green Growth,I,MYS,Malaysia,A,Annual,RE_NRG,PT_GEN_EL,Percentage of electricity generation,_T,Total - all activities,2005,6.28,A,Normal value,0,Units,_Z,2015.0,1.0,2.0
DATAFLOW,OECD.ENV.EPI:DSD_GG@DF_GREEN_GROWTH(1.1),Green Growth,I,MYS,Malaysia,A,Annual,RE_NRG,PT_GEN_EL,Percentage of electricity generation,_T,Total - all activities,2004,7.09,A,Normal value,0,Units,_Z,2015.0,1.0,2.0
DATAFLOW,OECD.ENV.EPI:DSD_GG@DF_GREEN_GROWTH(1.1),Green Growth,I,MYS,Malaysia,A,Annual,RE_NRG,PT_GEN_EL,Percentage of electricity generation,_T,Total - all activities,2003,6.44,A,Normal value,0,Units,_Z,2015.0,1.0,2.0
DATAFLOW,OECD.ENV.EPI:DSD_GG@DF_GREEN_GROWTH(1.1),Green Growth,I,MYS,Malaysia,A,Annual,RE_NRG,PT_GEN_EL,Percentage of electricity generation,_T,Total - all activities,2002,7.14,A,Normal value,0,Units,_Z,2015.0,1.0,2.0
DATAFLOW,OECD.ENV.EPI:DSD_GG@DF_GREEN_GROWTH(1.1),Green Growth,I,MYS,Malaysia,A,Annual,RE_NRG,PT_GEN_EL,Percentage of electricity generation,_T,Total - all activities,2001,9.93,A,Normal value,0,Units,_Z,2015.0,1.0,2.0
DATAFLOW,OECD.ENV.EPI:DSD_GG@DF_GREEN_GROWTH(1.1),Green Growth,I,MYS,Malaysia,A,Annual,RE_NRG,PT_GEN_EL,Percentage of electricity generation,_T,Total - all activities,2000,10.06,A,Normal value,0,Units,_Z,2015.0,1.0,2.0
DATAFLOW,OECD.ENV.EPI:DSD_GG@DF_GREEN_GROWTH(1.1),Green Growth,I,MYS,Malaysia,A,Annual,RE_NRG,PT_GEN_EL,Percentage of electricity generation,_T,Total - all activities,2020,16.2,A,Normal value,0,Units,_Z,2015.0,1.0,2.0
DATAFLOW,OECD.ENV.EPI:DSD_GG@DF_GREEN_GROWTH(1.1),Green Growth,I,MYS,Malaysia,A,Annual,RE_NRG,PT_GEN_EL,Percentage of electricity generation,_T,Total - all activities,2019,16.07,A,Normal value,0,Units,_Z,2015.0,1.0,2.0
DATAFLOW,OECD.ENV.EPI:DSD_GG@DF_GREEN_GROWTH(1.1),Green Growth,I,MYS,Malaysia,A,Annual,RE_NRG,PT_GEN_EL,Percentage of electricity generation,_T,Total - all activities,2018,16.57,A,Normal value,0,Units,_Z,2015.0,1.0,2.0
DATAFLOW,OECD.ENV.EPI:DSD_GG@DF_GREEN_GROWTH(1.1),Green Growth,I,MYS,Malaysia,A,Annual,RE_NRG,PT_GEN_EL,Percentage of electricity generation,_T,Total - all activities,2017,16.87,A,Normal value,0,Units,_Z,2015.0,1.0,2.0
DATAFLOW,OECD.ENV.EPI:DSD_GG@DF_GREEN_GROWTH(1.1),Green Growth,I,MYS,Malaysia,A,Annual,RE_NRG,PT_GEN_EL,Percentage of electricity generation,_T,Total - all activities,2016,13.46,A,Normal value,0,Units,_Z,2015.0,1.0,2.0
DATAFLOW,OECD.ENV.EPI:DSD_GG@DF_GREEN_GROWTH(1.1),Green Growth,I,MYS,Malaysia,A,Annual,RE_NRG,PT_GEN_EL,Percentage of electricity generation,_T,Total - all activities,2015,9.96,A,Normal value,0,Units,_Z,2015.0,1.0,2.0
DATAFLOW,OECD.ENV.EPI:DSD_GG@DF_GREEN_GROWTH(1.1),Green Growth,I,MYS,Malaysia,A,Annual,RE_NRG,PT_GEN_EL,Percentage of electricity generation,_T,Total - all activities,2014,9.71,A,Normal value,0,Units,_Z,2015.0,1.0,2.0
DATAFLOW,OECD.ENV.EPI:DSD_GG@DF_GREEN_GROWTH(1.1),Green Growth,I,MYS,Malaysia,A,Annual,RE_NRG,PT_GEN_EL,Percentage of electricity generation,_T,Total - all activities,2013,8.58,A,Normal value,0,Units,_Z,2015.0,1.0,2.0
DATAFLOW,OECD.ENV.EPI:DSD_GG@DF_GREEN_GROWTH(1.1),Green Growth,I,MYS,Malaysia,A,Annual,RE_NRG,PT_GEN_EL,Percentage of electricity generation,_T,Total - all activities,2012,7.38,A,Normal value,0,Units,_Z,2015.0,1.0,2.0
DATAFLOW,OECD.ENV.EPI:DSD_GG@DF_GREEN_GROWTH(1.1),Green Growth,I,MYS,Malaysia,A,Annual,RE_NRG,PT_GEN_EL,Percentage of electricity generation,_T,Total - all activities,2011,6.72,A,Normal value,0,Units,_Z,2015.0,1.0,2.0
DATAFLOW,OECD.ENV.EPI:DSD_GG@DF_GREEN_GROWTH(1.1),Green Growth,I,MYS,Malaysia,A,Annual,RE_NRG,PT_GEN_EL,Percentage of electricity generation,_T,Total - all activities,2010,5.99,A,Normal value,0,Units,_Z,2015.0,1.0,2.0
DATAFLOW,OECD.ENV.EPI:DSD_GG@DF_GREEN_GROWTH(1.1),Green Growth,I,MYS,Malaysia,A,Annual,RE_NRG,PT_GEN_EL,Percentage of electricity generation,_T,Total - all activities,2009,7.01,A,Normal value,0,Units,_Z,2015.0,1.0,2.0
DATAFLOW,OECD.ENV.EPI:DSD_GG@DF_GREEN_GROWTH(1.1),Green Growth,I,MYS,Malaysia,A,Annual,NRG,_X,Unspecified,A,"Agriculture, forestry and fishing",2009,9.675,A,Normal value,0,Units,,2015.0,2.0,2.0
DATAFLOW,OECD.ENV.EPI:DSD_GG@DF_GREEN_GROWTH(1.1),Green Growth,I,MYS,Malaysia,A,Annual,NRG,_X,Unspecified,A,"Agriculture, forestry and fishing",2008,9.675,A,Normal value,0,Units,,2015.0,2.0,2.0
DATAFLOW,OECD.ENV.EPI:DSD_GG@DF_GREEN_GROWTH(1.1),Green Growth,I,MYS,Malaysia,A,Annual,NRG,_X,Unspecified,A,"Agriculture, forestry and fishing",2007,9.675,A,Normal value,0,Units,,2015.0,2.0,2.0
DATAFLOW,OECD.ENV.EPI:DSD_GG@DF_GREEN_GROWTH(1.1),Green Growth,I,MYS,Malaysia,A,Annual,NRG,_X,Unspecified,A,"Agriculture, forestry and fishing",2006,9.675,A,Normal value,0,Units,,2015.0,2.0,2.0
DATAFLOW,OECD.ENV.EPI:DSD_GG@DF_GREEN_GROWTH(1.1),Green Growth,I,MYS,Malaysia,A,Annual,NRG,_X,Unspecified,A,"Agriculture, forestry and fishing",2005,9.675,A,Normal value,0,Units,,2015.0,2.0,2.0
DATAFLOW,OECD.ENV.EPI:DSD_GG@DF_GREEN_GROWTH(1.1),Green Growth,I,MYS,Malaysia,A,Annual,NRG,_X,Unspecified,A,"Agriculture, forestry and fishing",2004,9.675,A,Normal value,0,Units,,2015.0,2.0,2.0
DATAFLOW,OECD.ENV.EPI:DSD_GG@DF_GREEN_GROWTH(1.1),Green Growth,I,MYS,Malaysia,A,Annual,NRG,_X,Unspecified,A,"Agriculture, forestry and fishing",2003,9.675,A,Normal value,0,Units,,2015.0,2.0,2.0
DATAFLOW,OECD.ENV.EPI:DSD_GG@DF_GREEN_GROWTH(1.1),Green Growth,I,MYS,Malaysia,A,Annual,NRG,_X,Unspecified,A,"Agriculture, forestry and fishing",2002,9.675,A,Normal value,0,Units,,2015.0,2.0,2.0
DATAFLOW,OECD.ENV.EPI:DSD_GG@DF_GREEN_GROWTH(1.1),Green Growth,I,MYS,Malaysia,A,Annual,NRG,_X,Unspecified,A,"Agriculture, forestry and fishing",2001,9.675,A,Normal value,0,Units,,2015.0,2.0,2.0
DATAFLOW,OECD.ENV.EPI:DSD_GG@DF_GREEN_GROWTH(1.1),Green Growth,I,MYS,Malaysia,A,Annual,NRG,_X,Unspecified,A,"Agriculture, forestry and fishing",2000,9.675,A,Normal value,0,Units,,2015.0,2.0,2.0
DATAFLOW,OECD.ENV.EPI:DSD_GG@DF_GREEN_GROWTH(1.1),Green Growth,I,MYS,Malaysia,A,Annual,NRG,_X,Unspecified,A,"Agriculture, forestry and fishing",2022,9.675,A,Normal value,0,Units,,2015.0,2.0,2.0
DATAFLOW,OECD.ENV.EPI:DSD_GG@DF_GREEN_GROWTH(1.1),Green Growth,I,MYS,Malaysia,A,Annual,NRG,_X,Unspecified,A,"Agriculture, forestry and fishing",2021,9.675,A,Normal value,0,Units,,2015.0,2.0,2.0
DATAFLOW,OECD.ENV.EPI:DSD_GG@DF_GREEN_GROWTH(1.1),Green Growth,I,MYS,Malaysia,A,Annual,NRG,_X,Unspecified,A,"Agriculture, forestry and fishing",2020,9.675,A,Normal value,0,Units,,2015.0,2.0,2.0
DATAFLOW,OECD.ENV.EPI:DSD_GG@DF_GREEN_GROWTH(1.1),Green Growth,I,MYS,Malaysia,A,Annual,NRG,_X,Unspecified,A,"Agriculture, forestry and fishing",2019,9.675,A,Normal value,0,Units,,2015.0,2.0,2.0
DATAFLOW,OECD.ENV.EPI:DSD_GG@DF_GREEN_GROWTH(1.1),Green Growth,I,MYS,Malaysia,A,Annual,NRG,_X,Unspecified,A,"Agriculture, forestry and fishing",2018,9.675,A,Normal value,0,Units,,2015.0,2.0,2.0
DATAFLOW,OECD.ENV.EPI:DSD_GG@DF_GREEN_GROWTH(1.1),Green Growth,I,MYS,Malaysia,A,Annual,NRG,_X,Unspecified,A,"Agriculture, forestry and fishing",2017,9.675,A,Normal value,0,Units,,2015.0,2.0,2.0
DATAFLOW,OECD.ENV.EPI:DSD_GG@DF_GREEN_GROWTH(1.1),Green Growth,I,MYS,Malaysia,A,Annual,NRG,_X,Unspecified,A,"Agriculture, forestry and fishing",2016,9.675,A,Normal value,0,Units,,2015.0,2.0,2.0
DATAFLOW,OECD.ENV.EPI:DSD_GG@DF_GREEN_GROWTH(1.1),Green Growth,I,MYS,Malaysia,A,Annual,NRG,_X,Unspecified,A,"Agriculture, forestry and fishing",2015,9.675,A,Normal value,0,Units,,2015.0,2.0,2.0
DATAFLOW,OECD.ENV.EPI:DSD_GG@DF_GREEN_GROWTH(1.1),Green Growth,I,MYS,Malaysia,A,Annual,NRG,_X,Unspecified,A,"Agriculture, forestry and fishing",2014,9.675,A,Normal value,0,Units,,2015.0,2.0,2.0
DATAFLOW,OECD.ENV.EPI:DSD_GG@DF_GREEN_GROWTH(1.1),Green Growth,I,MYS,Malaysia,A,Annual,NRG,_X,Unspecified,A,"Agriculture, forestry and fishing",2013,9.675,A,Normal value,0,Units,,2015.0,2.0,2.0
DATAFLOW,OECD.ENV.EPI:DSD_GG@DF_GREEN_GROWTH(1.1),Green Growth,I,MYS,Malaysia,A,Annual,NRG,_X,Unspecified,A,"Agriculture, forestry and fishing",2012,9.675,A,Normal value,0,Units,,2015.0,2.0,2.0
DATAFLOW,OECD.ENV.EPI:DSD_GG@DF_GREEN_GROWTH(1.1),Green Growth,I,MYS,Malaysia,A,Annual,NRG,_X,Unspecified,A,"Agriculture, forestry and fishing",2011,9.675,A,Normal value,0,Units,,2015.0,2.0,2.0
DATAFLOW,OECD.ENV.EPI:DSD_GG@DF_GREEN_GROWTH(1.1),Green Growth,I,MYS,Malaysia,A,Annual,ECOPOL,_X,Unspecified,_T,Total - all activities,2009,9.675,A,Normal value,0,Units,,2015.0,2.0,2.0
DATAFLOW,OECD.ENV.EPI:DSD_GG@DF_GREEN_GROWTH(1.1),Green Growth,I,MYS,Malaysia,A,Annual,ECOPOL,_X,Unspecified,_T,Total - all activities,2008,9.675,A,Normal value,0,Units,,2015.0,2.0,2.0
DATAFLOW,OECD.ENV.EPI:DSD_GG@DF_GREEN_GROWTH(1.1),Green Growth,I,MYS,Malaysia,A,Annual,ECOPOL,_X,Unspecified,_T,Total - all activities,2007,9.675,A,Normal value,0,Units,,2015.0,2.0,2.0
DATAFLOW,OECD.ENV.EPI:DSD_GG@DF_GREEN_GROWTH(1.1),Green Growth,I,MYS,Malaysia,A,Annual,ECOPOL,_X,Unspecified,_T,Total - all activities,2006,9.675,A,Normal value,0,Units,,2015.0,2.0,2.0
DATAFLOW,OECD.ENV.EPI:DSD_GG@DF_GREEN_GROWTH(1.1),Green Growth,I,MYS,Malaysia,A,Annual,ECOPOL,_X,Unspecified,_T,Total - all activities,2005,9.675,A,Normal value,0,Units,,2015.0,2.0,2.0
DATAFLOW,OECD.ENV.EPI:DSD_GG@DF_GREEN_GROWTH(1.1),Green Growth,I,MYS,Malaysia,A,Annual,ECOPOL,_X,Unspecified,_T,Total - all activities,2004,9.675,A,Normal value,0,Units,,2015.0,2.0,2.0
DATAFLOW,OECD.ENV.EPI:DSD_GG@DF_GREEN_GROWTH(1.1),Green Growth,I,MYS,Malaysia,A,Annual,ECOPOL,_X,Unspecified,_T,Total - all activities,2003,9.675,A,Normal value,0,Units,,2015.0,2.0,2.0
DATAFLOW,OECD.ENV.EPI:DSD_GG@DF_GREEN_GROWTH(1.1),Green Growth,I,MYS,Malaysia,A,Annual,ECOPOL,_X,Unspecified,_T,Total - all activities,2002,9.675,A,Normal value,0,Units,,2015.0,2.0,2.0
DATAFLOW,OECD.ENV.EPI:DSD_GG@DF_GREEN_GROWTH(1.1),Green Growth,I,MYS,Malaysia,A,Annual,ECOPOL,_X,Unspecified,_T,Total - all activities,2001,9.675,A,Normal value,0,Units,,2015.0,2.0,2.0
DATAFLOW,OECD.ENV.EPI:DSD_GG@DF_GREEN_GROWTH(1.1),Green Growth,I,MYS,Malaysia,A,Annual,ECOPOL,_X,Unspecified,_T,Total - all activities,2000,9.675,A,Normal value,0,Units,,2015.0,2.0,2.0
DATAFLOW,OECD.ENV.EPI:DSD_GG@DF_GREEN_GROWTH(1.1),Green Growth,I,MYS,Malaysia,A,Annual,ECOPOL,_X,Unspecified,_T,Total - all activities,2022,9.675,A,Normal value,0,Units,,2015.0,2.0,2.0
DATAFLOW,OECD.ENV.EPI:DSD_GG@DF_GREEN_GROWTH(1.1),Green Growth,I,MYS,Malaysia,A,Annual,ECOPOL,_X,Unspecified,_T,Total - all activities,2021,9.675,A,Normal value,0,Units,,2015.0,2.0,2.0
DATAFLOW,OECD.ENV.EPI:DSD_GG@DF_GREEN_GROWTH(1.1),Green Growth,I,MYS,Malaysia,A,Annual,ECOPOL,_X,Unspecified,_T,Total - all activities,2020,9.675,A,Normal value,0,Units,,2015.0,2.0,2.0
DATAFLOW,OECD.ENV.EPI:DSD_GG@DF_GREEN_GROWTH(1.1),Green Growth,I,MYS,Malaysia,A,Annual,ECOPOL,_X,Unspecified,_T,Total - all activities,2019,9.675,A,Normal value,0,Units,,2015.0,2.0,2.0
DATAFLOW,OECD.ENV.EPI:DSD_GG@DF_GREEN_GROWTH(1.1),Green Growth,I,MYS,Malaysia,A,Annual,ECOPOL,_X,Unspecified,_T,Total - all activities,2018,9.675,A,Normal value,0,Units,,2015.0,2.0,2.0
DATAFLOW,OECD.ENV.EPI:DSD_GG@DF_GREEN_GROWTH(1.1),Green Growth,I,MYS,Malaysia,A,Annual,ECOPOL,_X,Unspecified,_T,Total - all activities,2017,9.675,A,Normal value,0,Units,,2015.0,2.0,2.0
DATAFLOW,OECD.ENV.EPI:DSD_GG@DF_GREEN_GROWTH(1.1),Green Growth,I,MYS,Malaysia,A,Annual,ECOPOL,_X,Unspecified,_T,Total - all activities,2016,9.675,A,Normal value,0,Units,,2015.0,2.0,2.0
DATAFLOW,OECD.ENV.EPI:DSD_GG@DF_GREEN_GROWTH(1.1),Green Growth,I,MYS,Malaysia,A,Annual,ECOPOL,_X,Unspecified,_T,Total - all activities,2015,9.675,A,Normal value,0,Units,,2015.0,2.0,2.0
DATAFLOW,OECD.ENV.EPI:DSD_GG@DF_GREEN_GROWTH(1.1),Green Growth,I,MYS,Malaysia,A,Annual,ECOPOL,_X,Unspecified,_T,Total - all activities,2014,9.675,A,Normal value,0,Units,,2015.0,2.0,2.0
DATAFLOW,OECD.ENV.EPI:DSD_GG@DF_GREEN_GROWTH(1.1),Green Growth,I,MYS,Malaysia,A,Annual,ECOPOL,_X,Unspecified,_T,Total - all activities,2013,9.675,A,Normal value,0,Units,,2015.0,2.0,2.0
DATAFLOW,OECD.ENV.EPI:DSD_GG@DF_GREEN_GROWTH(1.1),Green Growth,I,MYS,Malaysia,A,Annual,ECOPOL,_X,Unspecified,_T,Total - all activities,2012,9.675,A,Normal value,0,Units,,2015.0,2.0,2.0
DATAFLOW,OECD.ENV.EPI:DSD_GG@DF_GREEN_GROWTH(1.1),Green Growth,I,MYS,Malaysia,A,Annual,ECOPOL,_X,Unspecified,_T,Total - all activities,2011,9.675,A,Normal value,0,Units,,2015.0,2.0,2.0
DATAFLOW,OECD.ENV.EPI:DSD_GG@DF_GREEN_GROWTH(1.1),Green Growth,I,MYS,Malaysia,A,Annual,POP_LIFEEXP,Y,Years,_T,Total - all activities,2007,74.21,A,Normal value,0,Units,_Z,2015.0,1.0,2.0
DATAFLOW,OECD.ENV.EPI:DSD_GG@DF_GREEN_GROWTH(1.1),Green Growth,I,MYS,Malaysia,A,Annual,POP_LIFEEXP,Y,Years,_T,Total - all activities,2006,74.16,A,Normal value,0,Units,_Z,2015.0,1.0,2.0
DATAFLOW,OECD.ENV.EPI:DSD_GG@DF_GREEN_GROWTH(1.1),Green Growth,I,MYS,Malaysia,A,Annual,POP_LIFEEXP,Y,Years,_T,Total - all activities,2005,74.1,A,Normal value,0,Units,_Z,2015.0,1.0,2.0
DATAFLOW,OECD.ENV.EPI:DSD_GG@DF_GREEN_GROWTH(1.1),Green Growth,I,MYS,Malaysia,A,Annual,POP_LIFEEXP,Y,Years,_T,Total - all activities,2004,73.9,A,Normal value,0,Units,_Z,2015.0,1.0,2.0
DATAFLOW,OECD.ENV.EPI:DSD_GG@DF_GREEN_GROWTH(1.1),Green Growth,I,MYS,Malaysia,A,Annual,POP_LIFEEXP,Y,Years,_T,Total - all activities,2003,73.8,A,Normal value,0,Units,_Z,2015.0,1.0,2.0
DATAFLOW,OECD.ENV.EPI:DSD_GG@DF_GREEN_GROWTH(1.1),Green Growth,I,MYS,Malaysia,A,Annual,POP_LIFEEXP,Y,Years,_T,Total - all activities,2002,73.56,A,Normal value,0,Units,_Z,2015.0,1.0,2.0
DATAFLOW,OECD.ENV.EPI:DSD_GG@DF_GREEN_GROWTH(1.1),Green Growth,I,MYS,Malaysia,A,Annual,POP_LIFEEXP,Y,Years,_T,Total - all activities,2001,73.34,A,Normal value,0,Units,_Z,2015.0,1.0,2.0
DATAFLOW,OECD.ENV.EPI:DSD_GG@DF_GREEN_GROWTH(1.1),Green Growth,I,MYS,Malaysia,A,Annual,POP_LIFEEXP,Y,Years,_T,Total - all activities,2000,72.78,A,Normal value,0,Units,_Z,2015.0,1.0,2.0
DATAFLOW,OECD.ENV.EPI:DSD_GG@DF_GREEN_GROWTH(1.1),Green Growth,I,MYS,Malaysia,A,Annual,POP_LIFEEXP,Y,Years,_T,Total - all activities,2021,74.88,A,Normal value,0,Units,_Z,2015.0,1.0,2.0
DATAFLOW,OECD.ENV.EPI:DSD_GG@DF_GREEN_GROWTH(1.1),Green Growth,I,MYS,Malaysia,A,Annual,POP_LIFEEXP,Y,Years,_T,Total - all activities,2020,75.94,A,Normal value,0,Units,_Z,2015.0,1.0,2.0
DATAFLOW,OECD.ENV.EPI:DSD_GG@DF_GREEN_GROWTH(1.1),Green Growth,I,MYS,Malaysia,A,Annual,POP_LIFEEXP,Y,Years,_T,Total - all activities,2019,75.76,A,Normal value,0,Units,_Z,2015.0,1.0,2.0
DATAFLOW,OECD.ENV.EPI:DSD_GG@DF_GREEN_GROWTH(1.1),Green Growth,I,MYS,Malaysia,A,Annual,POP_LIFEEXP,Y,Years,_T,Total - all activities,2018,75.64,A,Normal value,0,Units,_Z,2015.0,1.0,2.0
DATAFLOW,OECD.ENV.EPI:DSD_GG@DF_GREEN_GROWTH(1.1),Green Growth,I,MYS,Malaysia,A,Annual,POP_LIFEEXP,Y,Years,_T,Total - all activities,2017,75.48,A,Normal value,0,Units,_Z,2015.0,1.0,2.0
DATAFLOW,OECD.ENV.EPI:DSD_GG@DF_GREEN_GROWTH(1.1),Green Growth,I,MYS,Malaysia,A,Annual,POP_LIFEEXP,Y,Years,_T,Total - all activities,2016,75.29,A,Normal value,0,Units,_Z,2015.0,1.0,2.0
DATAFLOW,OECD.ENV.EPI:DSD_GG@DF_GREEN_GROWTH(1.1),Green Growth,I,MYS,Malaysia,A,Annual,POP_LIFEEXP,Y,Years,_T,Total - all activities,2015,75.09,A,Normal value,0,Units,_Z,2015.0,1.0,2.0
DATAFLOW,OECD.ENV.EPI:DSD_GG@DF_GREEN_GROWTH(1.1),Green Growth,I,MYS,Malaysia,A,Annual,POP_LIFEEXP,Y,Years,_T,Total - all activities,2014,75.15,A,Normal value,0,Units,_Z,2015.0,1.0,2.0
DATAFLOW,OECD.ENV.EPI:DSD_GG@DF_GREEN_GROWTH(1.1),Green Growth,I,MYS,Malaysia,A,Annual,POP_LIFEEXP,Y,Years,_T,Total - all activities,2013,75.03,A,Normal value,0,Units,_Z,2015.0,1.0,2.0
DATAFLOW,OECD.ENV.EPI:DSD_GG@DF_GREEN_GROWTH(1.1),Green Growth,I,MYS,Malaysia,A,Annual,POP_LIFEEXP,Y,Years,_T,Total - all activities,2012,74.94,A,Normal value,0,Units,_Z,2015.0,1.0,2.0
DATAFLOW,OECD.ENV.EPI:DSD_GG@DF_GREEN_GROWTH(1.1),Green Growth,I,MYS,Malaysia,A,Annual,POP_LIFEEXP,Y,Years,_T,Total - all activities,2011,74.75,A,Normal value,0,Units,_Z,2015.0,1.0,2.0
DATAFLOW,OECD.ENV.EPI:DSD_GG@DF_GREEN_GROWTH(1.1),Green Growth,I,MYS,Malaysia,A,Annual,POP_LIFEEXP,Y,Years,_T,Total - all activities,2010,74.44,A,Normal value,0,Units,_Z,2015.0,1.0,2.0
DATAFLOW,OECD.ENV.EPI:DSD_GG@DF_GREEN_GROWTH(1.1),Green Growth,I,MYS,Malaysia,A,Annual,POP_LIFEEXP,Y,Years,_T,Total - all activities,2009,74.23,A,Normal value,0,Units,_Z,2015.0,1.0,2.0
DATAFLOW,OECD.ENV.EPI:DSD_GG@DF_GREEN_GROWTH(1.1),Green Growth,I,MYS,Malaysia,A,Annual,PM_SPEX35,PT_POP,Percentage of population,_T,Total - all activities,2016,0.0,A,Normal value,0,Units,_Z,2015.0,3.0,2.0
DATAFLOW,OECD.ENV.EPI:DSD_GG@DF_GREEN_GROWTH(1.1),Green Growth,I,MYS,Malaysia,A,Annual,PM_SPEX35,PT_POP,Percentage of population,_T,Total - all activities,2015,0.0,A,Normal value,0,Units,_Z,2015.0,3.0,2.0
DATAFLOW,OECD.ENV.EPI:DSD_GG@DF_GREEN_GROWTH(1.1),Green Growth,I,MYS,Malaysia,A,Annual,PM_SPEX35,PT_POP,Percentage of population,_T,Total - all activities,2014,0.0,A,Normal value,0,Units,_Z,2015.0,3.0,2.0
DATAFLOW,OECD.ENV.EPI:DSD_GG@DF_GREEN_GROWTH(1.1),Green Growth,I,MYS,Malaysia,A,Annual,PM_SPEX35,PT_POP,Percentage of population,_T,Total - all activities,2013,0.0,A,Normal value,0,Units,_Z,2015.0,3.0,2.0
DATAFLOW,OECD.ENV.EPI:DSD_GG@DF_GREEN_GROWTH(1.1),Green Growth,I,MYS,Malaysia,A,Annual,PM_SPEX35,PT_POP,Percentage of population,_T,Total - all activities,2012,0.0,A,Normal value,0,Units,_Z,2015.0,3.0,2.0
DATAFLOW,OECD.ENV.EPI:DSD_GG@DF_GREEN_GROWTH(1.1),Green Growth,I,MYS,Malaysia,A,Annual,PM_SPEX35,PT_POP,Percentage of population,_T,Total - all activities,2011,0.0,A,Normal value,0,Units,_Z,2015.0,3.0,2.0
DATAFLOW,OECD.ENV.EPI:DSD_GG@DF_GREEN_GROWTH(1.1),Green Growth,I,MYS,Malaysia,A,Annual,PM_SPEX35,PT_POP,Percentage of population,_T,Total - all activities,2010,0.0,A,Normal value,0,Units,_Z,2015.0,3.0,2.0
DATAFLOW,OECD.ENV.EPI:DSD_GG@DF_GREEN_GROWTH(1.1),Green Growth,I,MYS,Malaysia,A,Annual,PM_SPEX35,PT_POP,Percentage of population,_T,Total - all activities,2005,0.0,A,Normal value,0,Units,_Z,2015.0,3.0,2.0
DATAFLOW,OECD.ENV.EPI:DSD_GG@DF_GREEN_GROWTH(1.1),Green Growth,I,MYS,Malaysia,A,Annual,PM_SPEX35,PT_POP,Percentage of population,_T,Total - all activities,2000,3.21,A,Normal value,0,Units,_Z,2015.0,3.0,2.0
DATAFLOW,OECD.ENV.EPI:DSD_GG@DF_GREEN_GROWTH(1.1),Green Growth,I,MYS,Malaysia,A,Annual,PM_SPEX35,PT_POP,Percentage of population,_T,Total - all activities,2019,0.0,A,Normal value,0,Units,_Z,2015.0,3.0,2.0
DATAFLOW,OECD.ENV.EPI:DSD_GG@DF_GREEN_GROWTH(1.1),Green Growth,I,MYS,Malaysia,A,Annual,PM_SPEX35,PT_POP,Percentage of population,_T,Total - all activities,2018,0.0,A,Normal value,0,Units,_Z,2015.0,3.0,2.0
DATAFLOW,OECD.ENV.EPI:DSD_GG@DF_GREEN_GROWTH(1.1),Green Growth,I,MYS,Malaysia,A,Annual,RN_SC,PT_B1GQ,Percentage of GDP,_T,Total - all activities,2007,0.02,A,Normal value,0,Units,_Z,2015.0,3.0,2.0
DATAFLOW,OECD.ENV.EPI:DSD_GG@DF_GREEN_GROWTH(1.1),Green Growth,I,MYS,Malaysia,A,Annual,RN_SC,PT_B1GQ,Percentage of GDP,_T,Total - all activities,2006,0.02,A,Normal value,0,Units,_Z,2015.0,3.0,2.0
DATAFLOW,OECD.ENV.EPI:DSD_GG@DF_GREEN_GROWTH(1.1),Green Growth,I,MYS,Malaysia,A,Annual,RN_SC,PT_B1GQ,Percentage of GDP,_T,Total - all activities,2005,0.02,A,Normal value,0,Units,_Z,2015.0,3.0,2.0
DATAFLOW,OECD.ENV.EPI:DSD_GG@DF_GREEN_GROWTH(1.1),Green Growth,I,MYS,Malaysia,A,Annual,RN_SC,PT_B1GQ,Percentage of GDP,_T,Total - all activities,2004,0.02,A,Normal value,0,Units,_Z,2015.0,3.0,2.0
DATAFLOW,OECD.ENV.EPI:DSD_GG@DF_GREEN_GROWTH(1.1),Green Growth,I,MYS,Malaysia,A,Annual,RN_SC,PT_B1GQ,Percentage of GDP,_T,Total - all activities,2003,0.02,A,Normal value,0,Units,_Z,2015.0,3.0,2.0
DATAFLOW,OECD.ENV.EPI:DSD_GG@DF_GREEN_GROWTH(1.1),Green Growth,I,MYS,Malaysia,A,Annual,RN_SC,PT_B1GQ,Percentage of GDP,_T,Total - all activities,2002,0.02,A,Normal value,0,Units,_Z,2015.0,3.0,2.0
DATAFLOW,OECD.ENV.EPI:DSD_GG@DF_GREEN_GROWTH(1.1),Green Growth,I,MYS,Malaysia,A,Annual,RN_SC,PT_B1GQ,Percentage of GDP,_T,Total - all activities,2001,0.02,A,Normal value,0,Units,_Z,2015.0,3.0,2.0
DATAFLOW,OECD.ENV.EPI:DSD_GG@DF_GREEN_GROWTH(1.1),Green Growth,I,MYS,Malaysia,A,Annual,RN_SC,PT_B1GQ,Percentage of GDP,_T,Total - all activities,2000,0.02,A,Normal value,0,Units,_Z,2015.0,3.0,2.0
DATAFLOW,OECD.ENV.EPI:DSD_GG@DF_GREEN_GROWTH(1.1),Green Growth,I,MYS,Malaysia,A,Annual,RN_SC,PT_B1GQ,Percentage of GDP,_T,Total - all activities,2019,0.02,A,Normal value,0,Units,_Z,2015.0,3.0,2.0
DATAFLOW,OECD.ENV.EPI:DSD_GG@DF_GREEN_GROWTH(1.1),Green Growth,I,MYS,Malaysia,A,Annual,RN_SC,PT_B1GQ,Percentage of GDP,_T,Total - all activities,2018,0.02,A,Normal value,0,Units,_Z,2015.0,3.0,2.0
DATAFLOW,OECD.ENV.EPI:DSD_GG@DF_GREEN_GROWTH(1.1),Green Growth,I,MYS,Malaysia,A,Annual,RN_SC,PT_B1GQ,Percentage of GDP,_T,Total - all activities,2017,0.02,A,Normal value,0,Units,_Z,2015.0,3.0,2.0
DATAFLOW,OECD.ENV.EPI:DSD_GG@DF_GREEN_GROWTH(1.1),Green Growth,I,MYS,Malaysia,A,Annual,RN_SC,PT_B1GQ,Percentage of GDP,_T,Total - all activities,2016,0.02,A,Normal value,0,Units,_Z,2015.0,3.0,2.0
DATAFLOW,OECD.ENV.EPI:DSD_GG@DF_GREEN_GROWTH(1.1),Green Growth,I,MYS,Malaysia,A,Annual,RN_SC,PT_B1GQ,Percentage of GDP,_T,Total - all activities,2015,0.02,A,Normal value,0,Units,_Z,2015.0,3.0,2.0
DATAFLOW,OECD.ENV.EPI:DSD_GG@DF_GREEN_GROWTH(1.1),Green Growth,I,MYS,Malaysia,A,Annual,RN_SC,PT_B1GQ,Percentage of GDP,_T,Total - all activities,2014,0.02,A,Normal value,0,Units,_Z,2015.0,3.0,2.0
DATAFLOW,OECD.ENV.EPI:DSD_GG@DF_GREEN_GROWTH(1.1),Green Growth,I,MYS,Malaysia,A,Annual,RN_SC,PT_B1GQ,Percentage of GDP,_T,Total - all activities,2013,0.02,A,Normal value,0,Units,_Z,2015.0,3.0,2.0
DATAFLOW,OECD.ENV.EPI:DSD_GG@DF_GREEN_GROWTH(1.1),Green Growth,I,MYS,Malaysia,A,Annual,RN_SC,PT_B1GQ,Percentage of GDP,_T,Total - all activities,2012,0.02,A,Normal value,0,Units,_Z,2015.0,3.0,2.0
DATAFLOW,OECD.ENV.EPI:DSD_GG@DF_GREEN_GROWTH(1.1),Green Growth,I,MYS,Malaysia,A,Annual,RN_SC,PT_B1GQ,Percentage of GDP,_T,Total - all activities,2011,0.02,A,Normal value,0,Units,_Z,2015.0,3.0,2.0
DATAFLOW,OECD.ENV.EPI:DSD_GG@DF_GREEN_GROWTH(1.1),Green Growth,I,MYS,Malaysia,A,Annual,RN_SC,PT_B1GQ,Percentage of GDP,_T,Total - all activities,2010,0.02,A,Normal value,0,Units,_Z,2015.0,3.0,2.0
DATAFLOW,OECD.ENV.EPI:DSD_GG@DF_GREEN_GROWTH(1.1),Green Growth,I,MYS,Malaysia,A,Annual,RN_SC,PT_B1GQ,Percentage of GDP,_T,Total - all activities,2009,0.02,A,Normal value,0,Units,_Z,2015.0,3.0,2.0
DATAFLOW,OECD.ENV.EPI:DSD_GG@DF_GREEN_GROWTH(1.1),Green Growth,I,MYS,Malaysia,A,Annual,GDP_RCAP,USD_PPP_PS,"US dollars per person, PPP converted",_T,Total - all activities,2007,19289.36,E,Estimated value,0,Units,Q,2015.0,1.0,2.0
DATAFLOW,OECD.ENV.EPI:DSD_GG@DF_GREEN_GROWTH(1.1),Green Growth,I,MYS,Malaysia,A,Annual,GDP_RCAP,USD_PPP_PS,"US dollars per person, PPP converted",_T,Total - all activities,2006,18545.56,E,Estimated value,0,Units,Q,2015.0,1.0,2.0
DATAFLOW,OECD.ENV.EPI:DSD_GG@DF_GREEN_GROWTH(1.1),Green Growth,I,MYS,Malaysia,A,Annual,GDP_RCAP,USD_PPP_PS,"US dollars per person, PPP converted",_T,Total - all activities,2005,17961.57,E,Estimated value,0,Units,Q,2015.0,1.0,2.0
DATAFLOW,OECD.ENV.EPI:DSD_GG@DF_GREEN_GROWTH(1.1),Green Growth,I,MYS,Malaysia,A,Annual,GDP_RCAP,USD_PPP_PS,"US dollars per person, PPP converted",_T,Total - all activities,2004,17449.65,E,Estimated value,0,Units,Q,2015.0,1.0,2.0
DATAFLOW,OECD.ENV.EPI:DSD_GG@DF_GREEN_GROWTH(1.1),Green Growth,I,MYS,Malaysia,A,Annual,GDP_RCAP,USD_PPP_PS,"US dollars per person, PPP converted",_T,Total - all activities,2003,16733.41,E,Estimated value,0,Units,Q,2015.0,1.0,2.0
DATAFLOW,OECD.ENV.EPI:DSD_GG@DF_GREEN_GROWTH(1.1),Green Growth,I,MYS,Malaysia,A,Annual,GDP_RCAP,USD_PPP_PS,"US dollars per person, PPP converted",_T,Total - all activities,2002,16208.92,E,Estimated value,0,Units,Q,2015.0,1.0,2.0
DATAFLOW,OECD.ENV.EPI:DSD_GG@DF_GREEN_GROWTH(1.1),Green Growth,I,MYS,Malaysia,A,Annual,GDP_RCAP,USD_PPP_PS,"US dollars per person, PPP converted",_T,Total - all activities,2001,15771.71,E,Estimated value,0,Units,Q,2015.0,1.0,2.0
DATAFLOW,OECD.ENV.EPI:DSD_GG@DF_GREEN_GROWTH(1.1),Green Growth,I,MYS,Malaysia,A,Annual,GDP_RCAP,USD_PPP_PS,"US dollars per person, PPP converted",_T,Total - all activities,2000,16098.98,E,Estimated value,0,Units,Q,2015.0,1.0,2.0
DATAFLOW,OECD.ENV.EPI:DSD_GG@DF_GREEN_GROWTH(1.1),Green Growth,I,MYS,Malaysia,A,Annual,GDP_RCAP,USD_PPP_PS,"US dollars per person, PPP converted",_T,Total - all activities,2021,26348.09,E,Estimated value,0,Units,Q,2015.0,1.0,2.0
DATAFLOW,OECD.ENV.EPI:DSD_GG@DF_GREEN_GROWTH(1.1),Green Growth,I,MYS,Malaysia,A,Annual,GDP_RCAP,USD_PPP_PS,"US dollars per person, PPP converted",_T,Total - all activities,2020,25845.62,E,Estimated value,0,Units,Q,2015.0,1.0,2.0
DATAFLOW,OECD.ENV.EPI:DSD_GG@DF_GREEN_GROWTH(1.1),Green Growth,I,MYS,Malaysia,A,Annual,GDP_RCAP,USD_PPP_PS,"US dollars per person, PPP converted",_T,Total - all activities,2019,27690.1,E,Estimated value,0,Units,Q,2015.0,1.0,2.0
DATAFLOW,OECD.ENV.EPI:DSD_GG@DF_GREEN_GROWTH(1.1),Green Growth,I,MYS,Malaysia,A,Annual,GDP_RCAP,USD_PPP_PS,"US dollars per person, PPP converted",_T,Total - all activities,2018,26851.03,E,Estimated value,0,Units,Q,2015.0,1.0,2.0
DATAFLOW,OECD.ENV.EPI:DSD_GG@DF_GREEN_GROWTH(1.1),Green Growth,I,MYS,Malaysia,A,Annual,GDP_RCAP,USD_PPP_PS,"US dollars per person, PPP converted",_T,Total - all activities,2017,25949.86,E,Estimated value,0,Units,Q,2015.0,1.0,2.0
DATAFLOW,OECD.ENV.EPI:DSD_GG@DF_GREEN_GROWTH(1.1),Green Growth,I,MYS,Malaysia,A,Annual,GDP_RCAP,USD_PPP_PS,"US dollars per person, PPP converted",_T,Total - all activities,2016,24873.9,E,Estimated value,0,Units,Q,2015.0,1.0,2.0
DATAFLOW,OECD.ENV.EPI:DSD_GG@DF_GREEN_GROWTH(1.1),Green Growth,I,MYS,Malaysia,A,Annual,GDP_RCAP,USD_PPP_PS,"US dollars per person, PPP converted",_T,Total - all activities,2015,24164.96,E,Estimated value,0,Units,Q,2015.0,1.0,2.0
DATAFLOW,OECD.ENV.EPI:DSD_GG@DF_GREEN_GROWTH(1.1),Green Growth,I,MYS,Malaysia,A,Annual,GDP_RCAP,USD_PPP_PS,"US dollars per person, PPP converted",_T,Total - all activities,2014,23341.57,E,Estimated value,0,Units,Q,2015.0,1.0,2.0
DATAFLOW,OECD.ENV.EPI:DSD_GG@DF_GREEN_GROWTH(1.1),Green Growth,I,MYS,Malaysia,A,Annual,GDP_RCAP,USD_PPP_PS,"US dollars per person, PPP converted",_T,Total - all activities,2013,22363.59,E,Estimated value,0,Units,Q,2015.0,1.0,2.0
DATAFLOW,OECD.ENV.EPI:DSD_GG@DF_GREEN_GROWTH(1.1),Green Growth,I,MYS,Malaysia,A,Annual,GDP_RCAP,USD_PPP_PS,"US dollars per person, PPP converted",_T,Total - all activities,2012,21702.76,E,Estimated value,0,Units,Q,2015.0,1.0,2.0
DATAFLOW,OECD.ENV.EPI:DSD_GG@DF_GREEN_GROWTH(1.1),Green Growth,I,MYS,Malaysia,A,Annual,GDP_RCAP,USD_PPP_PS,"US dollars per person, PPP converted",_T,Total - all activities,2011,20912.18,E,Estimated value,0,Units,Q,2015.0,1.0,2.0
DATAFLOW,OECD.ENV.EPI:DSD_GG@DF_GREEN_GROWTH(1.1),Green Growth,I,MYS,Malaysia,A,Annual,GDP_RCAP,USD_PPP_PS,"US dollars per person, PPP converted",_T,Total - all activities,2010,20183.32,E,Estimated value,0,Units,Q,2015.0,1.0,2.0
DATAFLOW,OECD.ENV.EPI:DSD_GG@DF_GREEN_GROWTH(1.1),Green Growth,I,MYS,Malaysia,A,Annual,GDP_RCAP,USD_PPP_PS,"US dollars per person, PPP converted",_T,Total - all activities,2009,19121.6,E,Estimated value,0,Units,Q,2015.0,1.0,2.0
DATAFLOW,OECD.ENV.EPI:DSD_GG@DF_GREEN_GROWTH(1.1),Green Growth,I,MYS,Malaysia,A,Annual,GHG_PBEM,IX,Index,_T,Total - all activities,2007,146.17,A,Normal value,0,Units,_Z,2000.0,3.0,2.0
DATAFLOW,OECD.ENV.EPI:DSD_GG@DF_GREEN_GROWTH(1.1),Green Growth,I,MYS,Malaysia,A,Annual,GHG_PBEM,IX,Index,_T,Total - all activities,2006,134.06,A,Normal value,0,Units,_Z,2000.0,3.0,2.0
DATAFLOW,OECD.ENV.EPI:DSD_GG@DF_GREEN_GROWTH(1.1),Green Growth,I,MYS,Malaysia,A,Annual,GHG_PBEM,IX,Index,_T,Total - all activities,2005,131.14,A,Normal value,0,Units,_Z,2000.0,3.0,2.0
DATAFLOW,OECD.ENV.EPI:DSD_GG@DF_GREEN_GROWTH(1.1),Green Growth,I,MYS,Malaysia,A,Annual,GHG_PBEM,IX,Index,_T,Total - all activities,2004,124.05,A,Normal value,0,Units,_Z,2000.0,3.0,2.0
DATAFLOW,OECD.ENV.EPI:DSD_GG@DF_GREEN_GROWTH(1.1),Green Growth,I,MYS,Malaysia,A,Annual,GHG_PBEM,IX,Index,_T,Total - all activities,2003,113.63,A,Normal value,0,Units,_Z,2000.0,3.0,2.0
DATAFLOW,OECD.ENV.EPI:DSD_GG@DF_GREEN_GROWTH(1.1),Green Growth,I,MYS,Malaysia,A,Annual,GHG_PBEM,IX,Index,_T,Total - all activities,2002,111.47,A,Normal value,0,Units,_Z,2000.0,3.0,2.0
DATAFLOW,OECD.ENV.EPI:DSD_GG@DF_GREEN_GROWTH(1.1),Green Growth,I,MYS,Malaysia,A,Annual,GHG_PBEM,IX,Index,_T,Total - all activities,2001,104.13,A,Normal value,0,Units,_Z,2000.0,3.0,2.0
DATAFLOW,OECD.ENV.EPI:DSD_GG@DF_GREEN_GROWTH(1.1),Green Growth,I,MYS,Malaysia,A,Annual,GHG_PBEM,IX,Index,_T,Total - all activities,2000,100.0,A,Normal value,0,Units,_Z,2000.0,3.0,2.0
DATAFLOW,OECD.ENV.EPI:DSD_GG@DF_GREEN_GROWTH(1.1),Green Growth,I,MYS,Malaysia,A,Annual,GHG_PBEM,IX,Index,_T,Total - all activities,2020,164.97,A,Normal value,0,Units,_Z,2000.0,3.0,2.0
DATAFLOW,OECD.ENV.EPI:DSD_GG@DF_GREEN_GROWTH(1.1),Green Growth,I,MYS,Malaysia,A,Annual,GHG_PBEM,IX,Index,_T,Total - all activities,2019,171.27,A,Normal value,0,Units,_Z,2000.0,3.0,2.0
DATAFLOW,OECD.ENV.EPI:DSD_GG@DF_GREEN_GROWTH(1.1),Green Growth,I,MYS,Malaysia,A,Annual,GHG_PBEM,IX,Index,_T,Total - all activities,2018,168.92,A,Normal value,0,Units,_Z,2000.0,3.0,2.0
DATAFLOW,OECD.ENV.EPI:DSD_GG@DF_GREEN_GROWTH(1.1),Green Growth,I,MYS,Malaysia,A,Annual,GHG_PBEM,IX,Index,_T,Total - all activities,2017,163.69,A,Normal value,0,Units,_Z,2000.0,3.0,2.0
DATAFLOW,OECD.ENV.EPI:DSD_GG@DF_GREEN_GROWTH(1.1),Green Growth,I,MYS,Malaysia,A,Annual,GHG_PBEM,IX,Index,_T,Total - all activities,2016,160.59,A,Normal value,0,Units,_Z,2000.0,3.0,2.0
DATAFLOW,OECD.ENV.EPI:DSD_GG@DF_GREEN_GROWTH(1.1),Green Growth,I,MYS,Malaysia,A,Annual,GHG_PBEM,IX,Index,_T,Total - all activities,2015,163.27,A,Normal value,0,Units,_Z,2000.0,3.0,2.0
DATAFLOW,OECD.ENV.EPI:DSD_GG@DF_GREEN_GROWTH(1.1),Green Growth,I,MYS,Malaysia,A,Annual,GHG_PBEM,IX,Index,_T,Total - all activities,2014,163.73,A,Normal value,0,Units,_Z,2000.0,3.0,2.0
DATAFLOW,OECD.ENV.EPI:DSD_GG@DF_GREEN_GROWTH(1.1),Green Growth,I,MYS,Malaysia,A,Annual,GHG_PBEM,IX,Index,_T,Total - all activities,2013,157.06,A,Normal value,0,Units,_Z,2000.0,3.0,2.0
DATAFLOW,OECD.ENV.EPI:DSD_GG@DF_GREEN_GROWTH(1.1),Green Growth,I,MYS,Malaysia,A,Annual,GHG_PBEM,IX,Index,_T,Total - all activities,2012,149.04,A,Normal value,0,Units,_Z,2000.0,3.0,2.0
DATAFLOW,OECD.ENV.EPI:DSD_GG@DF_GREEN_GROWTH(1.1),Green Growth,I,MYS,Malaysia,A,Annual,GHG_PBEM,IX,Index,_T,Total - all activities,2011,151.84,A,Normal value,0,Units,_Z,2000.0,3.0,2.0
DATAFLOW,OECD.ENV.EPI:DSD_GG@DF_GREEN_GROWTH(1.1),Green Growth,I,MYS,Malaysia,A,Annual,GHG_PBEM,IX,Index,_T,Total - all activities,2010,159.31,A,Normal value,0,Units,_Z,2000.0,3.0,2.0
DATAFLOW,OECD.ENV.EPI:DSD_GG@DF_GREEN_GROWTH(1.1),Green Growth,I,MYS,Malaysia,A,Annual,GHG_PBEM,IX,Index,_T,Total - all activities,2009,145.0,A,Normal value,0,Units,_Z,2000.0,3.0,2.0
DATAFLOW,OECD.ENV.EPI:DSD_GG@DF_GREEN_GROWTH(1.1),Green Growth,I,MYS,Malaysia,A,Annual,CO2_PBPROD,USD_CO2,US dollars per unit of CO2,_T,Total - all activities,2007,2.97,A,Normal value,0,Units,Q,2015.0,2.0,2.0
DATAFLOW,OECD.ENV.EPI:DSD_GG@DF_GREEN_GROWTH(1.1),Green Growth,I,MYS,Malaysia,A,Annual,CO2_PBPROD,USD_CO2,US dollars per unit of CO2,_T,Total - all activities,2006,3.07,A,Normal value,0,Units,Q,2015.0,2.0,2.0
DATAFLOW,OECD.ENV.EPI:DSD_GG@DF_GREEN_GROWTH(1.1),Green Growth,I,MYS,Malaysia,A,Annual,CO2_PBPROD,USD_CO2,US dollars per unit of CO2,_T,Total - all activities,2005,3.02,A,Normal value,0,Units,Q,2015.0,2.0,2.0
DATAFLOW,OECD.ENV.EPI:DSD_GG@DF_GREEN_GROWTH(1.1),Green Growth,I,MYS,Malaysia,A,Annual,CO2_PBPROD,USD_CO2,US dollars per unit of CO2,_T,Total - all activities,2004,3.08,A,Normal value,0,Units,Q,2015.0,2.0,2.0
DATAFLOW,OECD.ENV.EPI:DSD_GG@DF_GREEN_GROWTH(1.1),Green Growth,I,MYS,Malaysia,A,Annual,CO2_PBPROD,USD_CO2,US dollars per unit of CO2,_T,Total - all activities,2003,3.18,A,Normal value,0,Units,Q,2015.0,2.0,2.0
DATAFLOW,OECD.ENV.EPI:DSD_GG@DF_GREEN_GROWTH(1.1),Green Growth,I,MYS,Malaysia,A,Annual,CO2_PBPROD,USD_CO2,US dollars per unit of CO2,_T,Total - all activities,2002,3.16,A,Normal value,0,Units,Q,2015.0,2.0,2.0
DATAFLOW,OECD.ENV.EPI:DSD_GG@DF_GREEN_GROWTH(1.1),Green Growth,I,MYS,Malaysia,A,Annual,CO2_PBPROD,USD_CO2,US dollars per unit of CO2,_T,Total - all activities,2001,3.15,A,Normal value,0,Units,Q,2015.0,2.0,2.0
DATAFLOW,OECD.ENV.EPI:DSD_GG@DF_GREEN_GROWTH(1.1),Green Growth,I,MYS,Malaysia,A,Annual,CO2_PBPROD,USD_CO2,US dollars per unit of CO2,_T,Total - all activities,2000,3.28,A,Normal value,0,Units,Q,2015.0,2.0,2.0
DATAFLOW,OECD.ENV.EPI:DSD_GG@DF_GREEN_GROWTH(1.1),Green Growth,I,MYS,Malaysia,A,Annual,CO2_PBPROD,USD_CO2,US dollars per unit of CO2,_T,Total - all activities,2021,4.01,A,Normal value,0,Units,Q,2015.0,2.0,2.0
DATAFLOW,OECD.ENV.EPI:DSD_GG@DF_GREEN_GROWTH(1.1),Green Growth,I,MYS,Malaysia,A,Annual,CO2_PBPROD,USD_CO2,US dollars per unit of CO2,_T,Total - all activities,2020,3.88,A,Normal value,0,Units,Q,2015.0,2.0,2.0
DATAFLOW,OECD.ENV.EPI:DSD_GG@DF_GREEN_GROWTH(1.1),Green Growth,I,MYS,Malaysia,A,Annual,CO2_PBPROD,USD_CO2,US dollars per unit of CO2,_T,Total - all activities,2019,4.0,A,Normal value,0,Units,Q,2015.0,2.0,2.0
DATAFLOW,OECD.ENV.EPI:DSD_GG@DF_GREEN_GROWTH(1.1),Green Growth,I,MYS,Malaysia,A,Annual,CO2_PBPROD,USD_CO2,US dollars per unit of CO2,_T,Total - all activities,2018,3.89,A,Normal value,0,Units,Q,2015.0,2.0,2.0
DATAFLOW,OECD.ENV.EPI:DSD_GG@DF_GREEN_GROWTH(1.1),Green Growth,I,MYS,Malaysia,A,Annual,CO2_PBPROD,USD_CO2,US dollars per unit of CO2,_T,Total - all activities,2017,4.01,A,Normal value,0,Units,Q,2015.0,2.0,2.0
DATAFLOW,OECD.ENV.EPI:DSD_GG@DF_GREEN_GROWTH(1.1),Green Growth,I,MYS,Malaysia,A,Annual,CO2_PBPROD,USD_CO2,US dollars per unit of CO2,_T,Total - all activities,2016,3.7,A,Normal value,0,Units,Q,2015.0,2.0,2.0
DATAFLOW,OECD.ENV.EPI:DSD_GG@DF_GREEN_GROWTH(1.1),Green Growth,I,MYS,Malaysia,A,Annual,CO2_PBPROD,USD_CO2,US dollars per unit of CO2,_T,Total - all activities,2015,3.48,A,Normal value,0,Units,Q,2015.0,2.0,2.0
DATAFLOW,OECD.ENV.EPI:DSD_GG@DF_GREEN_GROWTH(1.1),Green Growth,I,MYS,Malaysia,A,Annual,CO2_PBPROD,USD_CO2,US dollars per unit of CO2,_T,Total - all activities,2014,3.31,A,Normal value,0,Units,Q,2015.0,2.0,2.0
DATAFLOW,OECD.ENV.EPI:DSD_GG@DF_GREEN_GROWTH(1.1),Green Growth,I,MYS,Malaysia,A,Annual,CO2_PBPROD,USD_CO2,US dollars per unit of CO2,_T,Total - all activities,2013,3.29,A,Normal value,0,Units,Q,2015.0,2.0,2.0
DATAFLOW,OECD.ENV.EPI:DSD_GG@DF_GREEN_GROWTH(1.1),Green Growth,I,MYS,Malaysia,A,Annual,CO2_PBPROD,USD_CO2,US dollars per unit of CO2,_T,Total - all activities,2012,3.4,A,Normal value,0,Units,Q,2015.0,2.0,2.0
DATAFLOW,OECD.ENV.EPI:DSD_GG@DF_GREEN_GROWTH(1.1),Green Growth,I,MYS,Malaysia,A,Annual,CO2_PBPROD,USD_CO2,US dollars per unit of CO2,_T,Total - all activities,2011,3.24,A,Normal value,0,Units,Q,2015.0,2.0,2.0
DATAFLOW,OECD.ENV.EPI:DSD_GG@DF_GREEN_GROWTH(1.1),Green Growth,I,MYS,Malaysia,A,Annual,CO2_PBPROD,USD_CO2,US dollars per unit of CO2,_T,Total - all activities,2010,3.1,A,Normal value,0,Units,Q,2015.0,2.0,2.0
DATAFLOW,OECD.ENV.EPI:DSD_GG@DF_GREEN_GROWTH(1.1),Green Growth,I,MYS,Malaysia,A,Annual,CO2_PBPROD,USD_CO2,US dollars per unit of CO2,_T,Total - all activities,2009,3.22,A,Normal value,0,Units,Q,2015.0,2.0,2.0
DATAFLOW,OECD.ENV.EPI:DSD_GG@DF_GREEN_GROWTH(1.1),Green Growth,I,MYS,Malaysia,A,Annual,CO2_PBEMCAP,T_CO2E_PS,Tonnes of CO2-equivalent per person,_T,Total - all activities,2007,6.65,A,Normal value,0,Units,_Z,2015.0,2.0,2.0
DATAFLOW,OECD.ENV.EPI:DSD_GG@DF_GREEN_GROWTH(1.1),Green Growth,I,MYS,Malaysia,A,Annual,CO2_PBEMCAP,T_CO2E_PS,Tonnes of CO2-equivalent per person,_T,Total - all activities,2006,6.18,A,Normal value,0,Units,_Z,2015.0,2.0,2.0
DATAFLOW,OECD.ENV.EPI:DSD_GG@DF_GREEN_GROWTH(1.1),Green Growth,I,MYS,Malaysia,A,Annual,CO2_PBEMCAP,T_CO2E_PS,Tonnes of CO2-equivalent per person,_T,Total - all activities,2005,6.08,A,Normal value,0,Units,_Z,2015.0,2.0,2.0
DATAFLOW,OECD.ENV.EPI:DSD_GG@DF_GREEN_GROWTH(1.1),Green Growth,I,MYS,Malaysia,A,Annual,CO2_PBEMCAP,T_CO2E_PS,Tonnes of CO2-equivalent per person,_T,Total - all activities,2004,5.8,A,Normal value,0,Units,_Z,2015.0,2.0,2.0
DATAFLOW,OECD.ENV.EPI:DSD_GG@DF_GREEN_GROWTH(1.1),Green Growth,I,MYS,Malaysia,A,Annual,CO2_PBEMCAP,T_CO2E_PS,Tonnes of CO2-equivalent per person,_T,Total - all activities,2003,5.38,A,Normal value,0,Units,_Z,2015.0,2.0,2.0
DATAFLOW,OECD.ENV.EPI:DSD_GG@DF_GREEN_GROWTH(1.1),Green Growth,I,MYS,Malaysia,A,Annual,CO2_PBEMCAP,T_CO2E_PS,Tonnes of CO2-equivalent per person,_T,Total - all activities,2002,5.25,A,Normal value,0,Units,_Z,2015.0,2.0,2.0
DATAFLOW,OECD.ENV.EPI:DSD_GG@DF_GREEN_GROWTH(1.1),Green Growth,I,MYS,Malaysia,A,Annual,CO2_PBEMCAP,T_CO2E_PS,Tonnes of CO2-equivalent per person,_T,Total - all activities,2001,5.12,A,Normal value,0,Units,_Z,2015.0,2.0,2.0
DATAFLOW,OECD.ENV.EPI:DSD_GG@DF_GREEN_GROWTH(1.1),Green Growth,I,MYS,Malaysia,A,Annual,CO2_PBEMCAP,T_CO2E_PS,Tonnes of CO2-equivalent per person,_T,Total - all activities,2000,5.01,A,Normal value,0,Units,_Z,2015.0,2.0,2.0
DATAFLOW,OECD.ENV.EPI:DSD_GG@DF_GREEN_GROWTH(1.1),Green Growth,I,MYS,Malaysia,A,Annual,CO2_PBEMCAP,T_CO2E_PS,Tonnes of CO2-equivalent per person,_T,Total - all activities,2021,6.59,A,Normal value,0,Units,_Z,2015.0,2.0,2.0
DATAFLOW,OECD.ENV.EPI:DSD_GG@DF_GREEN_GROWTH(1.1),Green Growth,I,MYS,Malaysia,A,Annual,CO2_PBEMCAP,T_CO2E_PS,Tonnes of CO2-equivalent per person,_T,Total - all activities,2020,6.66,A,Normal value,0,Units,_Z,2015.0,2.0,2.0
DATAFLOW,OECD.ENV.EPI:DSD_GG@DF_GREEN_GROWTH(1.1),Green Growth,I,MYS,Malaysia,A,Annual,CO2_PBEMCAP,T_CO2E_PS,Tonnes of CO2-equivalent per person,_T,Total - all activities,2019,6.93,A,Normal value,0,Units,_Z,2015.0,2.0,2.0
DATAFLOW,OECD.ENV.EPI:DSD_GG@DF_GREEN_GROWTH(1.1),Green Growth,I,MYS,Malaysia,A,Annual,CO2_PBEMCAP,T_CO2E_PS,Tonnes of CO2-equivalent per person,_T,Total - all activities,2018,6.93,A,Normal value,0,Units,_Z,2015.0,2.0,2.0
DATAFLOW,OECD.ENV.EPI:DSD_GG@DF_GREEN_GROWTH(1.1),Green Growth,I,MYS,Malaysia,A,Annual,CO2_PBEMCAP,T_CO2E_PS,Tonnes of CO2-equivalent per person,_T,Total - all activities,2017,6.52,A,Normal value,0,Units,_Z,2015.0,2.0,2.0
DATAFLOW,OECD.ENV.EPI:DSD_GG@DF_GREEN_GROWTH(1.1),Green Growth,I,MYS,Malaysia,A,Annual,CO2_PBEMCAP,T_CO2E_PS,Tonnes of CO2-equivalent per person,_T,Total - all activities,2016,6.81,A,Normal value,0,Units,_Z,2015.0,2.0,2.0
DATAFLOW,OECD.ENV.EPI:DSD_GG@DF_GREEN_GROWTH(1.1),Green Growth,I,MYS,Malaysia,A,Annual,CO2_PBEMCAP,T_CO2E_PS,Tonnes of CO2-equivalent per person,_T,Total - all activities,2015,7.06,A,Normal value,0,Units,_Z,2015.0,2.0,2.0
DATAFLOW,OECD.ENV.EPI:DSD_GG@DF_GREEN_GROWTH(1.1),Green Growth,I,MYS,Malaysia,A,Annual,CO2_PBEMCAP,T_CO2E_PS,Tonnes of CO2-equivalent per person,_T,Total - all activities,2014,7.18,A,Normal value,0,Units,_Z,2015.0,2.0,2.0
DATAFLOW,OECD.ENV.EPI:DSD_GG@DF_GREEN_GROWTH(1.1),Green Growth,I,MYS,Malaysia,A,Annual,CO2_PBEMCAP,T_CO2E_PS,Tonnes of CO2-equivalent per person,_T,Total - all activities,2013,6.93,A,Normal value,0,Units,_Z,2015.0,2.0,2.0
DATAFLOW,OECD.ENV.EPI:DSD_GG@DF_GREEN_GROWTH(1.1),Green Growth,I,MYS,Malaysia,A,Annual,CO2_PBEMCAP,T_CO2E_PS,Tonnes of CO2-equivalent per person,_T,Total - all activities,2012,6.52,A,Normal value,0,Units,_Z,2015.0,2.0,2.0
DATAFLOW,OECD.ENV.EPI:DSD_GG@DF_GREEN_GROWTH(1.1),Green Growth,I,MYS,Malaysia,A,Annual,CO2_PBEMCAP,T_CO2E_PS,Tonnes of CO2-equivalent per person,_T,Total - all activities,2011,6.58,A,Normal value,0,Units,_Z,2015.0,2.0,2.0
DATAFLOW,OECD.ENV.EPI:DSD_GG@DF_GREEN_GROWTH(1.1),Green Growth,I,MYS,Malaysia,A,Annual,CO2_PBEMCAP,T_CO2E_PS,Tonnes of CO2-equivalent per person,_T,Total - all activities,2010,6.66,A,Normal value,0,Units,_Z,2015.0,2.0,2.0
DATAFLOW,OECD.ENV.EPI:DSD_GG@DF_GREEN_GROWTH(1.1),Green Growth,I,MYS,Malaysia,A,Annual,CO2_PBEMCAP,T_CO2E_PS,Tonnes of CO2-equivalent per person,_T,Total - all activities,2009,6.08,A,Normal value,0,Units,_Z,2015.0,2.0,2.0
DATAFLOW,OECD.ENV.EPI:DSD_GG@DF_GREEN_GROWTH(1.1),Green Growth,I,MYS,Malaysia,A,Annual,GHG_DBEM,T_CO2E,Tonnes of CO2-equivalent,_T,Total - all activities,2007,153.68,A,Normal value,6,Millions,_Z,2015.0,3.0,2.0
DATAFLOW,OECD.ENV.EPI:DSD_GG@DF_GREEN_GROWTH(1.1),Green Growth,I,MYS,Malaysia,A,Annual,GHG_DBEM,T_CO2E,Tonnes of CO2-equivalent,_T,Total - all activities,2006,134.22,A,Normal value,6,Millions,_Z,2015.0,3.0,2.0
DATAFLOW,OECD.ENV.EPI:DSD_GG@DF_GREEN_GROWTH(1.1),Green Growth,I,MYS,Malaysia,A,Annual,GHG_DBEM,T_CO2E,Tonnes of CO2-equivalent,_T,Total - all activities,2005,136.63,A,Normal value,6,Millions,_Z,2015.0,3.0,2.0
DATAFLOW,OECD.ENV.EPI:DSD_GG@DF_GREEN_GROWTH(1.1),Green Growth,I,MYS,Malaysia,A,Annual,GHG_DBEM,T_CO2E,Tonnes of CO2-equivalent,_T,Total - all activities,2004,125.14,A,Normal value,6,Millions,_Z,2015.0,3.0,2.0
DATAFLOW,OECD.ENV.EPI:DSD_GG@DF_GREEN_GROWTH(1.1),Green Growth,I,MYS,Malaysia,A,Annual,GHG_DBEM,T_CO2E,Tonnes of CO2-equivalent,_T,Total - all activities,2003,118.98,A,Normal value,6,Millions,_Z,2015.0,3.0,2.0
DATAFLOW,OECD.ENV.EPI:DSD_GG@DF_GREEN_GROWTH(1.1),Green Growth,I,MYS,Malaysia,A,Annual,GHG_DBEM,T_CO2E,Tonnes of CO2-equivalent,_T,Total - all activities,2002,123.08,A,Normal value,6,Millions,_Z,2015.0,3.0,2.0
DATAFLOW,OECD.ENV.EPI:DSD_GG@DF_GREEN_GROWTH(1.1),Green Growth,I,MYS,Malaysia,A,Annual,GHG_DBEM,T_CO2E,Tonnes of CO2-equivalent,_T,Total - all activities,2001,114.69,A,Normal value,6,Millions,_Z,2015.0,3.0,2.0
DATAFLOW,OECD.ENV.EPI:DSD_GG@DF_GREEN_GROWTH(1.1),Green Growth,I,MYS,Malaysia,A,Annual,GHG_DBEM,T_CO2E,Tonnes of CO2-equivalent,_T,Total - all activities,2000,97.37,A,Normal value,6,Millions,_Z,2015.0,3.0,2.0
DATAFLOW,OECD.ENV.EPI:DSD_GG@DF_GREEN_GROWTH(1.1),Green Growth,I,MYS,Malaysia,A,Annual,GHG_DBEM,T_CO2E,Tonnes of CO2-equivalent,_T,Total - all activities,2020,252.88,A,Normal value,6,Millions,_Z,2015.0,3.0,2.0
DATAFLOW,OECD.ENV.EPI:DSD_GG@DF_GREEN_GROWTH(1.1),Green Growth,I,MYS,Malaysia,A,Annual,GHG_DBEM,T_CO2E,Tonnes of CO2-equivalent,_T,Total - all activities,2019,260.28,A,Normal value,6,Millions,_Z,2015.0,3.0,2.0
DATAFLOW,OECD.ENV.EPI:DSD_GG@DF_GREEN_GROWTH(1.1),Green Growth,I,MYS,Malaysia,A,Annual,GHG_DBEM,T_CO2E,Tonnes of CO2-equivalent,_T,Total - all activities,2018,252.99,A,Normal value,6,Millions,_Z,2015.0,3.0,2.0
DATAFLOW,OECD.ENV.EPI:DSD_GG@DF_GREEN_GROWTH(1.1),Green Growth,I,MYS,Malaysia,A,Annual,GHG_DBEM,T_CO2E,Tonnes of CO2-equivalent,_T,Total - all activities,2017,234.31,A,Normal value,6,Millions,_Z,2015.0,3.0,2.0
DATAFLOW,OECD.ENV.EPI:DSD_GG@DF_GREEN_GROWTH(1.1),Green Growth,I,MYS,Malaysia,A,Annual,GHG_DBEM,T_CO2E,Tonnes of CO2-equivalent,_T,Total - all activities,2016,230.88,A,Normal value,6,Millions,_Z,2015.0,3.0,2.0
DATAFLOW,OECD.ENV.EPI:DSD_GG@DF_GREEN_GROWTH(1.1),Green Growth,I,MYS,Malaysia,A,Annual,GHG_DBEM,T_CO2E,Tonnes of CO2-equivalent,_T,Total - all activities,2015,235.55,A,Normal value,6,Millions,_Z,2015.0,3.0,2.0
DATAFLOW,OECD.ENV.EPI:DSD_GG@DF_GREEN_GROWTH(1.1),Green Growth,I,MYS,Malaysia,A,Annual,GHG_DBEM,T_CO2E,Tonnes of CO2-equivalent,_T,Total - all activities,2014,236.55,A,Normal value,6,Millions,_Z,2015.0,3.0,2.0
DATAFLOW,OECD.ENV.EPI:DSD_GG@DF_GREEN_GROWTH(1.1),Green Growth,I,MYS,Malaysia,A,Annual,GHG_DBEM,T_CO2E,Tonnes of CO2-equivalent,_T,Total - all activities,2013,227.67,A,Normal value,6,Millions,_Z,2015.0,3.0,2.0
DATAFLOW,OECD.ENV.EPI:DSD_GG@DF_GREEN_GROWTH(1.1),Green Growth,I,MYS,Malaysia,A,Annual,GHG_DBEM,T_CO2E,Tonnes of CO2-equivalent,_T,Total - all activities,2012,203.62,A,Normal value,6,Millions,_Z,2015.0,3.0,2.0
DATAFLOW,OECD.ENV.EPI:DSD_GG@DF_GREEN_GROWTH(1.1),Green Growth,I,MYS,Malaysia,A,Annual,GHG_DBEM,T_CO2E,Tonnes of CO2-equivalent,_T,Total - all activities,2011,190.43,A,Normal value,6,Millions,_Z,2015.0,3.0,2.0
DATAFLOW,OECD.ENV.EPI:DSD_GG@DF_GREEN_GROWTH(1.1),Green Growth,I,MYS,Malaysia,A,Annual,GHG_DBEM,T_CO2E,Tonnes of CO2-equivalent,_T,Total - all activities,2010,204.71,A,Normal value,6,Millions,_Z,2015.0,3.0,2.0
DATAFLOW,OECD.ENV.EPI:DSD_GG@DF_GREEN_GROWTH(1.1),Green Growth,I,MYS,Malaysia,A,Annual,GHG_DBEM,T_CO2E,Tonnes of CO2-equivalent,_T,Total - all activities,2009,170.18,A,Normal value,6,Millions,_Z,2015.0,3.0,2.0
DATAFLOW,OECD.ENV.EPI:DSD_GG@DF_GREEN_GROWTH(1.1),Green Growth,I,MYS,Malaysia,A,Annual,NRG_INT,TOE_PS,Tonnes of oil equivalent per person,_T,Total - all activities,2007,2.58,A,Normal value,0,Units,_Z,2015.0,1.0,2.0
DATAFLOW,OECD.ENV.EPI:DSD_GG@DF_GREEN_GROWTH(1.1),Green Growth,I,MYS,Malaysia,A,Annual,NRG_INT,TOE_PS,Tonnes of oil equivalent per person,_T,Total - all activities,2006,2.46,A,Normal value,0,Units,_Z,2015.0,1.0,2.0
DATAFLOW,OECD.ENV.EPI:DSD_GG@DF_GREEN_GROWTH(1.1),Green Growth,I,MYS,Malaysia,A,Annual,NRG_INT,TOE_PS,Tonnes of oil equivalent per person,_T,Total - all activities,2005,2.51,A,Normal value,0,Units,_Z,2015.0,1.0,2.0
DATAFLOW,OECD.ENV.EPI:DSD_GG@DF_GREEN_GROWTH(1.1),Green Growth,I,MYS,Malaysia,A,Annual,NRG_INT,TOE_PS,Tonnes of oil equivalent per person,_T,Total - all activities,2004,2.36,A,Normal value,0,Units,_Z,2015.0,1.0,2.0
DATAFLOW,OECD.ENV.EPI:DSD_GG@DF_GREEN_GROWTH(1.1),Green Growth,I,MYS,Malaysia,A,Annual,NRG_INT,TOE_PS,Tonnes of oil equivalent per person,_T,Total - all activities,2003,2.25,A,Normal value,0,Units,_Z,2015.0,1.0,2.0
DATAFLOW,OECD.ENV.EPI:DSD_GG@DF_GREEN_GROWTH(1.1),Green Growth,I,MYS,Malaysia,A,Annual,NRG_INT,TOE_PS,Tonnes of oil equivalent per person,_T,Total - all activities,2002,2.15,A,Normal value,0,Units,_Z,2015.0,1.0,2.0
DATAFLOW,OECD.ENV.EPI:DSD_GG@DF_GREEN_GROWTH(1.1),Green Growth,I,MYS,Malaysia,A,Annual,NRG_INT,TOE_PS,Tonnes of oil equivalent per person,_T,Total - all activities,2001,2.13,A,Normal value,0,Units,_Z,2015.0,1.0,2.0
DATAFLOW,OECD.ENV.EPI:DSD_GG@DF_GREEN_GROWTH(1.1),Green Growth,I,MYS,Malaysia,A,Annual,NRG_INT,TOE_PS,Tonnes of oil equivalent per person,_T,Total - all activities,2000,2.1,A,Normal value,0,Units,_Z,2015.0,1.0,2.0
DATAFLOW,OECD.ENV.EPI:DSD_GG@DF_GREEN_GROWTH(1.1),Green Growth,I,MYS,Malaysia,A,Annual,NRG_INT,TOE_PS,Tonnes of oil equivalent per person,_T,Total - all activities,2020,2.78,A,Normal value,0,Units,_Z,2015.0,1.0,2.0
DATAFLOW,OECD.ENV.EPI:DSD_GG@DF_GREEN_GROWTH(1.1),Green Growth,I,MYS,Malaysia,A,Annual,NRG_INT,TOE_PS,Tonnes of oil equivalent per person,_T,Total - all activities,2019,2.93,A,Normal value,0,Units,_Z,2015.0,1.0,2.0
DATAFLOW,OECD.ENV.EPI:DSD_GG@DF_GREEN_GROWTH(1.1),Green Growth,I,MYS,Malaysia,A,Annual,NRG_INT,TOE_PS,Tonnes of oil equivalent per person,_T,Total - all activities,2018,2.88,A,Normal value,0,Units,_Z,2015.0,1.0,2.0
DATAFLOW,OECD.ENV.EPI:DSD_GG@DF_GREEN_GROWTH(1.1),Green Growth,I,MYS,Malaysia,A,Annual,NRG_INT,TOE_PS,Tonnes of oil equivalent per person,_T,Total - all activities,2017,2.65,A,Normal value,0,Units,_Z,2015.0,1.0,2.0
DATAFLOW,OECD.ENV.EPI:DSD_GG@DF_GREEN_GROWTH(1.1),Green Growth,I,MYS,Malaysia,A,Annual,NRG_INT,TOE_PS,Tonnes of oil equivalent per person,_T,Total - all activities,2016,2.78,A,Normal value,0,Units,_Z,2015.0,1.0,2.0
DATAFLOW,OECD.ENV.EPI:DSD_GG@DF_GREEN_GROWTH(1.1),Green Growth,I,MYS,Malaysia,A,Annual,NRG_INT,TOE_PS,Tonnes of oil equivalent per person,_T,Total - all activities,2015,2.72,A,Normal value,0,Units,_Z,2015.0,1.0,2.0
DATAFLOW,OECD.ENV.EPI:DSD_GG@DF_GREEN_GROWTH(1.1),Green Growth,I,MYS,Malaysia,A,Annual,NRG_INT,TOE_PS,Tonnes of oil equivalent per person,_T,Total - all activities,2014,2.89,A,Normal value,0,Units,_Z,2015.0,1.0,2.0
DATAFLOW,OECD.ENV.EPI:DSD_GG@DF_GREEN_GROWTH(1.1),Green Growth,I,MYS,Malaysia,A,Annual,NRG_INT,TOE_PS,Tonnes of oil equivalent per person,_T,Total - all activities,2013,2.87,A,Normal value,0,Units,_Z,2015.0,1.0,2.0
DATAFLOW,OECD.ENV.EPI:DSD_GG@DF_GREEN_GROWTH(1.1),Green Growth,I,MYS,Malaysia,A,Annual,NRG_INT,TOE_PS,Tonnes of oil equivalent per person,_T,Total - all activities,2012,2.59,A,Normal value,0,Units,_Z,2015.0,1.0,2.0
DATAFLOW,OECD.ENV.EPI:DSD_GG@DF_GREEN_GROWTH(1.1),Green Growth,I,MYS,Malaysia,A,Annual,NRG_INT,TOE_PS,Tonnes of oil equivalent per person,_T,Total - all activities,2011,2.59,A,Normal value,0,Units,_Z,2015.0,1.0,2.0
DATAFLOW,OECD.ENV.EPI:DSD_GG@DF_GREEN_GROWTH(1.1),Green Growth,I,MYS,Malaysia,A,Annual,NRG_INT,TOE_PS,Tonnes of oil equivalent per person,_T,Total - all activities,2010,2.52,A,Normal value,0,Units,_Z,2015.0,1.0,2.0
DATAFLOW,OECD.ENV.EPI:DSD_GG@DF_GREEN_GROWTH(1.1),Green Growth,I,MYS,Malaysia,A,Annual,NRG_INT,TOE_PS,Tonnes of oil equivalent per person,_T,Total - all activities,2009,2.48,A,Normal value,0,Units,_Z,2015.0,1.0,2.0
DATAFLOW,OECD.ENV.EPI:DSD_GG@DF_GREEN_GROWTH(1.1),Green Growth,I,MYS,Malaysia,A,Annual,EPRICE_IND,USD_PPP_KWH,"US dollars per kilowatt hour, PPP converted",_T,Total - all activities,2017,0.22,A,Normal value,0,Units,Q,2015.0,1.0,2.0
DATAFLOW,OECD.ENV.EPI:DSD_GG@DF_GREEN_GROWTH(1.1),Green Growth,I,MYS,Malaysia,A,Annual,EPRICE_IND,USD_PPP_KWH,"US dollars per kilowatt hour, PPP converted",_T,Total - all activities,2016,0.23,A,Normal value,0,Units,Q,2015.0,1.0,2.0
DATAFLOW,OECD.ENV.EPI:DSD_GG@DF_GREEN_GROWTH(1.1),Green Growth,I,MYS,Malaysia,A,Annual,EPRICE_IND,USD_PPP_KWH,"US dollars per kilowatt hour, PPP converted",_T,Total - all activities,2015,0.23,A,Normal value,0,Units,Q,2015.0,1.0,2.0
DATAFLOW,OECD.ENV.EPI:DSD_GG@DF_GREEN_GROWTH(1.1),Green Growth,I,MYS,Malaysia,A,Annual,EPRICE_IND,USD_PPP_KWH,"US dollars per kilowatt hour, PPP converted",_T,Total - all activities,2014,0.23,A,Normal value,0,Units,Q,2015.0,1.0,2.0
DATAFLOW,OECD.ENV.EPI:DSD_GG@DF_GREEN_GROWTH(1.1),Green Growth,I,MYS,Malaysia,A,Annual,EPRICE_IND,USD_PPP_KWH,"US dollars per kilowatt hour, PPP converted",_T,Total - all activities,2013,0.21,A,Normal value,0,Units,Q,2015.0,1.0,2.0
DATAFLOW,OECD.ENV.EPI:DSD_GG@DF_GREEN_GROWTH(1.1),Green Growth,I,MYS,Malaysia,A,Annual,EPRICE_IND,USD_PPP_KWH,"US dollars per kilowatt hour, PPP converted",_T,Total - all activities,2012,0.2,A,Normal value,0,Units,Q,2015.0,1.0,2.0
DATAFLOW,OECD.ENV.EPI:DSD_GG@DF_GREEN_GROWTH(1.1),Green Growth,I,MYS,Malaysia,A,Annual,EPRICE_IND,USD_PPP_KWH,"US dollars per kilowatt hour, PPP converted",_T,Total - all activities,2011,0.2,A,Normal value,0,Units,Q,2015.0,1.0,2.0
DATAFLOW,OECD.ENV.EPI:DSD_GG@DF_GREEN_GROWTH(1.1),Green Growth,I,MYS,Malaysia,A,Annual,EPRICE_IND,USD_PPP_KWH,"US dollars per kilowatt hour, PPP converted",_T,Total - all activities,2010,0.2,A,Normal value,0,Units,Q,2015.0,1.0,2.0
DATAFLOW,OECD.ENV.EPI:DSD_GG@DF_GREEN_GROWTH(1.1),Green Growth,I,MYS,Malaysia,A,Annual,EPRICE_IND,USD_PPP_KWH,"US dollars per kilowatt hour, PPP converted",_T,Total - all activities,2019,0.23,A,Normal value,0,Units,Q,2015.0,1.0,2.0
DATAFLOW,OECD.ENV.EPI:DSD_GG@DF_GREEN_GROWTH(1.1),Green Growth,I,MYS,Malaysia,A,Annual,NRG,_X,Unspecified,_O,Other,2009,9.675,A,Normal value,0,Units,,2015.0,2.0,2.0
DATAFLOW,OECD.ENV.EPI:DSD_GG@DF_GREEN_GROWTH(1.1),Green Growth,I,MYS,Malaysia,A,Annual,NRG,_X,Unspecified,_O,Other,2008,9.675,A,Normal value,0,Units,,2015.0,2.0,2.0
DATAFLOW,OECD.ENV.EPI:DSD_GG@DF_GREEN_GROWTH(1.1),Green Growth,I,MYS,Malaysia,A,Annual,NRG,_X,Unspecified,_O,Other,2007,9.675,A,Normal value,0,Units,,2015.0,2.0,2.0
DATAFLOW,OECD.ENV.EPI:DSD_GG@DF_GREEN_GROWTH(1.1),Green Growth,I,MYS,Malaysia,A,Annual,NRG,_X,Unspecified,_O,Other,2006,9.675,A,Normal value,0,Units,,2015.0,2.0,2.0
DATAFLOW,OECD.ENV.EPI:DSD_GG@DF_GREEN_GROWTH(1.1),Green Growth,I,MYS,Malaysia,A,Annual,NRG,_X,Unspecified,_O,Other,2005,9.675,A,Normal value,0,Units,,2015.0,2.0,2.0
DATAFLOW,OECD.ENV.EPI:DSD_GG@DF_GREEN_GROWTH(1.1),Green Growth,I,MYS,Malaysia,A,Annual,NRG,_X,Unspecified,_O,Other,2004,9.675,A,Normal value,0,Units,,2015.0,2.0,2.0
DATAFLOW,OECD.ENV.EPI:DSD_GG@DF_GREEN_GROWTH(1.1),Green Growth,I,MYS,Malaysia,A,Annual,NRG,_X,Unspecified,_O,Other,2003,9.675,A,Normal value,0,Units,,2015.0,2.0,2.0
DATAFLOW,OECD.ENV.EPI:DSD_GG@DF_GREEN_GROWTH(1.1),Green Growth,I,MYS,Malaysia,A,Annual,NRG,_X,Unspecified,_O,Other,2002,9.675,A,Normal value,0,Units,,2015.0,2.0,2.0
DATAFLOW,OECD.ENV.EPI:DSD_GG@DF_GREEN_GROWTH(1.1),Green Growth,I,MYS,Malaysia,A,Annual,NRG,_X,Unspecified,_O,Other,2001,9.675,A,Normal value,0,Units,,2015.0,2.0,2.0
DATAFLOW,OECD.ENV.EPI:DSD_GG@DF_GREEN_GROWTH(1.1),Green Growth,I,MYS,Malaysia,A,Annual,NRG,_X,Unspecified,_O,Other,2000,9.675,A,Normal value,0,Units,,2015.0,2.0,2.0
DATAFLOW,OECD.ENV.EPI:DSD_GG@DF_GREEN_GROWTH(1.1),Green Growth,I,MYS,Malaysia,A,Annual,NRG,_X,Unspecified,_O,Other,2022,9.675,A,Normal value,0,Units,,2015.0,2.0,2.0
DATAFLOW,OECD.ENV.EPI:DSD_GG@DF_GREEN_GROWTH(1.1),Green Growth,I,MYS,Malaysia,A,Annual,NRG,_X,Unspecified,_O,Other,2021,9.675,A,Normal value,0,Units,,2015.0,2.0,2.0
DATAFLOW,OECD.ENV.EPI:DSD_GG@DF_GREEN_GROWTH(1.1),Green Growth,I,MYS,Malaysia,A,Annual,NRG,_X,Unspecified,_O,Other,2020,9.675,A,Normal value,0,Units,,2015.0,2.0,2.0
DATAFLOW,OECD.ENV.EPI:DSD_GG@DF_GREEN_GROWTH(1.1),Green Growth,I,MYS,Malaysia,A,Annual,NRG,_X,Unspecified,_O,Other,2019,9.675,A,Normal value,0,Units,,2015.0,2.0,2.0
DATAFLOW,OECD.ENV.EPI:DSD_GG@DF_GREEN_GROWTH(1.1),Green Growth,I,MYS,Malaysia,A,Annual,NRG,_X,Unspecified,_O,Other,2018,9.675,A,Normal value,0,Units,,2015.0,2.0,2.0
DATAFLOW,OECD.ENV.EPI:DSD_GG@DF_GREEN_GROWTH(1.1),Green Growth,I,MYS,Malaysia,A,Annual,NRG,_X,Unspecified,_O,Other,2017,9.675,A,Normal value,0,Units,,2015.0,2.0,2.0
DATAFLOW,OECD.ENV.EPI:DSD_GG@DF_GREEN_GROWTH(1.1),Green Growth,I,MYS,Malaysia,A,Annual,NRG,_X,Unspecified,_O,Other,2016,9.675,A,Normal value,0,Units,,2015.0,2.0,2.0
DATAFLOW,OECD.ENV.EPI:DSD_GG@DF_GREEN_GROWTH(1.1),Green Growth,I,MYS,Malaysia,A,Annual,NRG,_X,Unspecified,_O,Other,2015,9.675,A,Normal value,0,Units,,2015.0,2.0,2.0
DATAFLOW,OECD.ENV.EPI:DSD_GG@DF_GREEN_GROWTH(1.1),Green Growth,I,MYS,Malaysia,A,Annual,NRG,_X,Unspecified,_O,Other,2014,9.675,A,Normal value,0,Units,,2015.0,2.0,2.0
DATAFLOW,OECD.ENV.EPI:DSD_GG@DF_GREEN_GROWTH(1.1),Green Growth,I,MYS,Malaysia,A,Annual,NRG,_X,Unspecified,_O,Other,2013,9.675,A,Normal value,0,Units,,2015.0,2.0,2.0
DATAFLOW,OECD.ENV.EPI:DSD_GG@DF_GREEN_GROWTH(1.1),Green Growth,I,MYS,Malaysia,A,Annual,NRG,_X,Unspecified,_O,Other,2012,9.675,A,Normal value,0,Units,,2015.0,2.0,2.0
DATAFLOW,OECD.ENV.EPI:DSD_GG@DF_GREEN_GROWTH(1.1),Green Growth,I,MYS,Malaysia,A,Annual,NRG,_X,Unspecified,_O,Other,2011,9.675,A,Normal value,0,Units,,2015.0,2.0,2.0
DATAFLOW,OECD.ENV.EPI:DSD_GG@DF_GREEN_GROWTH(1.1),Green Growth,I,MYS,Malaysia,A,Annual,NRGC,PT_CONS_NRG,Percentage of energy consumption,HTN,Services,2007,8.62,A,Normal value,0,Units,_Z,2015.0,1.0,2.0
DATAFLOW,OECD.ENV.EPI:DSD_GG@DF_GREEN_GROWTH(1.1),Green Growth,I,MYS,Malaysia,A,Annual,NRGC,PT_CONS_NRG,Percentage of energy consumption,HTN,Services,2006,7.82,A,Normal value,0,Units,_Z,2015.0,1.0,2.0
DATAFLOW,OECD.ENV.EPI:DSD_GG@DF_GREEN_GROWTH(1.1),Green Growth,I,MYS,Malaysia,A,Annual,NRGC,PT_CONS_NRG,Percentage of energy consumption,HTN,Services,2005,7.91,A,Normal value,0,Units,_Z,2015.0,1.0,2.0
DATAFLOW,OECD.ENV.EPI:DSD_GG@DF_GREEN_GROWTH(1.1),Green Growth,I,MYS,Malaysia,A,Annual,NRGC,PT_CONS_NRG,Percentage of energy consumption,HTN,Services,2004,7.45,A,Normal value,0,Units,_Z,2015.0,1.0,2.0
DATAFLOW,OECD.ENV.EPI:DSD_GG@DF_GREEN_GROWTH(1.1),Green Growth,I,MYS,Malaysia,A,Annual,NRGC,PT_CONS_NRG,Percentage of energy consumption,HTN,Services,2003,7.44,A,Normal value,0,Units,_Z,2015.0,1.0,2.0
DATAFLOW,OECD.ENV.EPI:DSD_GG@DF_GREEN_GROWTH(1.1),Green Growth,I,MYS,Malaysia,A,Annual,NRGC,PT_CONS_NRG,Percentage of energy consumption,HTN,Services,2002,7.75,A,Normal value,0,Units,_Z,2015.0,1.0,2.0
DATAFLOW,OECD.ENV.EPI:DSD_GG@DF_GREEN_GROWTH(1.1),Green Growth,I,MYS,Malaysia,A,Annual,NRGC,PT_CONS_NRG,Percentage of energy consumption,HTN,Services,2001,7.53,A,Normal value,0,Units,_Z,2015.0,1.0,2.0
DATAFLOW,OECD.ENV.EPI:DSD_GG@DF_GREEN_GROWTH(1.1),Green Growth,I,MYS,Malaysia,A,Annual,NRGC,PT_CONS_NRG,Percentage of energy consumption,HTN,Services,2000,7.61,A,Normal value,0,Units,_Z,2015.0,1.0,2.0
DATAFLOW,OECD.ENV.EPI:DSD_GG@DF_GREEN_GROWTH(1.1),Green Growth,I,MYS,Malaysia,A,Annual,NRGC,PT_CONS_NRG,Percentage of energy consumption,HTN,Services,2020,7.26,A,Normal value,0,Units,_Z,2015.0,1.0,2.0
DATAFLOW,OECD.ENV.EPI:DSD_GG@DF_GREEN_GROWTH(1.1),Green Growth,I,MYS,Malaysia,A,Annual,NRGC,PT_CONS_NRG,Percentage of energy consumption,HTN,Services,2019,7.24,A,Normal value,0,Units,_Z,2015.0,1.0,2.0
DATAFLOW,OECD.ENV.EPI:DSD_GG@DF_GREEN_GROWTH(1.1),Green Growth,I,MYS,Malaysia,A,Annual,NRGC,PT_CONS_NRG,Percentage of energy consumption,HTN,Services,2018,7.09,A,Normal value,0,Units,_Z,2015.0,1.0,2.0
DATAFLOW,OECD.ENV.EPI:DSD_GG@DF_GREEN_GROWTH(1.1),Green Growth,I,MYS,Malaysia,A,Annual,NRGC,PT_CONS_NRG,Percentage of energy consumption,HTN,Services,2017,7.56,A,Normal value,0,Units,_Z,2015.0,1.0,2.0
DATAFLOW,OECD.ENV.EPI:DSD_GG@DF_GREEN_GROWTH(1.1),Green Growth,I,MYS,Malaysia,A,Annual,NRGC,PT_CONS_NRG,Percentage of energy consumption,HTN,Services,2016,8.64,A,Normal value,0,Units,_Z,2015.0,1.0,2.0
DATAFLOW,OECD.ENV.EPI:DSD_GG@DF_GREEN_GROWTH(1.1),Green Growth,I,MYS,Malaysia,A,Annual,NRGC,PT_CONS_NRG,Percentage of energy consumption,HTN,Services,2015,8.82,A,Normal value,0,Units,_Z,2015.0,1.0,2.0
DATAFLOW,OECD.ENV.EPI:DSD_GG@DF_GREEN_GROWTH(1.1),Green Growth,I,MYS,Malaysia,A,Annual,NRGC,PT_CONS_NRG,Percentage of energy consumption,HTN,Services,2014,8.6,A,Normal value,0,Units,_Z,2015.0,1.0,2.0
DATAFLOW,OECD.ENV.EPI:DSD_GG@DF_GREEN_GROWTH(1.1),Green Growth,I,MYS,Malaysia,A,Annual,NRGC,PT_CONS_NRG,Percentage of energy consumption,HTN,Services,2013,8.33,A,Normal value,0,Units,_Z,2015.0,1.0,2.0
DATAFLOW,OECD.ENV.EPI:DSD_GG@DF_GREEN_GROWTH(1.1),Green Growth,I,MYS,Malaysia,A,Annual,NRGC,PT_CONS_NRG,Percentage of energy consumption,HTN,Services,2012,9.06,A,Normal value,0,Units,_Z,2015.0,1.0,2.0
DATAFLOW,OECD.ENV.EPI:DSD_GG@DF_GREEN_GROWTH(1.1),Green Growth,I,MYS,Malaysia,A,Annual,NRGC,PT_CONS_NRG,Percentage of energy consumption,HTN,Services,2011,9.64,A,Normal value,0,Units,_Z,2015.0,1.0,2.0
DATAFLOW,OECD.ENV.EPI:DSD_GG@DF_GREEN_GROWTH(1.1),Green Growth,I,MYS,Malaysia,A,Annual,NRGC,PT_CONS_NRG,Percentage of energy consumption,HTN,Services,2010,10.29,A,Normal value,0,Units,_Z,2015.0,1.0,2.0
DATAFLOW,OECD.ENV.EPI:DSD_GG@DF_GREEN_GROWTH(1.1),Green Growth,I,MYS,Malaysia,A,Annual,NRGC,PT_CONS_NRG,Percentage of energy consumption,HTN,Services,2009,9.49,A,Normal value,0,Units,_Z,2015.0,1.0,2.0
DATAFLOW,OECD.ENV.EPI:DSD_GG@DF_GREEN_GROWTH(1.1),Green Growth,I,MYS,Malaysia,A,Annual,GHG_PBEM,T_CO2E,Tonnes of CO2-equivalent,_T,Total - all activities,2007,274.47,A,Normal value,6,Millions,_Z,2015.0,3.0,2.0
DATAFLOW,OECD.ENV.EPI:DSD_GG@DF_GREEN_GROWTH(1.1),Green Growth,I,MYS,Malaysia,A,Annual,GHG_PBEM,T_CO2E,Tonnes of CO2-equivalent,_T,Total - all activities,2006,251.74,A,Normal value,6,Millions,_Z,2015.0,3.0,2.0
DATAFLOW,OECD.ENV.EPI:DSD_GG@DF_GREEN_GROWTH(1.1),Green Growth,I,MYS,Malaysia,A,Annual,GHG_PBEM,T_CO2E,Tonnes of CO2-equivalent,_T,Total - all activities,2005,246.26,A,Normal value,6,Millions,_Z,2015.0,3.0,2.0
DATAFLOW,OECD.ENV.EPI:DSD_GG@DF_GREEN_GROWTH(1.1),Green Growth,I,MYS,Malaysia,A,Annual,GHG_PBEM,T_CO2E,Tonnes of CO2-equivalent,_T,Total - all activities,2004,232.95,A,Normal value,6,Millions,_Z,2015.0,3.0,2.0
DATAFLOW,OECD.ENV.EPI:DSD_GG@DF_GREEN_GROWTH(1.1),Green Growth,I,MYS,Malaysia,A,Annual,GHG_PBEM,T_CO2E,Tonnes of CO2-equivalent,_T,Total - all activities,2003,213.38,A,Normal value,6,Millions,_Z,2015.0,3.0,2.0
DATAFLOW,OECD.ENV.EPI:DSD_GG@DF_GREEN_GROWTH(1.1),Green Growth,I,MYS,Malaysia,A,Annual,GHG_PBEM,T_CO2E,Tonnes of CO2-equivalent,_T,Total - all activities,2002,209.33,A,Normal value,6,Millions,_Z,2015.0,3.0,2.0
DATAFLOW,OECD.ENV.EPI:DSD_GG@DF_GREEN_GROWTH(1.1),Green Growth,I,MYS,Malaysia,A,Annual,GHG_PBEM,T_CO2E,Tonnes of CO2-equivalent,_T,Total - all activities,2001,195.54,A,Normal value,6,Millions,_Z,2015.0,3.0,2.0
DATAFLOW,OECD.ENV.EPI:DSD_GG@DF_GREEN_GROWTH(1.1),Green Growth,I,MYS,Malaysia,A,Annual,GHG_PBEM,T_CO2E,Tonnes of CO2-equivalent,_T,Total - all activities,2000,187.78,A,Normal value,6,Millions,_Z,2015.0,3.0,2.0
DATAFLOW,OECD.ENV.EPI:DSD_GG@DF_GREEN_GROWTH(1.1),Green Growth,I,MYS,Malaysia,A,Annual,GHG_PBEM,T_CO2E,Tonnes of CO2-equivalent,_T,Total - all activities,2020,309.78,A,Normal value,6,Millions,_Z,2015.0,3.0,2.0
DATAFLOW,OECD.ENV.EPI:DSD_GG@DF_GREEN_GROWTH(1.1),Green Growth,I,MYS,Malaysia,A,Annual,GHG_PBEM,T_CO2E,Tonnes of CO2-equivalent,_T,Total - all activities,2019,321.61,A,Normal value,6,Millions,_Z,2015.0,3.0,2.0
DATAFLOW,OECD.ENV.EPI:DSD_GG@DF_GREEN_GROWTH(1.1),Green Growth,I,MYS,Malaysia,A,Annual,GHG_PBEM,T_CO2E,Tonnes of CO2-equivalent,_T,Total - all activities,2018,317.2,A,Normal value,6,Millions,_Z,2015.0,3.0,2.0
DATAFLOW,OECD.ENV.EPI:DSD_GG@DF_GREEN_GROWTH(1.1),Green Growth,I,MYS,Malaysia,A,Annual,GHG_PBEM,T_CO2E,Tonnes of CO2-equivalent,_T,Total - all activities,2017,307.38,A,Normal value,6,Millions,_Z,2015.0,3.0,2.0
DATAFLOW,OECD.ENV.EPI:DSD_GG@DF_GREEN_GROWTH(1.1),Green Growth,I,MYS,Malaysia,A,Annual,GHG_PBEM,T_CO2E,Tonnes of CO2-equivalent,_T,Total - all activities,2016,301.56,A,Normal value,6,Millions,_Z,2015.0,3.0,2.0
DATAFLOW,OECD.ENV.EPI:DSD_GG@DF_GREEN_GROWTH(1.1),Green Growth,I,MYS,Malaysia,A,Annual,GHG_PBEM,T_CO2E,Tonnes of CO2-equivalent,_T,Total - all activities,2015,306.6,A,Normal value,6,Millions,_Z,2015.0,3.0,2.0
DATAFLOW,OECD.ENV.EPI:DSD_GG@DF_GREEN_GROWTH(1.1),Green Growth,I,MYS,Malaysia,A,Annual,GHG_PBEM,T_CO2E,Tonnes of CO2-equivalent,_T,Total - all activities,2014,307.45,A,Normal value,6,Millions,_Z,2015.0,3.0,2.0
DATAFLOW,OECD.ENV.EPI:DSD_GG@DF_GREEN_GROWTH(1.1),Green Growth,I,MYS,Malaysia,A,Annual,GHG_PBEM,T_CO2E,Tonnes of CO2-equivalent,_T,Total - all activities,2013,294.92,A,Normal value,6,Millions,_Z,2015.0,3.0,2.0
DATAFLOW,OECD.ENV.EPI:DSD_GG@DF_GREEN_GROWTH(1.1),Green Growth,I,MYS,Malaysia,A,Annual,GHG_PBEM,T_CO2E,Tonnes of CO2-equivalent,_T,Total - all activities,2012,279.87,A,Normal value,6,Millions,_Z,2015.0,3.0,2.0
DATAFLOW,OECD.ENV.EPI:DSD_GG@DF_GREEN_GROWTH(1.1),Green Growth,I,MYS,Malaysia,A,Annual,GHG_PBEM,T_CO2E,Tonnes of CO2-equivalent,_T,Total - all activities,2011,285.13,A,Normal value,6,Millions,_Z,2015.0,3.0,2.0
DATAFLOW,OECD.ENV.EPI:DSD_GG@DF_GREEN_GROWTH(1.1),Green Growth,I,MYS,Malaysia,A,Annual,GHG_PBEM,T_CO2E,Tonnes of CO2-equivalent,_T,Total - all activities,2010,299.15,A,Normal value,6,Millions,_Z,2015.0,3.0,2.0
DATAFLOW,OECD.ENV.EPI:DSD_GG@DF_GREEN_GROWTH(1.1),Green Growth,I,MYS,Malaysia,A,Annual,GHG_PBEM,T_CO2E,Tonnes of CO2-equivalent,_T,Total - all activities,2009,272.29,A,Normal value,6,Millions,_Z,2015.0,3.0,2.0
DATAFLOW,OECD.ENV.EPI:DSD_GG@DF_GREEN_GROWTH(1.1),Green Growth,I,MYS,Malaysia,A,Annual,LAND,_X,Unspecified,_T,Total - all activities,2009,9.675,A,Normal value,0,Units,,2015.0,2.0,2.0
DATAFLOW,OECD.ENV.EPI:DSD_GG@DF_GREEN_GROWTH(1.1),Green Growth,I,MYS,Malaysia,A,Annual,LAND,_X,Unspecified,_T,Total - all activities,2008,9.675,A,Normal value,0,Units,,2015.0,2.0,2.0
DATAFLOW,OECD.ENV.EPI:DSD_GG@DF_GREEN_GROWTH(1.1),Green Growth,I,MYS,Malaysia,A,Annual,LAND,_X,Unspecified,_T,Total - all activities,2007,9.675,A,Normal value,0,Units,,2015.0,2.0,2.0
DATAFLOW,OECD.ENV.EPI:DSD_GG@DF_GREEN_GROWTH(1.1),Green Growth,I,MYS,Malaysia,A,Annual,LAND,_X,Unspecified,_T,Total - all activities,2006,9.675,A,Normal value,0,Units,,2015.0,2.0,2.0
DATAFLOW,OECD.ENV.EPI:DSD_GG@DF_GREEN_GROWTH(1.1),Green Growth,I,MYS,Malaysia,A,Annual,LAND,_X,Unspecified,_T,Total - all activities,2005,9.675,A,Normal value,0,Units,,2015.0,2.0,2.0
DATAFLOW,OECD.ENV.EPI:DSD_GG@DF_GREEN_GROWTH(1.1),Green Growth,I,MYS,Malaysia,A,Annual,LAND,_X,Unspecified,_T,Total - all activities,2004,9.675,A,Normal value,0,Units,,2015.0,2.0,2.0
DATAFLOW,OECD.ENV.EPI:DSD_GG@DF_GREEN_GROWTH(1.1),Green Growth,I,MYS,Malaysia,A,Annual,LAND,_X,Unspecified,_T,Total - all activities,2003,9.675,A,Normal value,0,Units,,2015.0,2.0,2.0
DATAFLOW,OECD.ENV.EPI:DSD_GG@DF_GREEN_GROWTH(1.1),Green Growth,I,MYS,Malaysia,A,Annual,LAND,_X,Unspecified,_T,Total - all activities,2002,9.675,A,Normal value,0,Units,,2015.0,2.0,2.0
DATAFLOW,OECD.ENV.EPI:DSD_GG@DF_GREEN_GROWTH(1.1),Green Growth,I,MYS,Malaysia,A,Annual,LAND,_X,Unspecified,_T,Total - all activities,2001,9.675,A,Normal value,0,Units,,2015.0,2.0,2.0
DATAFLOW,OECD.ENV.EPI:DSD_GG@DF_GREEN_GROWTH(1.1),Green Growth,I,MYS,Malaysia,A,Annual,LAND,_X,Unspecified,_T,Total - all activities,2000,9.675,A,Normal value,0,Units,,2015.0,2.0,2.0
DATAFLOW,OECD.ENV.EPI:DSD_GG@DF_GREEN_GROWTH(1.1),Green Growth,I,MYS,Malaysia,A,Annual,LAND,_X,Unspecified,_T,Total - all activities,2022,9.675,A,Normal value,0,Units,,2015.0,2.0,2.0
DATAFLOW,OECD.ENV.EPI:DSD_GG@DF_GREEN_GROWTH(1.1),Green Growth,I,MYS,Malaysia,A,Annual,LAND,_X,Unspecified,_T,Total - all activities,2021,9.675,A,Normal value,0,Units,,2015.0,2.0,2.0
DATAFLOW,OECD.ENV.EPI:DSD_GG@DF_GREEN_GROWTH(1.1),Green Growth,I,MYS,Malaysia,A,Annual,LAND,_X,Unspecified,_T,Total - all activities,2020,9.675,A,Normal value,0,Units,,2015.0,2.0,2.0
DATAFLOW,OECD.ENV.EPI:DSD_GG@DF_GREEN_GROWTH(1.1),Green Growth,I,MYS,Malaysia,A,Annual,LAND,_X,Unspecified,_T,Total - all activities,2019,9.675,A,Normal value,0,Units,,2015.0,2.0,2.0
DATAFLOW,OECD.ENV.EPI:DSD_GG@DF_GREEN_GROWTH(1.1),Green Growth,I,MYS,Malaysia,A,Annual,LAND,_X,Unspecified,_T,Total - all activities,2018,9.675,A,Normal value,0,Units,,2015.0,2.0,2.0
DATAFLOW,OECD.ENV.EPI:DSD_GG@DF_GREEN_GROWTH(1.1),Green Growth,I,MYS,Malaysia,A,Annual,LAND,_X,Unspecified,_T,Total - all activities,2017,9.675,A,Normal value,0,Units,,2015.0,2.0,2.0
DATAFLOW,OECD.ENV.EPI:DSD_GG@DF_GREEN_GROWTH(1.1),Green Growth,I,MYS,Malaysia,A,Annual,LAND,_X,Unspecified,_T,Total - all activities,2016,9.675,A,Normal value,0,Units,,2015.0,2.0,2.0
DATAFLOW,OECD.ENV.EPI:DSD_GG@DF_GREEN_GROWTH(1.1),Green Growth,I,MYS,Malaysia,A,Annual,LAND,_X,Unspecified,_T,Total - all activities,2015,9.675,A,Normal value,0,Units,,2015.0,2.0,2.0
DATAFLOW,OECD.ENV.EPI:DSD_GG@DF_GREEN_GROWTH(1.1),Green Growth,I,MYS,Malaysia,A,Annual,LAND,_X,Unspecified,_T,Total - all activities,2014,9.675,A,Normal value,0,Units,,2015.0,2.0,2.0
DATAFLOW,OECD.ENV.EPI:DSD_GG@DF_GREEN_GROWTH(1.1),Green Growth,I,MYS,Malaysia,A,Annual,LAND,_X,Unspecified,_T,Total - all activities,2013,9.675,A,Normal value,0,Units,,2015.0,2.0,2.0
DATAFLOW,OECD.ENV.EPI:DSD_GG@DF_GREEN_GROWTH(1.1),Green Growth,I,MYS,Malaysia,A,Annual,LAND,_X,Unspecified,_T,Total - all activities,2012,9.675,A,Normal value,0,Units,,2015.0,2.0,2.0
DATAFLOW,OECD.ENV.EPI:DSD_GG@DF_GREEN_GROWTH(1.1),Green Growth,I,MYS,Malaysia,A,Annual,LAND,_X,Unspecified,_T,Total - all activities,2011,9.675,A,Normal value,0,Units,,2015.0,2.0,2.0
DATAFLOW,OECD.ENV.EPI:DSD_GG@DF_GREEN_GROWTH(1.1),Green Growth,I,MYS,Malaysia,A,Annual,CO2_DBPROD,USD_CO2,US dollars per unit of CO2,_T,Total - all activities,2007,4.86,A,Normal value,0,Units,_Z,2015.0,2.0,2.0
DATAFLOW,OECD.ENV.EPI:DSD_GG@DF_GREEN_GROWTH(1.1),Green Growth,I,MYS,Malaysia,A,Annual,CO2_DBPROD,USD_CO2,US dollars per unit of CO2,_T,Total - all activities,2006,5.18,A,Normal value,0,Units,_Z,2015.0,2.0,2.0
DATAFLOW,OECD.ENV.EPI:DSD_GG@DF_GREEN_GROWTH(1.1),Green Growth,I,MYS,Malaysia,A,Annual,CO2_DBPROD,USD_CO2,US dollars per unit of CO2,_T,Total - all activities,2005,4.94,A,Normal value,0,Units,_Z,2015.0,2.0,2.0
DATAFLOW,OECD.ENV.EPI:DSD_GG@DF_GREEN_GROWTH(1.1),Green Growth,I,MYS,Malaysia,A,Annual,CO2_DBPROD,USD_CO2,US dollars per unit of CO2,_T,Total - all activities,2004,4.91,A,Normal value,0,Units,_Z,2015.0,2.0,2.0
DATAFLOW,OECD.ENV.EPI:DSD_GG@DF_GREEN_GROWTH(1.1),Green Growth,I,MYS,Malaysia,A,Annual,CO2_DBPROD,USD_CO2,US dollars per unit of CO2,_T,Total - all activities,2003,4.92,A,Normal value,0,Units,_Z,2015.0,2.0,2.0
DATAFLOW,OECD.ENV.EPI:DSD_GG@DF_GREEN_GROWTH(1.1),Green Growth,I,MYS,Malaysia,A,Annual,CO2_DBPROD,USD_CO2,US dollars per unit of CO2,_T,Total - all activities,2002,4.56,A,Normal value,0,Units,_Z,2015.0,2.0,2.0
DATAFLOW,OECD.ENV.EPI:DSD_GG@DF_GREEN_GROWTH(1.1),Green Growth,I,MYS,Malaysia,A,Annual,CO2_DBPROD,USD_CO2,US dollars per unit of CO2,_T,Total - all activities,2001,4.8,A,Normal value,0,Units,_Z,2015.0,2.0,2.0
DATAFLOW,OECD.ENV.EPI:DSD_GG@DF_GREEN_GROWTH(1.1),Green Growth,I,MYS,Malaysia,A,Annual,CO2_DBPROD,USD_CO2,US dollars per unit of CO2,_T,Total - all activities,2000,5.59,A,Normal value,0,Units,_Z,2015.0,2.0,2.0
DATAFLOW,OECD.ENV.EPI:DSD_GG@DF_GREEN_GROWTH(1.1),Green Growth,I,MYS,Malaysia,A,Annual,CO2_DBPROD,USD_CO2,US dollars per unit of CO2,_T,Total - all activities,2018,4.57,A,Normal value,0,Units,_Z,2015.0,2.0,2.0
DATAFLOW,OECD.ENV.EPI:DSD_GG@DF_GREEN_GROWTH(1.1),Green Growth,I,MYS,Malaysia,A,Annual,CO2_DBPROD,USD_CO2,US dollars per unit of CO2,_T,Total - all activities,2017,4.63,A,Normal value,0,Units,_Z,2015.0,2.0,2.0
DATAFLOW,OECD.ENV.EPI:DSD_GG@DF_GREEN_GROWTH(1.1),Green Growth,I,MYS,Malaysia,A,Annual,CO2_DBPROD,USD_CO2,US dollars per unit of CO2,_T,Total - all activities,2016,4.4,A,Normal value,0,Units,_Z,2015.0,2.0,2.0
DATAFLOW,OECD.ENV.EPI:DSD_GG@DF_GREEN_GROWTH(1.1),Green Growth,I,MYS,Malaysia,A,Annual,CO2_DBPROD,USD_CO2,US dollars per unit of CO2,_T,Total - all activities,2015,4.24,A,Normal value,0,Units,_Z,2015.0,2.0,2.0
DATAFLOW,OECD.ENV.EPI:DSD_GG@DF_GREEN_GROWTH(1.1),Green Growth,I,MYS,Malaysia,A,Annual,CO2_DBPROD,USD_CO2,US dollars per unit of CO2,_T,Total - all activities,2014,3.95,A,Normal value,0,Units,_Z,2015.0,2.0,2.0
DATAFLOW,OECD.ENV.EPI:DSD_GG@DF_GREEN_GROWTH(1.1),Green Growth,I,MYS,Malaysia,A,Annual,CO2_DBPROD,USD_CO2,US dollars per unit of CO2,_T,Total - all activities,2013,3.84,A,Normal value,0,Units,_Z,2015.0,2.0,2.0
DATAFLOW,OECD.ENV.EPI:DSD_GG@DF_GREEN_GROWTH(1.1),Green Growth,I,MYS,Malaysia,A,Annual,CO2_DBPROD,USD_CO2,US dollars per unit of CO2,_T,Total - all activities,2012,4.08,A,Normal value,0,Units,_Z,2015.0,2.0,2.0
DATAFLOW,OECD.ENV.EPI:DSD_GG@DF_GREEN_GROWTH(1.1),Green Growth,I,MYS,Malaysia,A,Annual,CO2_DBPROD,USD_CO2,US dollars per unit of CO2,_T,Total - all activities,2011,4.23,A,Normal value,0,Units,_Z,2015.0,2.0,2.0
DATAFLOW,OECD.ENV.EPI:DSD_GG@DF_GREEN_GROWTH(1.1),Green Growth,I,MYS,Malaysia,A,Annual,CO2_DBPROD,USD_CO2,US dollars per unit of CO2,_T,Total - all activities,2010,4.01,A,Normal value,0,Units,_Z,2015.0,2.0,2.0
DATAFLOW,OECD.ENV.EPI:DSD_GG@DF_GREEN_GROWTH(1.1),Green Growth,I,MYS,Malaysia,A,Annual,CO2_DBPROD,USD_CO2,US dollars per unit of CO2,_T,Total - all activities,2009,4.66,A,Normal value,0,Units,_Z,2015.0,2.0,2.0
DATAFLOW,OECD.ENV.EPI:DSD_GG@DF_GREEN_GROWTH(1.1),Green Growth,I,MYS,Malaysia,A,Annual,POP_Y_LT14,PT_POP,Percentage of population,_T,Total - all activities,2006,29.31,A,Normal value,0,Units,_Z,2015.0,1.0,2.0
DATAFLOW,OECD.ENV.EPI:DSD_GG@DF_GREEN_GROWTH(1.1),Green Growth,I,MYS,Malaysia,A,Annual,POP_Y_LT14,PT_POP,Percentage of population,_T,Total - all activities,2005,29.94,A,Normal value,0,Units,_Z,2015.0,1.0,2.0
DATAFLOW,OECD.ENV.EPI:DSD_GG@DF_GREEN_GROWTH(1.1),Green Growth,I,MYS,Malaysia,A,Annual,POP_Y_LT14,PT_POP,Percentage of population,_T,Total - all activities,2004,30.53,A,Normal value,0,Units,_Z,2015.0,1.0,2.0
DATAFLOW,OECD.ENV.EPI:DSD_GG@DF_GREEN_GROWTH(1.1),Green Growth,I,MYS,Malaysia,A,Annual,POP_Y_LT14,PT_POP,Percentage of population,_T,Total - all activities,2003,31.07,A,Normal value,0,Units,_Z,2015.0,1.0,2.0
DATAFLOW,OECD.ENV.EPI:DSD_GG@DF_GREEN_GROWTH(1.1),Green Growth,I,MYS,Malaysia,A,Annual,POP_Y_LT14,PT_POP,Percentage of population,_T,Total - all activities,2002,31.53,A,Normal value,0,Units,_Z,2015.0,1.0,2.0
DATAFLOW,OECD.ENV.EPI:DSD_GG@DF_GREEN_GROWTH(1.1),Green Growth,I,MYS,Malaysia,A,Annual,POP_Y_LT14,PT_POP,Percentage of population,_T,Total - all activities,2001,31.92,A,Normal value,0,Units,_Z,2015.0,1.0,2.0
DATAFLOW,OECD.ENV.EPI:DSD_GG@DF_GREEN_GROWTH(1.1),Green Growth,I,MYS,Malaysia,A,Annual,POP_Y_LT14,PT_POP,Percentage of population,_T,Total - all activities,2000,32.21,A,Normal value,0,Units,_Z,2015.0,1.0,2.0
DATAFLOW,OECD.ENV.EPI:DSD_GG@DF_GREEN_GROWTH(1.1),Green Growth,I,MYS,Malaysia,A,Annual,POP_Y_LT14,PT_POP,Percentage of population,_T,Total - all activities,2021,21.41,A,Normal value,0,Units,_Z,2015.0,1.0,2.0
DATAFLOW,OECD.ENV.EPI:DSD_GG@DF_GREEN_GROWTH(1.1),Green Growth,I,MYS,Malaysia,A,Annual,POP_Y_LT14,PT_POP,Percentage of population,_T,Total - all activities,2020,21.75,A,Normal value,0,Units,_Z,2015.0,1.0,2.0
DATAFLOW,OECD.ENV.EPI:DSD_GG@DF_GREEN_GROWTH(1.1),Green Growth,I,MYS,Malaysia,A,Annual,POP_Y_LT14,PT_POP,Percentage of population,_T,Total - all activities,2019,22.12,A,Normal value,0,Units,_Z,2015.0,1.0,2.0
DATAFLOW,OECD.ENV.EPI:DSD_GG@DF_GREEN_GROWTH(1.1),Green Growth,I,MYS,Malaysia,A,Annual,POP_Y_LT14,PT_POP,Percentage of population,_T,Total - all activities,2018,22.5,A,Normal value,0,Units,_Z,2015.0,1.0,2.0
DATAFLOW,OECD.ENV.EPI:DSD_GG@DF_GREEN_GROWTH(1.1),Green Growth,I,MYS,Malaysia,A,Annual,POP_Y_LT14,PT_POP,Percentage of population,_T,Total - all activities,2017,22.9,A,Normal value,0,Units,_Z,2015.0,1.0,2.0
DATAFLOW,OECD.ENV.EPI:DSD_GG@DF_GREEN_GROWTH(1.1),Green Growth,I,MYS,Malaysia,A,Annual,POP_Y_LT14,PT_POP,Percentage of population,_T,Total - all activities,2016,23.33,A,Normal value,0,Units,_Z,2015.0,1.0,2.0
DATAFLOW,OECD.ENV.EPI:DSD_GG@DF_GREEN_GROWTH(1.1),Green Growth,I,MYS,Malaysia,A,Annual,POP_Y_LT14,PT_POP,Percentage of population,_T,Total - all activities,2015,23.78,A,Normal value,0,Units,_Z,2015.0,1.0,2.0
DATAFLOW,OECD.ENV.EPI:DSD_GG@DF_GREEN_GROWTH(1.1),Green Growth,I,MYS,Malaysia,A,Annual,POP_Y_LT14,PT_POP,Percentage of population,_T,Total - all activities,2014,24.24,A,Normal value,0,Units,_Z,2015.0,1.0,2.0
DATAFLOW,OECD.ENV.EPI:DSD_GG@DF_GREEN_GROWTH(1.1),Green Growth,I,MYS,Malaysia,A,Annual,POP_Y_LT14,PT_POP,Percentage of population,_T,Total - all activities,2013,24.74,A,Normal value,0,Units,_Z,2015.0,1.0,2.0
DATAFLOW,OECD.ENV.EPI:DSD_GG@DF_GREEN_GROWTH(1.1),Green Growth,I,MYS,Malaysia,A,Annual,POP_Y_LT14,PT_POP,Percentage of population,_T,Total - all activities,2012,25.27,A,Normal value,0,Units,_Z,2015.0,1.0,2.0
DATAFLOW,OECD.ENV.EPI:DSD_GG@DF_GREEN_GROWTH(1.1),Green Growth,I,MYS,Malaysia,A,Annual,POP_Y_LT14,PT_POP,Percentage of population,_T,Total - all activities,2011,25.83,A,Normal value,0,Units,_Z,2015.0,1.0,2.0
DATAFLOW,OECD.ENV.EPI:DSD_GG@DF_GREEN_GROWTH(1.1),Green Growth,I,MYS,Malaysia,A,Annual,POP_Y_LT14,PT_POP,Percentage of population,_T,Total - all activities,2010,26.47,A,Normal value,0,Units,_Z,2015.0,1.0,2.0
DATAFLOW,OECD.ENV.EPI:DSD_GG@DF_GREEN_GROWTH(1.1),Green Growth,I,MYS,Malaysia,A,Annual,POP_Y_LT14,PT_POP,Percentage of population,_T,Total - all activities,2009,27.2,A,Normal value,0,Units,_Z,2015.0,1.0,2.0
DATAFLOW,OECD.ENV.EPI:DSD_GG@DF_GREEN_GROWTH(1.1),Green Growth,I,MYS,Malaysia,A,Annual,POP_Y_LT14,PT_POP,Percentage of population,_T,Total - all activities,2008,27.95,A,Normal value,0,Units,_Z,2015.0,1.0,2.0
DATAFLOW,OECD.ENV.EPI:DSD_GG@DF_GREEN_GROWTH(1.1),Green Growth,I,MYS,Malaysia,A,Annual,DEF,IX,Index,_T,Total - all activities,2007,81.21,A,Normal value,0,Units,_Z,2015.0,1.0,2.0
DATAFLOW,OECD.ENV.EPI:DSD_GG@DF_GREEN_GROWTH(1.1),Green Growth,I,MYS,Malaysia,A,Annual,DEF,IX,Index,_T,Total - all activities,2006,77.43,A,Normal value,0,Units,_Z,2015.0,1.0,2.0
DATAFLOW,OECD.ENV.EPI:DSD_GG@DF_GREEN_GROWTH(1.1),Green Growth,I,MYS,Malaysia,A,Annual,DEF,IX,Index,_T,Total - all activities,2005,74.47,A,Normal value,0,Units,_Z,2015.0,1.0,2.0
DATAFLOW,OECD.ENV.EPI:DSD_GG@DF_GREEN_GROWTH(1.1),Green Growth,I,MYS,Malaysia,A,Annual,DEF,IX,Index,_T,Total - all activities,2004,68.41,A,Normal value,0,Units,_Z,2015.0,1.0,2.0
DATAFLOW,OECD.ENV.EPI:DSD_GG@DF_GREEN_GROWTH(1.1),Green Growth,I,MYS,Malaysia,A,Annual,DEF,IX,Index,_T,Total - all activities,2003,64.53,A,Normal value,0,Units,_Z,2015.0,1.0,2.0
DATAFLOW,OECD.ENV.EPI:DSD_GG@DF_GREEN_GROWTH(1.1),Green Growth,I,MYS,Malaysia,A,Annual,DEF,IX,Index,_T,Total - all activities,2002,62.47,A,Normal value,0,Units,_Z,2015.0,1.0,2.0
DATAFLOW,OECD.ENV.EPI:DSD_GG@DF_GREEN_GROWTH(1.1),Green Growth,I,MYS,Malaysia,A,Annual,DEF,IX,Index,_T,Total - all activities,2001,60.57,A,Normal value,0,Units,_Z,2015.0,1.0,2.0
DATAFLOW,OECD.ENV.EPI:DSD_GG@DF_GREEN_GROWTH(1.1),Green Growth,I,MYS,Malaysia,A,Annual,DEF,IX,Index,_T,Total - all activities,2000,61.55,A,Normal value,0,Units,_Z,2015.0,1.0,2.0
DATAFLOW,OECD.ENV.EPI:DSD_GG@DF_GREEN_GROWTH(1.1),Green Growth,I,MYS,Malaysia,A,Annual,DEF,IX,Index,_T,Total - all activities,2021,111.44,A,Normal value,0,Units,_Z,2015.0,1.0,2.0
DATAFLOW,OECD.ENV.EPI:DSD_GG@DF_GREEN_GROWTH(1.1),Green Growth,I,MYS,Malaysia,A,Annual,DEF,IX,Index,_T,Total - all activities,2020,105.42,A,Normal value,0,Units,_Z,2015.0,1.0,2.0
DATAFLOW,OECD.ENV.EPI:DSD_GG@DF_GREEN_GROWTH(1.1),Green Growth,I,MYS,Malaysia,A,Annual,DEF,IX,Index,_T,Total - all activities,2019,106.24,A,Normal value,0,Units,_Z,2015.0,1.0,2.0
DATAFLOW,OECD.ENV.EPI:DSD_GG@DF_GREEN_GROWTH(1.1),Green Growth,I,MYS,Malaysia,A,Annual,DEF,IX,Index,_T,Total - all activities,2018,106.16,A,Normal value,0,Units,_Z,2015.0,1.0,2.0
DATAFLOW,OECD.ENV.EPI:DSD_GG@DF_GREEN_GROWTH(1.1),Green Growth,I,MYS,Malaysia,A,Annual,DEF,IX,Index,_T,Total - all activities,2017,105.5,A,Normal value,0,Units,_Z,2015.0,1.0,2.0
DATAFLOW,OECD.ENV.EPI:DSD_GG@DF_GREEN_GROWTH(1.1),Green Growth,I,MYS,Malaysia,A,Annual,DEF,IX,Index,_T,Total - all activities,2016,101.66,A,Normal value,0,Units,_Z,2015.0,1.0,2.0
DATAFLOW,OECD.ENV.EPI:DSD_GG@DF_GREEN_GROWTH(1.1),Green Growth,I,MYS,Malaysia,A,Annual,DEF,IX,Index,_T,Total - all activities,2015,100.0,A,Normal value,0,Units,_Z,2015.0,1.0,2.0
DATAFLOW,OECD.ENV.EPI:DSD_GG@DF_GREEN_GROWTH(1.1),Green Growth,I,MYS,Malaysia,A,Annual,DEF,IX,Index,_T,Total - all activities,2014,98.8,A,Normal value,0,Units,_Z,2015.0,1.0,2.0
DATAFLOW,OECD.ENV.EPI:DSD_GG@DF_GREEN_GROWTH(1.1),Green Growth,I,MYS,Malaysia,A,Annual,DEF,IX,Index,_T,Total - all activities,2013,96.42,A,Normal value,0,Units,_Z,2015.0,1.0,2.0
DATAFLOW,OECD.ENV.EPI:DSD_GG@DF_GREEN_GROWTH(1.1),Green Growth,I,MYS,Malaysia,A,Annual,DEF,IX,Index,_T,Total - all activities,2012,96.25,A,Normal value,0,Units,_Z,2015.0,1.0,2.0
DATAFLOW,OECD.ENV.EPI:DSD_GG@DF_GREEN_GROWTH(1.1),Green Growth,I,MYS,Malaysia,A,Annual,DEF,IX,Index,_T,Total - all activities,2011,95.3,A,Normal value,0,Units,_Z,2015.0,1.0,2.0
DATAFLOW,OECD.ENV.EPI:DSD_GG@DF_GREEN_GROWTH(1.1),Green Growth,I,MYS,Malaysia,A,Annual,DEF,IX,Index,_T,Total - all activities,2010,90.4,A,Normal value,0,Units,_Z,2015.0,1.0,2.0
DATAFLOW,OECD.ENV.EPI:DSD_GG@DF_GREEN_GROWTH(1.1),Green Growth,I,MYS,Malaysia,A,Annual,DEF,IX,Index,_T,Total - all activities,2009,84.28,A,Normal value,0,Units,_Z,2015.0,1.0,2.0
DATAFLOW,OECD.ENV.EPI:DSD_GG@DF_GREEN_GROWTH(1.1),Green Growth,I,MYS,Malaysia,A,Annual,ENVTAX,PT_TAX_REV,Percentage of tax revenue,_T,Total - all activities,2007,1.74,A,Normal value,0,Units,_Z,2015.0,2.0,2.0
DATAFLOW,OECD.ENV.EPI:DSD_GG@DF_GREEN_GROWTH(1.1),Green Growth,I,MYS,Malaysia,A,Annual,ENVTAX,PT_TAX_REV,Percentage of tax revenue,_T,Total - all activities,2006,1.99,A,Normal value,0,Units,_Z,2015.0,2.0,2.0
DATAFLOW,OECD.ENV.EPI:DSD_GG@DF_GREEN_GROWTH(1.1),Green Growth,I,MYS,Malaysia,A,Annual,ENVTAX,PT_TAX_REV,Percentage of tax revenue,_T,Total - all activities,2005,2.57,A,Normal value,0,Units,_Z,2015.0,2.0,2.0
DATAFLOW,OECD.ENV.EPI:DSD_GG@DF_GREEN_GROWTH(1.1),Green Growth,I,MYS,Malaysia,A,Annual,ENVTAX,PT_TAX_REV,Percentage of tax revenue,_T,Total - all activities,2004,2.98,A,Normal value,0,Units,_Z,2015.0,2.0,2.0
DATAFLOW,OECD.ENV.EPI:DSD_GG@DF_GREEN_GROWTH(1.1),Green Growth,I,MYS,Malaysia,A,Annual,ENVTAX,PT_TAX_REV,Percentage of tax revenue,_T,Total - all activities,2003,3.24,A,Normal value,0,Units,_Z,2015.0,2.0,2.0
DATAFLOW,OECD.ENV.EPI:DSD_GG@DF_GREEN_GROWTH(1.1),Green Growth,I,MYS,Malaysia,A,Annual,ENVTAX,PT_TAX_REV,Percentage of tax revenue,_T,Total - all activities,2002,3.08,A,Normal value,0,Units,_Z,2015.0,2.0,2.0
DATAFLOW,OECD.ENV.EPI:DSD_GG@DF_GREEN_GROWTH(1.1),Green Growth,I,MYS,Malaysia,A,Annual,ENVTAX,PT_TAX_REV,Percentage of tax revenue,_T,Total - all activities,2001,3.19,A,Normal value,0,Units,_Z,2015.0,2.0,2.0
DATAFLOW,OECD.ENV.EPI:DSD_GG@DF_GREEN_GROWTH(1.1),Green Growth,I,MYS,Malaysia,A,Annual,ENVTAX,PT_TAX_REV,Percentage of tax revenue,_T,Total - all activities,2000,3.83,A,Normal value,0,Units,_Z,2015.0,2.0,2.0
DATAFLOW,OECD.ENV.EPI:DSD_GG@DF_GREEN_GROWTH(1.1),Green Growth,I,MYS,Malaysia,A,Annual,ENVTAX,PT_TAX_REV,Percentage of tax revenue,_T,Total - all activities,2020,5.67,A,Normal value,0,Units,_Z,2015.0,2.0,2.0
DATAFLOW,OECD.ENV.EPI:DSD_GG@DF_GREEN_GROWTH(1.1),Green Growth,I,MYS,Malaysia,A,Annual,ENVTAX,PT_TAX_REV,Percentage of tax revenue,_T,Total - all activities,2019,5.54,A,Normal value,0,Units,_Z,2015.0,2.0,2.0
DATAFLOW,OECD.ENV.EPI:DSD_GG@DF_GREEN_GROWTH(1.1),Green Growth,I,MYS,Malaysia,A,Annual,ENVTAX,PT_TAX_REV,Percentage of tax revenue,_T,Total - all activities,2018,6.22,A,Normal value,0,Units,_Z,2015.0,2.0,2.0
DATAFLOW,OECD.ENV.EPI:DSD_GG@DF_GREEN_GROWTH(1.1),Green Growth,I,MYS,Malaysia,A,Annual,ENVTAX,PT_TAX_REV,Percentage of tax revenue,_T,Total - all activities,2017,1.53,O,Missing value,0,Units,_Z,2015.0,2.0,2.0
DATAFLOW,OECD.ENV.EPI:DSD_GG@DF_GREEN_GROWTH(1.1),Green Growth,I,MYS,Malaysia,A,Annual,ENVTAX,PT_TAX_REV,Percentage of tax revenue,_T,Total - all activities,2016,1.55,A,Normal value,0,Units,_Z,2015.0,2.0,2.0
DATAFLOW,OECD.ENV.EPI:DSD_GG@DF_GREEN_GROWTH(1.1),Green Growth,I,MYS,Malaysia,A,Annual,ENVTAX,PT_TAX_REV,Percentage of tax revenue,_T,Total - all activities,2015,1.54,A,Normal value,0,Units,_Z,2015.0,2.0,2.0
DATAFLOW,OECD.ENV.EPI:DSD_GG@DF_GREEN_GROWTH(1.1),Green Growth,I,MYS,Malaysia,A,Annual,ENVTAX,PT_TAX_REV,Percentage of tax revenue,_T,Total - all activities,2014,1.5,A,Normal value,0,Units,_Z,2015.0,2.0,2.0
DATAFLOW,OECD.ENV.EPI:DSD_GG@DF_GREEN_GROWTH(1.1),Green Growth,I,MYS,Malaysia,A,Annual,ENVTAX,PT_TAX_REV,Percentage of tax revenue,_T,Total - all activities,2013,1.5,A,Normal value,0,Units,_Z,2015.0,2.0,2.0
DATAFLOW,OECD.ENV.EPI:DSD_GG@DF_GREEN_GROWTH(1.1),Green Growth,I,MYS,Malaysia,A,Annual,ENVTAX,PT_TAX_REV,Percentage of tax revenue,_T,Total - all activities,2012,1.47,A,Normal value,0,Units,_Z,2015.0,2.0,2.0
DATAFLOW,OECD.ENV.EPI:DSD_GG@DF_GREEN_GROWTH(1.1),Green Growth,I,MYS,Malaysia,A,Annual,ENVTAX,PT_TAX_REV,Percentage of tax revenue,_T,Total - all activities,2011,1.57,A,Normal value,0,Units,_Z,2015.0,2.0,2.0
DATAFLOW,OECD.ENV.EPI:DSD_GG@DF_GREEN_GROWTH(1.1),Green Growth,I,MYS,Malaysia,A,Annual,ENVTAX,PT_TAX_REV,Percentage of tax revenue,_T,Total - all activities,2010,1.77,A,Normal value,0,Units,_Z,2015.0,2.0,2.0
DATAFLOW,OECD.ENV.EPI:DSD_GG@DF_GREEN_GROWTH(1.1),Green Growth,I,MYS,Malaysia,A,Annual,ENVTAX,PT_TAX_REV,Percentage of tax revenue,_T,Total - all activities,2009,1.7,A,Normal value,0,Units,_Z,2015.0,2.0,2.0
DATAFLOW,OECD.ENV.EPI:DSD_GG@DF_GREEN_GROWTH(1.1),Green Growth,I,MYS,Malaysia,A,Annual,GHG_DBEM,IX,Index,_T,Total - all activities,2007,157.84,A,Normal value,0,Units,_Z,2000.0,3.0,2.0
DATAFLOW,OECD.ENV.EPI:DSD_GG@DF_GREEN_GROWTH(1.1),Green Growth,I,MYS,Malaysia,A,Annual,GHG_DBEM,IX,Index,_T,Total - all activities,2006,137.85,A,Normal value,0,Units,_Z,2000.0,3.0,2.0
DATAFLOW,OECD.ENV.EPI:DSD_GG@DF_GREEN_GROWTH(1.1),Green Growth,I,MYS,Malaysia,A,Annual,GHG_DBEM,IX,Index,_T,Total - all activities,2005,140.32,A,Normal value,0,Units,_Z,2000.0,3.0,2.0
DATAFLOW,OECD.ENV.EPI:DSD_GG@DF_GREEN_GROWTH(1.1),Green Growth,I,MYS,Malaysia,A,Annual,GHG_DBEM,IX,Index,_T,Total - all activities,2004,128.52,A,Normal value,0,Units,_Z,2000.0,3.0,2.0
DATAFLOW,OECD.ENV.EPI:DSD_GG@DF_GREEN_GROWTH(1.1),Green Growth,I,MYS,Malaysia,A,Annual,GHG_DBEM,IX,Index,_T,Total - all activities,2003,122.2,A,Normal value,0,Units,_Z,2000.0,3.0,2.0
DATAFLOW,OECD.ENV.EPI:DSD_GG@DF_GREEN_GROWTH(1.1),Green Growth,I,MYS,Malaysia,A,Annual,GHG_DBEM,IX,Index,_T,Total - all activities,2002,126.4,A,Normal value,0,Units,_Z,2000.0,3.0,2.0
DATAFLOW,OECD.ENV.EPI:DSD_GG@DF_GREEN_GROWTH(1.1),Green Growth,I,MYS,Malaysia,A,Annual,GHG_DBEM,IX,Index,_T,Total - all activities,2001,117.79,A,Normal value,0,Units,_Z,2000.0,3.0,2.0
DATAFLOW,OECD.ENV.EPI:DSD_GG@DF_GREEN_GROWTH(1.1),Green Growth,I,MYS,Malaysia,A,Annual,GHG_DBEM,IX,Index,_T,Total - all activities,2000,100.0,A,Normal value,0,Units,_Z,2000.0,3.0,2.0
DATAFLOW,OECD.ENV.EPI:DSD_GG@DF_GREEN_GROWTH(1.1),Green Growth,I,MYS,Malaysia,A,Annual,GHG_DBEM,IX,Index,_T,Total - all activities,2020,259.71,A,Normal value,0,Units,_Z,2000.0,3.0,2.0
DATAFLOW,OECD.ENV.EPI:DSD_GG@DF_GREEN_GROWTH(1.1),Green Growth,I,MYS,Malaysia,A,Annual,GHG_DBEM,IX,Index,_T,Total - all activities,2019,267.31,A,Normal value,0,Units,_Z,2000.0,3.0,2.0
DATAFLOW,OECD.ENV.EPI:DSD_GG@DF_GREEN_GROWTH(1.1),Green Growth,I,MYS,Malaysia,A,Annual,GHG_DBEM,IX,Index,_T,Total - all activities,2018,259.83,A,Normal value,0,Units,_Z,2000.0,3.0,2.0
DATAFLOW,OECD.ENV.EPI:DSD_GG@DF_GREEN_GROWTH(1.1),Green Growth,I,MYS,Malaysia,A,Annual,GHG_DBEM,IX,Index,_T,Total - all activities,2017,240.64,A,Normal value,0,Units,_Z,2000.0,3.0,2.0
DATAFLOW,OECD.ENV.EPI:DSD_GG@DF_GREEN_GROWTH(1.1),Green Growth,I,MYS,Malaysia,A,Annual,GHG_DBEM,IX,Index,_T,Total - all activities,2016,237.11,A,Normal value,0,Units,_Z,2000.0,3.0,2.0
DATAFLOW,OECD.ENV.EPI:DSD_GG@DF_GREEN_GROWTH(1.1),Green Growth,I,MYS,Malaysia,A,Annual,GHG_DBEM,IX,Index,_T,Total - all activities,2015,241.91,A,Normal value,0,Units,_Z,2000.0,3.0,2.0
DATAFLOW,OECD.ENV.EPI:DSD_GG@DF_GREEN_GROWTH(1.1),Green Growth,I,MYS,Malaysia,A,Annual,GHG_DBEM,IX,Index,_T,Total - all activities,2014,242.94,A,Normal value,0,Units,_Z,2000.0,3.0,2.0
DATAFLOW,OECD.ENV.EPI:DSD_GG@DF_GREEN_GROWTH(1.1),Green Growth,I,MYS,Malaysia,A,Annual,GHG_DBEM,IX,Index,_T,Total - all activities,2013,233.82,A,Normal value,0,Units,_Z,2000.0,3.0,2.0
DATAFLOW,OECD.ENV.EPI:DSD_GG@DF_GREEN_GROWTH(1.1),Green Growth,I,MYS,Malaysia,A,Annual,GHG_DBEM,IX,Index,_T,Total - all activities,2012,209.12,A,Normal value,0,Units,_Z,2000.0,3.0,2.0
DATAFLOW,OECD.ENV.EPI:DSD_GG@DF_GREEN_GROWTH(1.1),Green Growth,I,MYS,Malaysia,A,Annual,GHG_DBEM,IX,Index,_T,Total - all activities,2011,195.57,A,Normal value,0,Units,_Z,2000.0,3.0,2.0
DATAFLOW,OECD.ENV.EPI:DSD_GG@DF_GREEN_GROWTH(1.1),Green Growth,I,MYS,Malaysia,A,Annual,GHG_DBEM,IX,Index,_T,Total - all activities,2010,210.24,A,Normal value,0,Units,_Z,2000.0,3.0,2.0
DATAFLOW,OECD.ENV.EPI:DSD_GG@DF_GREEN_GROWTH(1.1),Green Growth,I,MYS,Malaysia,A,Annual,GHG_DBEM,IX,Index,_T,Total - all activities,2009,174.77,A,Normal value,0,Units,_Z,2000.0,3.0,2.0
DATAFLOW,OECD.ENV.EPI:DSD_GG@DF_GREEN_GROWTH(1.1),Green Growth,I,MYS,Malaysia,A,Annual,ENVTAX,PT_B1GQ,Percentage of GDP,_T,Total - all activities,2007,0.26,A,Normal value,0,Units,_Z,2015.0,2.0,2.0
DATAFLOW,OECD.ENV.EPI:DSD_GG@DF_GREEN_GROWTH(1.1),Green Growth,I,MYS,Malaysia,A,Annual,ENVTAX,PT_B1GQ,Percentage of GDP,_T,Total - all activities,2006,0.3,A,Normal value,0,Units,_Z,2015.0,2.0,2.0
DATAFLOW,OECD.ENV.EPI:DSD_GG@DF_GREEN_GROWTH(1.1),Green Growth,I,MYS,Malaysia,A,Annual,ENVTAX,PT_B1GQ,Percentage of GDP,_T,Total - all activities,2005,0.4,A,Normal value,0,Units,_Z,2015.0,2.0,2.0
DATAFLOW,OECD.ENV.EPI:DSD_GG@DF_GREEN_GROWTH(1.1),Green Growth,I,MYS,Malaysia,A,Annual,ENVTAX,PT_B1GQ,Percentage of GDP,_T,Total - all activities,2004,0.48,A,Normal value,0,Units,_Z,2015.0,2.0,2.0
DATAFLOW,OECD.ENV.EPI:DSD_GG@DF_GREEN_GROWTH(1.1),Green Growth,I,MYS,Malaysia,A,Annual,ENVTAX,PT_B1GQ,Percentage of GDP,_T,Total - all activities,2003,0.53,A,Normal value,0,Units,_Z,2015.0,2.0,2.0
DATAFLOW,OECD.ENV.EPI:DSD_GG@DF_GREEN_GROWTH(1.1),Green Growth,I,MYS,Malaysia,A,Annual,ENVTAX,PT_B1GQ,Percentage of GDP,_T,Total - all activities,2002,0.56,A,Normal value,0,Units,_Z,2015.0,2.0,2.0
DATAFLOW,OECD.ENV.EPI:DSD_GG@DF_GREEN_GROWTH(1.1),Green Growth,I,MYS,Malaysia,A,Annual,ENVTAX,PT_B1GQ,Percentage of GDP,_T,Total - all activities,2001,0.59,A,Normal value,0,Units,_Z,2015.0,2.0,2.0
DATAFLOW,OECD.ENV.EPI:DSD_GG@DF_GREEN_GROWTH(1.1),Green Growth,I,MYS,Malaysia,A,Annual,ENVTAX,PT_B1GQ,Percentage of GDP,_T,Total - all activities,2000,0.54,A,Normal value,0,Units,_Z,2015.0,2.0,2.0
DATAFLOW,OECD.ENV.EPI:DSD_GG@DF_GREEN_GROWTH(1.1),Green Growth,I,MYS,Malaysia,A,Annual,ENVTAX,PT_B1GQ,Percentage of GDP,_T,Total - all activities,2020,0.65,A,Normal value,0,Units,_Z,2015.0,2.0,2.0
DATAFLOW,OECD.ENV.EPI:DSD_GG@DF_GREEN_GROWTH(1.1),Green Growth,I,MYS,Malaysia,A,Annual,ENVTAX,PT_B1GQ,Percentage of GDP,_T,Total - all activities,2019,0.69,A,Normal value,0,Units,_Z,2015.0,2.0,2.0
DATAFLOW,OECD.ENV.EPI:DSD_GG@DF_GREEN_GROWTH(1.1),Green Growth,I,MYS,Malaysia,A,Annual,ENVTAX,PT_B1GQ,Percentage of GDP,_T,Total - all activities,2018,0.78,A,Normal value,0,Units,_Z,2015.0,2.0,2.0
DATAFLOW,OECD.ENV.EPI:DSD_GG@DF_GREEN_GROWTH(1.1),Green Growth,I,MYS,Malaysia,A,Annual,ENVTAX,PT_B1GQ,Percentage of GDP,_T,Total - all activities,2017,0.2,O,Missing value,0,Units,_Z,2015.0,2.0,2.0
DATAFLOW,OECD.ENV.EPI:DSD_GG@DF_GREEN_GROWTH(1.1),Green Growth,I,MYS,Malaysia,A,Annual,ENVTAX,PT_B1GQ,Percentage of GDP,_T,Total - all activities,2016,0.22,A,Normal value,0,Units,_Z,2015.0,2.0,2.0
DATAFLOW,OECD.ENV.EPI:DSD_GG@DF_GREEN_GROWTH(1.1),Green Growth,I,MYS,Malaysia,A,Annual,ENVTAX,PT_B1GQ,Percentage of GDP,_T,Total - all activities,2015,0.22,A,Normal value,0,Units,_Z,2015.0,2.0,2.0
DATAFLOW,OECD.ENV.EPI:DSD_GG@DF_GREEN_GROWTH(1.1),Green Growth,I,MYS,Malaysia,A,Annual,ENVTAX,PT_B1GQ,Percentage of GDP,_T,Total - all activities,2014,0.23,A,Normal value,0,Units,_Z,2015.0,2.0,2.0
DATAFLOW,OECD.ENV.EPI:DSD_GG@DF_GREEN_GROWTH(1.1),Green Growth,I,MYS,Malaysia,A,Annual,ENVTAX,PT_B1GQ,Percentage of GDP,_T,Total - all activities,2013,0.24,A,Normal value,0,Units,_Z,2015.0,2.0,2.0
DATAFLOW,OECD.ENV.EPI:DSD_GG@DF_GREEN_GROWTH(1.1),Green Growth,I,MYS,Malaysia,A,Annual,ENVTAX,PT_B1GQ,Percentage of GDP,_T,Total - all activities,2012,0.24,A,Normal value,0,Units,_Z,2015.0,2.0,2.0
DATAFLOW,OECD.ENV.EPI:DSD_GG@DF_GREEN_GROWTH(1.1),Green Growth,I,MYS,Malaysia,A,Annual,ENVTAX,PT_B1GQ,Percentage of GDP,_T,Total - all activities,2011,0.24,A,Normal value,0,Units,_Z,2015.0,2.0,2.0
DATAFLOW,OECD.ENV.EPI:DSD_GG@DF_GREEN_GROWTH(1.1),Green Growth,I,MYS,Malaysia,A,Annual,ENVTAX,PT_B1GQ,Percentage of GDP,_T,Total - all activities,2010,0.25,A,Normal value,0,Units,_Z,2015.0,2.0,2.0
DATAFLOW,OECD.ENV.EPI:DSD_GG@DF_GREEN_GROWTH(1.1),Green Growth,I,MYS,Malaysia,A,Annual,ENVTAX,PT_B1GQ,Percentage of GDP,_T,Total - all activities,2009,0.26,A,Normal value,0,Units,_Z,2015.0,2.0,2.0
DATAFLOW,OECD.ENV.EPI:DSD_GG@DF_GREEN_GROWTH(1.1),Green Growth,I,MYS,Malaysia,A,Annual,POP_F,PT_POP,Percentage of population,_T,Total - all activities,2007,48.65,A,Normal value,0,Units,_Z,2015.0,1.0,2.0
DATAFLOW,OECD.ENV.EPI:DSD_GG@DF_GREEN_GROWTH(1.1),Green Growth,I,MYS,Malaysia,A,Annual,POP_F,PT_POP,Percentage of population,_T,Total - all activities,2006,48.72,A,Normal value,0,Units,_Z,2015.0,1.0,2.0
DATAFLOW,OECD.ENV.EPI:DSD_GG@DF_GREEN_GROWTH(1.1),Green Growth,I,MYS,Malaysia,A,Annual,POP_F,PT_POP,Percentage of population,_T,Total - all activities,2005,48.8,A,Normal value,0,Units,_Z,2015.0,1.0,2.0
DATAFLOW,OECD.ENV.EPI:DSD_GG@DF_GREEN_GROWTH(1.1),Green Growth,I,MYS,Malaysia,A,Annual,POP_F,PT_POP,Percentage of population,_T,Total - all activities,2004,48.89,A,Normal value,0,Units,_Z,2015.0,1.0,2.0
DATAFLOW,OECD.ENV.EPI:DSD_GG@DF_GREEN_GROWTH(1.1),Green Growth,I,MYS,Malaysia,A,Annual,POP_F,PT_POP,Percentage of population,_T,Total - all activities,2003,48.98,A,Normal value,0,Units,_Z,2015.0,1.0,2.0
DATAFLOW,OECD.ENV.EPI:DSD_GG@DF_GREEN_GROWTH(1.1),Green Growth,I,MYS,Malaysia,A,Annual,POP_F,PT_POP,Percentage of population,_T,Total - all activities,2002,49.08,A,Normal value,0,Units,_Z,2015.0,1.0,2.0
DATAFLOW,OECD.ENV.EPI:DSD_GG@DF_GREEN_GROWTH(1.1),Green Growth,I,MYS,Malaysia,A,Annual,POP_F,PT_POP,Percentage of population,_T,Total - all activities,2001,49.19,A,Normal value,0,Units,_Z,2015.0,1.0,2.0
DATAFLOW,OECD.ENV.EPI:DSD_GG@DF_GREEN_GROWTH(1.1),Green Growth,I,MYS,Malaysia,A,Annual,POP_F,PT_POP,Percentage of population,_T,Total - all activities,2000,49.31,A,Normal value,0,Units,_Z,2015.0,1.0,2.0
DATAFLOW,OECD.ENV.EPI:DSD_GG@DF_GREEN_GROWTH(1.1),Green Growth,I,MYS,Malaysia,A,Annual,POP_F,PT_POP,Percentage of population,_T,Total - all activities,2021,48.87,A,Normal value,0,Units,_Z,2015.0,1.0,2.0
DATAFLOW,OECD.ENV.EPI:DSD_GG@DF_GREEN_GROWTH(1.1),Green Growth,I,MYS,Malaysia,A,Annual,POP_F,PT_POP,Percentage of population,_T,Total - all activities,2020,48.84,A,Normal value,0,Units,_Z,2015.0,1.0,2.0
DATAFLOW,OECD.ENV.EPI:DSD_GG@DF_GREEN_GROWTH(1.1),Green Growth,I,MYS,Malaysia,A,Annual,POP_F,PT_POP,Percentage of population,_T,Total - all activities,2019,48.8,A,Normal value,0,Units,_Z,2015.0,1.0,2.0
DATAFLOW,OECD.ENV.EPI:DSD_GG@DF_GREEN_GROWTH(1.1),Green Growth,I,MYS,Malaysia,A,Annual,POP_F,PT_POP,Percentage of population,_T,Total - all activities,2018,48.77,A,Normal value,0,Units,_Z,2015.0,1.0,2.0
DATAFLOW,OECD.ENV.EPI:DSD_GG@DF_GREEN_GROWTH(1.1),Green Growth,I,MYS,Malaysia,A,Annual,POP_F,PT_POP,Percentage of population,_T,Total - all activities,2017,48.74,A,Normal value,0,Units,_Z,2015.0,1.0,2.0
DATAFLOW,OECD.ENV.EPI:DSD_GG@DF_GREEN_GROWTH(1.1),Green Growth,I,MYS,Malaysia,A,Annual,POP_F,PT_POP,Percentage of population,_T,Total - all activities,2016,48.7,A,Normal value,0,Units,_Z,2015.0,1.0,2.0
DATAFLOW,OECD.ENV.EPI:DSD_GG@DF_GREEN_GROWTH(1.1),Green Growth,I,MYS,Malaysia,A,Annual,POP_F,PT_POP,Percentage of population,_T,Total - all activities,2015,48.67,A,Normal value,0,Units,_Z,2015.0,1.0,2.0
DATAFLOW,OECD.ENV.EPI:DSD_GG@DF_GREEN_GROWTH(1.1),Green Growth,I,MYS,Malaysia,A,Annual,POP_F,PT_POP,Percentage of population,_T,Total - all activities,2014,48.64,A,Normal value,0,Units,_Z,2015.0,1.0,2.0
DATAFLOW,OECD.ENV.EPI:DSD_GG@DF_GREEN_GROWTH(1.1),Green Growth,I,MYS,Malaysia,A,Annual,POP_F,PT_POP,Percentage of population,_T,Total - all activities,2013,48.6,A,Normal value,0,Units,_Z,2015.0,1.0,2.0
DATAFLOW,OECD.ENV.EPI:DSD_GG@DF_GREEN_GROWTH(1.1),Green Growth,I,MYS,Malaysia,A,Annual,POP_F,PT_POP,Percentage of population,_T,Total - all activities,2012,48.57,A,Normal value,0,Units,_Z,2015.0,1.0,2.0
DATAFLOW,OECD.ENV.EPI:DSD_GG@DF_GREEN_GROWTH(1.1),Green Growth,I,MYS,Malaysia,A,Annual,POP_F,PT_POP,Percentage of population,_T,Total - all activities,2011,48.53,A,Normal value,0,Units,_Z,2015.0,1.0,2.0
DATAFLOW,OECD.ENV.EPI:DSD_GG@DF_GREEN_GROWTH(1.1),Green Growth,I,MYS,Malaysia,A,Annual,POP_F,PT_POP,Percentage of population,_T,Total - all activities,2010,48.49,A,Normal value,0,Units,_Z,2015.0,1.0,2.0
DATAFLOW,OECD.ENV.EPI:DSD_GG@DF_GREEN_GROWTH(1.1),Green Growth,I,MYS,Malaysia,A,Annual,POP_F,PT_POP,Percentage of population,_T,Total - all activities,2009,48.5,A,Normal value,0,Units,_Z,2015.0,1.0,2.0
DATAFLOW,OECD.ENV.EPI:DSD_GG@DF_GREEN_GROWTH(1.1),Green Growth,I,MYS,Malaysia,A,Annual,NRGS,IX,Index,_T,Total - all activities,2007,144.49,A,Normal value,0,Units,_Z,2000.0,1.0,2.0
DATAFLOW,OECD.ENV.EPI:DSD_GG@DF_GREEN_GROWTH(1.1),Green Growth,I,MYS,Malaysia,A,Annual,NRGS,IX,Index,_T,Total - all activities,2006,135.23,A,Normal value,0,Units,_Z,2000.0,1.0,2.0
DATAFLOW,OECD.ENV.EPI:DSD_GG@DF_GREEN_GROWTH(1.1),Green Growth,I,MYS,Malaysia,A,Annual,NRGS,IX,Index,_T,Total - all activities,2005,134.55,A,Normal value,0,Units,_Z,2000.0,1.0,2.0
DATAFLOW,OECD.ENV.EPI:DSD_GG@DF_GREEN_GROWTH(1.1),Green Growth,I,MYS,Malaysia,A,Annual,NRGS,IX,Index,_T,Total - all activities,2004,124.01,A,Normal value,0,Units,_Z,2000.0,1.0,2.0
DATAFLOW,OECD.ENV.EPI:DSD_GG@DF_GREEN_GROWTH(1.1),Green Growth,I,MYS,Malaysia,A,Annual,NRGS,IX,Index,_T,Total - all activities,2003,115.2,A,Normal value,0,Units,_Z,2000.0,1.0,2.0
DATAFLOW,OECD.ENV.EPI:DSD_GG@DF_GREEN_GROWTH(1.1),Green Growth,I,MYS,Malaysia,A,Annual,NRGS,IX,Index,_T,Total - all activities,2002,107.53,A,Normal value,0,Units,_Z,2000.0,1.0,2.0
DATAFLOW,OECD.ENV.EPI:DSD_GG@DF_GREEN_GROWTH(1.1),Green Growth,I,MYS,Malaysia,A,Annual,NRGS,IX,Index,_T,Total - all activities,2001,104.06,A,Normal value,0,Units,_Z,2000.0,1.0,2.0
DATAFLOW,OECD.ENV.EPI:DSD_GG@DF_GREEN_GROWTH(1.1),Green Growth,I,MYS,Malaysia,A,Annual,NRGS,IX,Index,_T,Total - all activities,2000,100.0,A,Normal value,0,Units,_Z,2000.0,1.0,2.0
DATAFLOW,OECD.ENV.EPI:DSD_GG@DF_GREEN_GROWTH(1.1),Green Growth,I,MYS,Malaysia,A,Annual,NRGS,IX,Index,_T,Total - all activities,2020,190.93,A,Normal value,0,Units,_Z,2000.0,1.0,2.0
DATAFLOW,OECD.ENV.EPI:DSD_GG@DF_GREEN_GROWTH(1.1),Green Growth,I,MYS,Malaysia,A,Annual,NRGS,IX,Index,_T,Total - all activities,2019,199.29,A,Normal value,0,Units,_Z,2000.0,1.0,2.0
DATAFLOW,OECD.ENV.EPI:DSD_GG@DF_GREEN_GROWTH(1.1),Green Growth,I,MYS,Malaysia,A,Annual,NRGS,IX,Index,_T,Total - all activities,2018,193.49,A,Normal value,0,Units,_Z,2000.0,1.0,2.0
DATAFLOW,OECD.ENV.EPI:DSD_GG@DF_GREEN_GROWTH(1.1),Green Growth,I,MYS,Malaysia,A,Annual,NRGS,IX,Index,_T,Total - all activities,2017,175.37,A,Normal value,0,Units,_Z,2000.0,1.0,2.0
DATAFLOW,OECD.ENV.EPI:DSD_GG@DF_GREEN_GROWTH(1.1),Green Growth,I,MYS,Malaysia,A,Annual,NRGS,IX,Index,_T,Total - all activities,2016,181.61,A,Normal value,0,Units,_Z,2000.0,1.0,2.0
DATAFLOW,OECD.ENV.EPI:DSD_GG@DF_GREEN_GROWTH(1.1),Green Growth,I,MYS,Malaysia,A,Annual,NRGS,IX,Index,_T,Total - all activities,2015,175.05,A,Normal value,0,Units,_Z,2000.0,1.0,2.0
DATAFLOW,OECD.ENV.EPI:DSD_GG@DF_GREEN_GROWTH(1.1),Green Growth,I,MYS,Malaysia,A,Annual,NRGS,IX,Index,_T,Total - all activities,2014,183.04,A,Normal value,0,Units,_Z,2000.0,1.0,2.0
DATAFLOW,OECD.ENV.EPI:DSD_GG@DF_GREEN_GROWTH(1.1),Green Growth,I,MYS,Malaysia,A,Annual,NRGS,IX,Index,_T,Total - all activities,2013,179.29,A,Normal value,0,Units,_Z,2000.0,1.0,2.0
DATAFLOW,OECD.ENV.EPI:DSD_GG@DF_GREEN_GROWTH(1.1),Green Growth,I,MYS,Malaysia,A,Annual,NRGS,IX,Index,_T,Total - all activities,2012,158.91,A,Normal value,0,Units,_Z,2000.0,1.0,2.0
DATAFLOW,OECD.ENV.EPI:DSD_GG@DF_GREEN_GROWTH(1.1),Green Growth,I,MYS,Malaysia,A,Annual,NRGS,IX,Index,_T,Total - all activities,2011,156.46,A,Normal value,0,Units,_Z,2000.0,1.0,2.0
DATAFLOW,OECD.ENV.EPI:DSD_GG@DF_GREEN_GROWTH(1.1),Green Growth,I,MYS,Malaysia,A,Annual,NRGS,IX,Index,_T,Total - all activities,2010,150.09,A,Normal value,0,Units,_Z,2000.0,1.0,2.0
DATAFLOW,OECD.ENV.EPI:DSD_GG@DF_GREEN_GROWTH(1.1),Green Growth,I,MYS,Malaysia,A,Annual,NRGS,IX,Index,_T,Total - all activities,2009,144.64,A,Normal value,0,Units,_Z,2000.0,1.0,2.0
DATAFLOW,OECD.ENV.EPI:DSD_GG@DF_GREEN_GROWTH(1.1),Green Growth,I,MYS,Malaysia,A,Annual,CO2_DBEM,T,Tonnes,_T,Total - all activities,2007,107.54,A,Normal value,6,Millions,_Z,2015.0,2.0,2.0
DATAFLOW,OECD.ENV.EPI:DSD_GG@DF_GREEN_GROWTH(1.1),Green Growth,I,MYS,Malaysia,A,Annual,CO2_DBEM,T,Tonnes,_T,Total - all activities,2006,94.85,A,Normal value,6,Millions,_Z,2015.0,2.0,2.0
DATAFLOW,OECD.ENV.EPI:DSD_GG@DF_GREEN_GROWTH(1.1),Green Growth,I,MYS,Malaysia,A,Annual,CO2_DBEM,T,Tonnes,_T,Total - all activities,2005,94.27,A,Normal value,6,Millions,_Z,2015.0,2.0,2.0
DATAFLOW,OECD.ENV.EPI:DSD_GG@DF_GREEN_GROWTH(1.1),Green Growth,I,MYS,Malaysia,A,Annual,CO2_DBEM,T,Tonnes,_T,Total - all activities,2004,89.97,A,Normal value,6,Millions,_Z,2015.0,2.0,2.0
DATAFLOW,OECD.ENV.EPI:DSD_GG@DF_GREEN_GROWTH(1.1),Green Growth,I,MYS,Malaysia,A,Annual,CO2_DBEM,T,Tonnes,_T,Total - all activities,2003,84.18,A,Normal value,6,Millions,_Z,2015.0,2.0,2.0
DATAFLOW,OECD.ENV.EPI:DSD_GG@DF_GREEN_GROWTH(1.1),Green Growth,I,MYS,Malaysia,A,Annual,CO2_DBEM,T,Tonnes,_T,Total - all activities,2002,85.81,A,Normal value,6,Millions,_Z,2015.0,2.0,2.0
DATAFLOW,OECD.ENV.EPI:DSD_GG@DF_GREEN_GROWTH(1.1),Green Growth,I,MYS,Malaysia,A,Annual,CO2_DBEM,T,Tonnes,_T,Total - all activities,2001,77.38,A,Normal value,6,Millions,_Z,2015.0,2.0,2.0
DATAFLOW,OECD.ENV.EPI:DSD_GG@DF_GREEN_GROWTH(1.1),Green Growth,I,MYS,Malaysia,A,Annual,CO2_DBEM,T,Tonnes,_T,Total - all activities,2000,66.08,A,Normal value,6,Millions,_Z,2015.0,2.0,2.0
DATAFLOW,OECD.ENV.EPI:DSD_GG@DF_GREEN_GROWTH(1.1),Green Growth,I,MYS,Malaysia,A,Annual,CO2_DBEM,T,Tonnes,_T,Total - all activities,2018,190.41,A,Normal value,6,Millions,_Z,2015.0,2.0,2.0
DATAFLOW,OECD.ENV.EPI:DSD_GG@DF_GREEN_GROWTH(1.1),Green Growth,I,MYS,Malaysia,A,Annual,CO2_DBEM,T,Tonnes,_T,Total - all activities,2017,179.15,A,Normal value,6,Millions,_Z,2015.0,2.0,2.0
DATAFLOW,OECD.ENV.EPI:DSD_GG@DF_GREEN_GROWTH(1.1),Green Growth,I,MYS,Malaysia,A,Annual,CO2_DBEM,T,Tonnes,_T,Total - all activities,2016,178.35,A,Normal value,6,Millions,_Z,2015.0,2.0,2.0
DATAFLOW,OECD.ENV.EPI:DSD_GG@DF_GREEN_GROWTH(1.1),Green Growth,I,MYS,Malaysia,A,Annual,CO2_DBEM,T,Tonnes,_T,Total - all activities,2015,176.92,A,Normal value,6,Millions,_Z,2015.0,2.0,2.0
DATAFLOW,OECD.ENV.EPI:DSD_GG@DF_GREEN_GROWTH(1.1),Green Growth,I,MYS,Malaysia,A,Annual,CO2_DBEM,T,Tonnes,_T,Total - all activities,2014,181.01,A,Normal value,6,Millions,_Z,2015.0,2.0,2.0
DATAFLOW,OECD.ENV.EPI:DSD_GG@DF_GREEN_GROWTH(1.1),Green Growth,I,MYS,Malaysia,A,Annual,CO2_DBEM,T,Tonnes,_T,Total - all activities,2013,175.41,A,Normal value,6,Millions,_Z,2015.0,2.0,2.0
DATAFLOW,OECD.ENV.EPI:DSD_GG@DF_GREEN_GROWTH(1.1),Green Growth,I,MYS,Malaysia,A,Annual,CO2_DBEM,T,Tonnes,_T,Total - all activities,2012,157.83,A,Normal value,6,Millions,_Z,2015.0,2.0,2.0
DATAFLOW,OECD.ENV.EPI:DSD_GG@DF_GREEN_GROWTH(1.1),Green Growth,I,MYS,Malaysia,A,Annual,CO2_DBEM,T,Tonnes,_T,Total - all activities,2011,144.13,A,Normal value,6,Millions,_Z,2015.0,2.0,2.0
DATAFLOW,OECD.ENV.EPI:DSD_GG@DF_GREEN_GROWTH(1.1),Green Growth,I,MYS,Malaysia,A,Annual,CO2_DBEM,T,Tonnes,_T,Total - all activities,2010,144.44,A,Normal value,6,Millions,_Z,2015.0,2.0,2.0
DATAFLOW,OECD.ENV.EPI:DSD_GG@DF_GREEN_GROWTH(1.1),Green Growth,I,MYS,Malaysia,A,Annual,CO2_DBEM,T,Tonnes,_T,Total - all activities,2009,115.75,A,Normal value,6,Millions,_Z,2015.0,2.0,2.0
DATAFLOW,OECD.ENV.EPI:DSD_GG@DF_GREEN_GROWTH(1.1),Green Growth,I,MYS,Malaysia,A,Annual,RN_MOR,DT_10P6HB,Deaths per 1 000 000 inhabitants,_T,Total - all activities,2005,1.88,A,Normal value,0,Units,_Z,2015.0,3.0,2.0
DATAFLOW,OECD.ENV.EPI:DSD_GG@DF_GREEN_GROWTH(1.1),Green Growth,I,MYS,Malaysia,A,Annual,RN_MOR,DT_10P6HB,Deaths per 1 000 000 inhabitants,_T,Total - all activities,2004,1.86,A,Normal value,0,Units,_Z,2015.0,3.0,2.0
DATAFLOW,OECD.ENV.EPI:DSD_GG@DF_GREEN_GROWTH(1.1),Green Growth,I,MYS,Malaysia,A,Annual,RN_MOR,DT_10P6HB,Deaths per 1 000 000 inhabitants,_T,Total - all activities,2003,1.83,A,Normal value,0,Units,_Z,2015.0,3.0,2.0
DATAFLOW,OECD.ENV.EPI:DSD_GG@DF_GREEN_GROWTH(1.1),Green Growth,I,MYS,Malaysia,A,Annual,RN_MOR,DT_10P6HB,Deaths per 1 000 000 inhabitants,_T,Total - all activities,2002,1.77,A,Normal value,0,Units,_Z,2015.0,3.0,2.0
DATAFLOW,OECD.ENV.EPI:DSD_GG@DF_GREEN_GROWTH(1.1),Green Growth,I,MYS,Malaysia,A,Annual,RN_MOR,DT_10P6HB,Deaths per 1 000 000 inhabitants,_T,Total - all activities,2001,1.73,A,Normal value,0,Units,_Z,2015.0,3.0,2.0
DATAFLOW,OECD.ENV.EPI:DSD_GG@DF_GREEN_GROWTH(1.1),Green Growth,I,MYS,Malaysia,A,Annual,RN_MOR,DT_10P6HB,Deaths per 1 000 000 inhabitants,_T,Total - all activities,2000,1.71,A,Normal value,0,Units,_Z,2015.0,3.0,2.0
DATAFLOW,OECD.ENV.EPI:DSD_GG@DF_GREEN_GROWTH(1.1),Green Growth,I,MYS,Malaysia,A,Annual,RN_MOR,DT_10P6HB,Deaths per 1 000 000 inhabitants,_T,Total - all activities,2019,2.4,A,Normal value,0,Units,_Z,2015.0,3.0,2.0
DATAFLOW,OECD.ENV.EPI:DSD_GG@DF_GREEN_GROWTH(1.1),Green Growth,I,MYS,Malaysia,A,Annual,RN_MOR,DT_10P6HB,Deaths per 1 000 000 inhabitants,_T,Total - all activities,2018,2.32,A,Normal value,0,Units,_Z,2015.0,3.0,2.0
DATAFLOW,OECD.ENV.EPI:DSD_GG@DF_GREEN_GROWTH(1.1),Green Growth,I,MYS,Malaysia,A,Annual,RN_MOR,DT_10P6HB,Deaths per 1 000 000 inhabitants,_T,Total - all activities,2017,2.28,A,Normal value,0,Units,_Z,2015.0,3.0,2.0
DATAFLOW,OECD.ENV.EPI:DSD_GG@DF_GREEN_GROWTH(1.1),Green Growth,I,MYS,Malaysia,A,Annual,RN_MOR,DT_10P6HB,Deaths per 1 000 000 inhabitants,_T,Total - all activities,2016,2.24,A,Normal value,0,Units,_Z,2015.0,3.0,2.0
DATAFLOW,OECD.ENV.EPI:DSD_GG@DF_GREEN_GROWTH(1.1),Green Growth,I,MYS,Malaysia,A,Annual,RN_MOR,DT_10P6HB,Deaths per 1 000 000 inhabitants,_T,Total - all activities,2015,2.19,A,Normal value,0,Units,_Z,2015.0,3.0,2.0
DATAFLOW,OECD.ENV.EPI:DSD_GG@DF_GREEN_GROWTH(1.1),Green Growth,I,MYS,Malaysia,A,Annual,RN_MOR,DT_10P6HB,Deaths per 1 000 000 inhabitants,_T,Total - all activities,2014,2.15,A,Normal value,0,Units,_Z,2015.0,3.0,2.0
DATAFLOW,OECD.ENV.EPI:DSD_GG@DF_GREEN_GROWTH(1.1),Green Growth,I,MYS,Malaysia,A,Annual,RN_MOR,DT_10P6HB,Deaths per 1 000 000 inhabitants,_T,Total - all activities,2013,2.09,A,Normal value,0,Units,_Z,2015.0,3.0,2.0
DATAFLOW,OECD.ENV.EPI:DSD_GG@DF_GREEN_GROWTH(1.1),Green Growth,I,MYS,Malaysia,A,Annual,RN_MOR,DT_10P6HB,Deaths per 1 000 000 inhabitants,_T,Total - all activities,2012,2.13,A,Normal value,0,Units,_Z,2015.0,3.0,2.0
DATAFLOW,OECD.ENV.EPI:DSD_GG@DF_GREEN_GROWTH(1.1),Green Growth,I,MYS,Malaysia,A,Annual,RN_MOR,DT_10P6HB,Deaths per 1 000 000 inhabitants,_T,Total - all activities,2011,2.1,A,Normal value,0,Units,_Z,2015.0,3.0,2.0
DATAFLOW,OECD.ENV.EPI:DSD_GG@DF_GREEN_GROWTH(1.1),Green Growth,I,MYS,Malaysia,A,Annual,RN_MOR,DT_10P6HB,Deaths per 1 000 000 inhabitants,_T,Total - all activities,2010,2.08,A,Normal value,0,Units,_Z,2015.0,3.0,2.0
DATAFLOW,OECD.ENV.EPI:DSD_GG@DF_GREEN_GROWTH(1.1),Green Growth,I,MYS,Malaysia,A,Annual,RN_MOR,DT_10P6HB,Deaths per 1 000 000 inhabitants,_T,Total - all activities,2009,2.1,A,Normal value,0,Units,_Z,2015.0,3.0,2.0
DATAFLOW,OECD.ENV.EPI:DSD_GG@DF_GREEN_GROWTH(1.1),Green Growth,I,MYS,Malaysia,A,Annual,RN_MOR,DT_10P6HB,Deaths per 1 000 000 inhabitants,_T,Total - all activities,2008,2.05,A,Normal value,0,Units,_Z,2015.0,3.0,2.0
DATAFLOW,OECD.ENV.EPI:DSD_GG@DF_GREEN_GROWTH(1.1),Green Growth,I,MYS,Malaysia,A,Annual,RN_MOR,DT_10P6HB,Deaths per 1 000 000 inhabitants,_T,Total - all activities,2007,1.97,A,Normal value,0,Units,_Z,2015.0,3.0,2.0
DATAFLOW,OECD.ENV.EPI:DSD_GG@DF_GREEN_GROWTH(1.1),Green Growth,I,MYS,Malaysia,A,Annual,GHG_PBEMCAP,T_CO2E_PS,Tonnes of CO2-equivalent per person,_T,Total - all activities,2007,10.17,A,Normal value,0,Units,_Z,2015.0,3.0,2.0
DATAFLOW,OECD.ENV.EPI:DSD_GG@DF_GREEN_GROWTH(1.1),Green Growth,I,MYS,Malaysia,A,Annual,GHG_PBEMCAP,T_CO2E_PS,Tonnes of CO2-equivalent per person,_T,Total - all activities,2006,9.53,A,Normal value,0,Units,_Z,2015.0,3.0,2.0
DATAFLOW,OECD.ENV.EPI:DSD_GG@DF_GREEN_GROWTH(1.1),Green Growth,I,MYS,Malaysia,A,Annual,GHG_PBEMCAP,T_CO2E_PS,Tonnes of CO2-equivalent per person,_T,Total - all activities,2005,9.53,A,Normal value,0,Units,_Z,2015.0,3.0,2.0
DATAFLOW,OECD.ENV.EPI:DSD_GG@DF_GREEN_GROWTH(1.1),Green Growth,I,MYS,Malaysia,A,Annual,GHG_PBEMCAP,T_CO2E_PS,Tonnes of CO2-equivalent per person,_T,Total - all activities,2004,9.22,A,Normal value,0,Units,_Z,2015.0,3.0,2.0
DATAFLOW,OECD.ENV.EPI:DSD_GG@DF_GREEN_GROWTH(1.1),Green Growth,I,MYS,Malaysia,A,Annual,GHG_PBEMCAP,T_CO2E_PS,Tonnes of CO2-equivalent per person,_T,Total - all activities,2003,8.65,A,Normal value,0,Units,_Z,2015.0,3.0,2.0
DATAFLOW,OECD.ENV.EPI:DSD_GG@DF_GREEN_GROWTH(1.1),Green Growth,I,MYS,Malaysia,A,Annual,GHG_PBEMCAP,T_CO2E_PS,Tonnes of CO2-equivalent per person,_T,Total - all activities,2002,8.68,A,Normal value,0,Units,_Z,2015.0,3.0,2.0
DATAFLOW,OECD.ENV.EPI:DSD_GG@DF_GREEN_GROWTH(1.1),Green Growth,I,MYS,Malaysia,A,Annual,GHG_PBEMCAP,T_CO2E_PS,Tonnes of CO2-equivalent per person,_T,Total - all activities,2001,8.31,A,Normal value,0,Units,_Z,2015.0,3.0,2.0
DATAFLOW,OECD.ENV.EPI:DSD_GG@DF_GREEN_GROWTH(1.1),Green Growth,I,MYS,Malaysia,A,Annual,GHG_PBEMCAP,T_CO2E_PS,Tonnes of CO2-equivalent per person,_T,Total - all activities,2000,8.18,A,Normal value,0,Units,_Z,2015.0,3.0,2.0
DATAFLOW,OECD.ENV.EPI:DSD_GG@DF_GREEN_GROWTH(1.1),Green Growth,I,MYS,Malaysia,A,Annual,GHG_PBEMCAP,T_CO2E_PS,Tonnes of CO2-equivalent per person,_T,Total - all activities,2020,9.14,A,Normal value,0,Units,_Z,2015.0,3.0,2.0
DATAFLOW,OECD.ENV.EPI:DSD_GG@DF_GREEN_GROWTH(1.1),Green Growth,I,MYS,Malaysia,A,Annual,GHG_PBEMCAP,T_CO2E_PS,Tonnes of CO2-equivalent per person,_T,Total - all activities,2019,9.62,A,Normal value,0,Units,_Z,2015.0,3.0,2.0
DATAFLOW,OECD.ENV.EPI:DSD_GG@DF_GREEN_GROWTH(1.1),Green Growth,I,MYS,Malaysia,A,Annual,GHG_PBEMCAP,T_CO2E_PS,Tonnes of CO2-equivalent per person,_T,Total - all activities,2018,9.64,A,Normal value,0,Units,_Z,2015.0,3.0,2.0
DATAFLOW,OECD.ENV.EPI:DSD_GG@DF_GREEN_GROWTH(1.1),Green Growth,I,MYS,Malaysia,A,Annual,GHG_PBEMCAP,T_CO2E_PS,Tonnes of CO2-equivalent per person,_T,Total - all activities,2017,9.5,A,Normal value,0,Units,_Z,2015.0,3.0,2.0
DATAFLOW,OECD.ENV.EPI:DSD_GG@DF_GREEN_GROWTH(1.1),Green Growth,I,MYS,Malaysia,A,Annual,GHG_PBEMCAP,T_CO2E_PS,Tonnes of CO2-equivalent per person,_T,Total - all activities,2016,9.49,A,Normal value,0,Units,_Z,2015.0,3.0,2.0
DATAFLOW,OECD.ENV.EPI:DSD_GG@DF_GREEN_GROWTH(1.1),Green Growth,I,MYS,Malaysia,A,Annual,GHG_PBEMCAP,T_CO2E_PS,Tonnes of CO2-equivalent per person,_T,Total - all activities,2015,9.82,A,Normal value,0,Units,_Z,2015.0,3.0,2.0
DATAFLOW,OECD.ENV.EPI:DSD_GG@DF_GREEN_GROWTH(1.1),Green Growth,I,MYS,Malaysia,A,Annual,GHG_PBEMCAP,T_CO2E_PS,Tonnes of CO2-equivalent per person,_T,Total - all activities,2014,10.02,A,Normal value,0,Units,_Z,2015.0,3.0,2.0
DATAFLOW,OECD.ENV.EPI:DSD_GG@DF_GREEN_GROWTH(1.1),Green Growth,I,MYS,Malaysia,A,Annual,GHG_PBEMCAP,T_CO2E_PS,Tonnes of CO2-equivalent per person,_T,Total - all activities,2013,9.77,A,Normal value,0,Units,_Z,2015.0,3.0,2.0
DATAFLOW,OECD.ENV.EPI:DSD_GG@DF_GREEN_GROWTH(1.1),Green Growth,I,MYS,Malaysia,A,Annual,GHG_PBEMCAP,T_CO2E_PS,Tonnes of CO2-equivalent per person,_T,Total - all activities,2012,9.44,A,Normal value,0,Units,_Z,2015.0,3.0,2.0
DATAFLOW,OECD.ENV.EPI:DSD_GG@DF_GREEN_GROWTH(1.1),Green Growth,I,MYS,Malaysia,A,Annual,GHG_PBEMCAP,T_CO2E_PS,Tonnes of CO2-equivalent per person,_T,Total - all activities,2011,9.78,A,Normal value,0,Units,_Z,2015.0,3.0,2.0
DATAFLOW,OECD.ENV.EPI:DSD_GG@DF_GREEN_GROWTH(1.1),Green Growth,I,MYS,Malaysia,A,Annual,GHG_PBEMCAP,T_CO2E_PS,Tonnes of CO2-equivalent per person,_T,Total - all activities,2010,10.44,A,Normal value,0,Units,_Z,2015.0,3.0,2.0
DATAFLOW,OECD.ENV.EPI:DSD_GG@DF_GREEN_GROWTH(1.1),Green Growth,I,MYS,Malaysia,A,Annual,GHG_PBEMCAP,T_CO2E_PS,Tonnes of CO2-equivalent per person,_T,Total - all activities,2009,9.68,A,Normal value,0,Units,_Z,2015.0,3.0,2.0
DATAFLOW,OECD.ENV.EPI:DSD_GG@DF_GREEN_GROWTH(1.1),Green Growth,I,MYS,Malaysia,A,Annual,NRG,_X,Unspecified,H,Transportation and storage,2009,9.675,A,Normal value,0,Units,,2015.0,2.0,2.0
DATAFLOW,OECD.ENV.EPI:DSD_GG@DF_GREEN_GROWTH(1.1),Green Growth,I,MYS,Malaysia,A,Annual,NRG,_X,Unspecified,H,Transportation and storage,2008,9.675,A,Normal value,0,Units,,2015.0,2.0,2.0
DATAFLOW,OECD.ENV.EPI:DSD_GG@DF_GREEN_GROWTH(1.1),Green Growth,I,MYS,Malaysia,A,Annual,NRG,_X,Unspecified,H,Transportation and storage,2007,9.675,A,Normal value,0,Units,,2015.0,2.0,2.0
DATAFLOW,OECD.ENV.EPI:DSD_GG@DF_GREEN_GROWTH(1.1),Green Growth,I,MYS,Malaysia,A,Annual,NRG,_X,Unspecified,H,Transportation and storage,2006,9.675,A,Normal value,0,Units,,2015.0,2.0,2.0
DATAFLOW,OECD.ENV.EPI:DSD_GG@DF_GREEN_GROWTH(1.1),Green Growth,I,MYS,Malaysia,A,Annual,NRG,_X,Unspecified,H,Transportation and storage,2005,9.675,A,Normal value,0,Units,,2015.0,2.0,2.0
DATAFLOW,OECD.ENV.EPI:DSD_GG@DF_GREEN_GROWTH(1.1),Green Growth,I,MYS,Malaysia,A,Annual,NRG,_X,Unspecified,H,Transportation and storage,2004,9.675,A,Normal value,0,Units,,2015.0,2.0,2.0
DATAFLOW,OECD.ENV.EPI:DSD_GG@DF_GREEN_GROWTH(1.1),Green Growth,I,MYS,Malaysia,A,Annual,NRG,_X,Unspecified,H,Transportation and storage,2003,9.675,A,Normal value,0,Units,,2015.0,2.0,2.0
DATAFLOW,OECD.ENV.EPI:DSD_GG@DF_GREEN_GROWTH(1.1),Green Growth,I,MYS,Malaysia,A,Annual,NRG,_X,Unspecified,H,Transportation and storage,2002,9.675,A,Normal value,0,Units,,2015.0,2.0,2.0
DATAFLOW,OECD.ENV.EPI:DSD_GG@DF_GREEN_GROWTH(1.1),Green Growth,I,MYS,Malaysia,A,Annual,NRG,_X,Unspecified,H,Transportation and storage,2001,9.675,A,Normal value,0,Units,,2015.0,2.0,2.0
DATAFLOW,OECD.ENV.EPI:DSD_GG@DF_GREEN_GROWTH(1.1),Green Growth,I,MYS,Malaysia,A,Annual,NRG,_X,Unspecified,H,Transportation and storage,2000,9.675,A,Normal value,0,Units,,2015.0,2.0,2.0
DATAFLOW,OECD.ENV.EPI:DSD_GG@DF_GREEN_GROWTH(1.1),Green Growth,I,MYS,Malaysia,A,Annual,NRG,_X,Unspecified,H,Transportation and storage,2022,9.675,A,Normal value,0,Units,,2015.0,2.0,2.0
DATAFLOW,OECD.ENV.EPI:DSD_GG@DF_GREEN_GROWTH(1.1),Green Growth,I,MYS,Malaysia,A,Annual,NRG,_X,Unspecified,H,Transportation and storage,2021,9.675,A,Normal value,0,Units,,2015.0,2.0,2.0
DATAFLOW,OECD.ENV.EPI:DSD_GG@DF_GREEN_GROWTH(1.1),Green Growth,I,MYS,Malaysia,A,Annual,NRG,_X,Unspecified,H,Transportation and storage,2020,9.675,A,Normal value,0,Units,,2015.0,2.0,2.0
DATAFLOW,OECD.ENV.EPI:DSD_GG@DF_GREEN_GROWTH(1.1),Green Growth,I,MYS,Malaysia,A,Annual,NRG,_X,Unspecified,H,Transportation and storage,2019,9.675,A,Normal value,0,Units,,2015.0,2.0,2.0
DATAFLOW,OECD.ENV.EPI:DSD_GG@DF_GREEN_GROWTH(1.1),Green Growth,I,MYS,Malaysia,A,Annual,NRG,_X,Unspecified,H,Transportation and storage,2018,9.675,A,Normal value,0,Units,,2015.0,2.0,2.0
DATAFLOW,OECD.ENV.EPI:DSD_GG@DF_GREEN_GROWTH(1.1),Green Growth,I,MYS,Malaysia,A,Annual,NRG,_X,Unspecified,H,Transportation and storage,2017,9.675,A,Normal value,0,Units,,2015.0,2.0,2.0
DATAFLOW,OECD.ENV.EPI:DSD_GG@DF_GREEN_GROWTH(1.1),Green Growth,I,MYS,Malaysia,A,Annual,NRG,_X,Unspecified,H,Transportation and storage,2016,9.675,A,Normal value,0,Units,,2015.0,2.0,2.0
DATAFLOW,OECD.ENV.EPI:DSD_GG@DF_GREEN_GROWTH(1.1),Green Growth,I,MYS,Malaysia,A,Annual,NRG,_X,Unspecified,H,Transportation and storage,2015,9.675,A,Normal value,0,Units,,2015.0,2.0,2.0
DATAFLOW,OECD.ENV.EPI:DSD_GG@DF_GREEN_GROWTH(1.1),Green Growth,I,MYS,Malaysia,A,Annual,NRG,_X,Unspecified,H,Transportation and storage,2014,9.675,A,Normal value,0,Units,,2015.0,2.0,2.0
DATAFLOW,OECD.ENV.EPI:DSD_GG@DF_GREEN_GROWTH(1.1),Green Growth,I,MYS,Malaysia,A,Annual,NRG,_X,Unspecified,H,Transportation and storage,2013,9.675,A,Normal value,0,Units,,2015.0,2.0,2.0
DATAFLOW,OECD.ENV.EPI:DSD_GG@DF_GREEN_GROWTH(1.1),Green Growth,I,MYS,Malaysia,A,Annual,NRG,_X,Unspecified,H,Transportation and storage,2012,9.675,A,Normal value,0,Units,,2015.0,2.0,2.0
DATAFLOW,OECD.ENV.EPI:DSD_GG@DF_GREEN_GROWTH(1.1),Green Growth,I,MYS,Malaysia,A,Annual,NRG,_X,Unspecified,H,Transportation and storage,2011,9.675,A,Normal value,0,Units,,2015.0,2.0,2.0
DATAFLOW,OECD.ENV.EPI:DSD_GG@DF_GREEN_GROWTH(1.1),Green Growth,I,MYS,Malaysia,A,Annual,ECO,_X,Unspecified,BTE,Industry (except construction),2009,9.675,A,Normal value,0,Units,,2015.0,2.0,2.0
DATAFLOW,OECD.ENV.EPI:DSD_GG@DF_GREEN_GROWTH(1.1),Green Growth,I,MYS,Malaysia,A,Annual,ECO,_X,Unspecified,BTE,Industry (except construction),2008,9.675,A,Normal value,0,Units,,2015.0,2.0,2.0
DATAFLOW,OECD.ENV.EPI:DSD_GG@DF_GREEN_GROWTH(1.1),Green Growth,I,MYS,Malaysia,A,Annual,ECO,_X,Unspecified,BTE,Industry (except construction),2007,9.675,A,Normal value,0,Units,,2015.0,2.0,2.0
DATAFLOW,OECD.ENV.EPI:DSD_GG@DF_GREEN_GROWTH(1.1),Green Growth,I,MYS,Malaysia,A,Annual,ECO,_X,Unspecified,BTE,Industry (except construction),2006,9.675,A,Normal value,0,Units,,2015.0,2.0,2.0
DATAFLOW,OECD.ENV.EPI:DSD_GG@DF_GREEN_GROWTH(1.1),Green Growth,I,MYS,Malaysia,A,Annual,ECO,_X,Unspecified,BTE,Industry (except construction),2005,9.675,A,Normal value,0,Units,,2015.0,2.0,2.0
DATAFLOW,OECD.ENV.EPI:DSD_GG@DF_GREEN_GROWTH(1.1),Green Growth,I,MYS,Malaysia,A,Annual,ECO,_X,Unspecified,BTE,Industry (except construction),2004,9.675,A,Normal value,0,Units,,2015.0,2.0,2.0
DATAFLOW,OECD.ENV.EPI:DSD_GG@DF_GREEN_GROWTH(1.1),Green Growth,I,MYS,Malaysia,A,Annual,ECO,_X,Unspecified,BTE,Industry (except construction),2003,9.675,A,Normal value,0,Units,,2015.0,2.0,2.0
DATAFLOW,OECD.ENV.EPI:DSD_GG@DF_GREEN_GROWTH(1.1),Green Growth,I,MYS,Malaysia,A,Annual,ECO,_X,Unspecified,BTE,Industry (except construction),2002,9.675,A,Normal value,0,Units,,2015.0,2.0,2.0
DATAFLOW,OECD.ENV.EPI:DSD_GG@DF_GREEN_GROWTH(1.1),Green Growth,I,MYS,Malaysia,A,Annual,ECO,_X,Unspecified,BTE,Industry (except construction),2001,9.675,A,Normal value,0,Units,,2015.0,2.0,2.0
DATAFLOW,OECD.ENV.EPI:DSD_GG@DF_GREEN_GROWTH(1.1),Green Growth,I,MYS,Malaysia,A,Annual,ECO,_X,Unspecified,BTE,Industry (except construction),2000,9.675,A,Normal value,0,Units,,2015.0,2.0,2.0
DATAFLOW,OECD.ENV.EPI:DSD_GG@DF_GREEN_GROWTH(1.1),Green Growth,I,MYS,Malaysia,A,Annual,ECO,_X,Unspecified,BTE,Industry (except construction),2022,9.675,A,Normal value,0,Units,,2015.0,2.0,2.0
DATAFLOW,OECD.ENV.EPI:DSD_GG@DF_GREEN_GROWTH(1.1),Green Growth,I,MYS,Malaysia,A,Annual,ECO,_X,Unspecified,BTE,Industry (except construction),2021,9.675,A,Normal value,0,Units,,2015.0,2.0,2.0
DATAFLOW,OECD.ENV.EPI:DSD_GG@DF_GREEN_GROWTH(1.1),Green Growth,I,MYS,Malaysia,A,Annual,ECO,_X,Unspecified,BTE,Industry (except construction),2020,9.675,A,Normal value,0,Units,,2015.0,2.0,2.0
DATAFLOW,OECD.ENV.EPI:DSD_GG@DF_GREEN_GROWTH(1.1),Green Growth,I,MYS,Malaysia,A,Annual,ECO,_X,Unspecified,BTE,Industry (except construction),2019,9.675,A,Normal value,0,Units,,2015.0,2.0,2.0
DATAFLOW,OECD.ENV.EPI:DSD_GG@DF_GREEN_GROWTH(1.1),Green Growth,I,MYS,Malaysia,A,Annual,ECO,_X,Unspecified,BTE,Industry (except construction),2018,9.675,A,Normal value,0,Units,,2015.0,2.0,2.0
DATAFLOW,OECD.ENV.EPI:DSD_GG@DF_GREEN_GROWTH(1.1),Green Growth,I,MYS,Malaysia,A,Annual,ECO,_X,Unspecified,BTE,Industry (except construction),2017,9.675,A,Normal value,0,Units,,2015.0,2.0,2.0
DATAFLOW,OECD.ENV.EPI:DSD_GG@DF_GREEN_GROWTH(1.1),Green Growth,I,MYS,Malaysia,A,Annual,ECO,_X,Unspecified,BTE,Industry (except construction),2016,9.675,A,Normal value,0,Units,,2015.0,2.0,2.0
DATAFLOW,OECD.ENV.EPI:DSD_GG@DF_GREEN_GROWTH(1.1),Green Growth,I,MYS,Malaysia,A,Annual,ECO,_X,Unspecified,BTE,Industry (except construction),2015,9.675,A,Normal value,0,Units,,2015.0,2.0,2.0
DATAFLOW,OECD.ENV.EPI:DSD_GG@DF_GREEN_GROWTH(1.1),Green Growth,I,MYS,Malaysia,A,Annual,ECO,_X,Unspecified,BTE,Industry (except construction),2014,9.675,A,Normal value,0,Units,,2015.0,2.0,2.0
DATAFLOW,OECD.ENV.EPI:DSD_GG@DF_GREEN_GROWTH(1.1),Green Growth,I,MYS,Malaysia,A,Annual,ECO,_X,Unspecified,BTE,Industry (except construction),2013,9.675,A,Normal value,0,Units,,2015.0,2.0,2.0
DATAFLOW,OECD.ENV.EPI:DSD_GG@DF_GREEN_GROWTH(1.1),Green Growth,I,MYS,Malaysia,A,Annual,ECO,_X,Unspecified,BTE,Industry (except construction),2012,9.675,A,Normal value,0,Units,,2015.0,2.0,2.0
DATAFLOW,OECD.ENV.EPI:DSD_GG@DF_GREEN_GROWTH(1.1),Green Growth,I,MYS,Malaysia,A,Annual,ECO,_X,Unspecified,BTE,Industry (except construction),2011,9.675,A,Normal value,0,Units,,2015.0,2.0,2.0
DATAFLOW,OECD.ENV.EPI:DSD_GG@DF_GREEN_GROWTH(1.1),Green Growth,I,MYS,Malaysia,A,Annual,GHG_DBPROD,USD_KG_CO2E,US dollars per kilogramme of CO2-equivalent,_T,Total - all activities,2007,3.47,A,Normal value,0,Units,Q,2015.0,3.0,2.0
DATAFLOW,OECD.ENV.EPI:DSD_GG@DF_GREEN_GROWTH(1.1),Green Growth,I,MYS,Malaysia,A,Annual,GHG_DBPROD,USD_KG_CO2E,US dollars per kilogramme of CO2-equivalent,_T,Total - all activities,2006,3.74,A,Normal value,0,Units,Q,2015.0,3.0,2.0
DATAFLOW,OECD.ENV.EPI:DSD_GG@DF_GREEN_GROWTH(1.1),Green Growth,I,MYS,Malaysia,A,Annual,GHG_DBPROD,USD_KG_CO2E,US dollars per kilogramme of CO2-equivalent,_T,Total - all activities,2005,3.48,A,Normal value,0,Units,Q,2015.0,3.0,2.0
DATAFLOW,OECD.ENV.EPI:DSD_GG@DF_GREEN_GROWTH(1.1),Green Growth,I,MYS,Malaysia,A,Annual,GHG_DBPROD,USD_KG_CO2E,US dollars per kilogramme of CO2-equivalent,_T,Total - all activities,2004,3.6,A,Normal value,0,Units,Q,2015.0,3.0,2.0
DATAFLOW,OECD.ENV.EPI:DSD_GG@DF_GREEN_GROWTH(1.1),Green Growth,I,MYS,Malaysia,A,Annual,GHG_DBPROD,USD_KG_CO2E,US dollars per kilogramme of CO2-equivalent,_T,Total - all activities,2003,3.55,A,Normal value,0,Units,Q,2015.0,3.0,2.0
DATAFLOW,OECD.ENV.EPI:DSD_GG@DF_GREEN_GROWTH(1.1),Green Growth,I,MYS,Malaysia,A,Annual,GHG_DBPROD,USD_KG_CO2E,US dollars per kilogramme of CO2-equivalent,_T,Total - all activities,2002,3.24,A,Normal value,0,Units,Q,2015.0,3.0,2.0
DATAFLOW,OECD.ENV.EPI:DSD_GG@DF_GREEN_GROWTH(1.1),Green Growth,I,MYS,Malaysia,A,Annual,GHG_DBPROD,USD_KG_CO2E,US dollars per kilogramme of CO2-equivalent,_T,Total - all activities,2001,3.3,A,Normal value,0,Units,Q,2015.0,3.0,2.0
DATAFLOW,OECD.ENV.EPI:DSD_GG@DF_GREEN_GROWTH(1.1),Green Growth,I,MYS,Malaysia,A,Annual,GHG_DBPROD,USD_KG_CO2E,US dollars per kilogramme of CO2-equivalent,_T,Total - all activities,2000,3.87,A,Normal value,0,Units,Q,2015.0,3.0,2.0
DATAFLOW,OECD.ENV.EPI:DSD_GG@DF_GREEN_GROWTH(1.1),Green Growth,I,MYS,Malaysia,A,Annual,GHG_DBPROD,USD_KG_CO2E,US dollars per kilogramme of CO2-equivalent,_T,Total - all activities,2020,3.46,A,Normal value,0,Units,Q,2015.0,3.0,2.0
DATAFLOW,OECD.ENV.EPI:DSD_GG@DF_GREEN_GROWTH(1.1),Green Growth,I,MYS,Malaysia,A,Annual,GHG_DBPROD,USD_KG_CO2E,US dollars per kilogramme of CO2-equivalent,_T,Total - all activities,2019,3.56,A,Normal value,0,Units,Q,2015.0,3.0,2.0
DATAFLOW,OECD.ENV.EPI:DSD_GG@DF_GREEN_GROWTH(1.1),Green Growth,I,MYS,Malaysia,A,Annual,GHG_DBPROD,USD_KG_CO2E,US dollars per kilogramme of CO2-equivalent,_T,Total - all activities,2018,3.51,A,Normal value,0,Units,Q,2015.0,3.0,2.0
DATAFLOW,OECD.ENV.EPI:DSD_GG@DF_GREEN_GROWTH(1.1),Green Growth,I,MYS,Malaysia,A,Annual,GHG_DBPROD,USD_KG_CO2E,US dollars per kilogramme of CO2-equivalent,_T,Total - all activities,2017,3.61,A,Normal value,0,Units,Q,2015.0,3.0,2.0
DATAFLOW,OECD.ENV.EPI:DSD_GG@DF_GREEN_GROWTH(1.1),Green Growth,I,MYS,Malaysia,A,Annual,GHG_DBPROD,USD_KG_CO2E,US dollars per kilogramme of CO2-equivalent,_T,Total - all activities,2016,3.47,A,Normal value,0,Units,Q,2015.0,3.0,2.0
DATAFLOW,OECD.ENV.EPI:DSD_GG@DF_GREEN_GROWTH(1.1),Green Growth,I,MYS,Malaysia,A,Annual,GHG_DBPROD,USD_KG_CO2E,US dollars per kilogramme of CO2-equivalent,_T,Total - all activities,2015,3.25,A,Normal value,0,Units,Q,2015.0,3.0,2.0
DATAFLOW,OECD.ENV.EPI:DSD_GG@DF_GREEN_GROWTH(1.1),Green Growth,I,MYS,Malaysia,A,Annual,GHG_DBPROD,USD_KG_CO2E,US dollars per kilogramme of CO2-equivalent,_T,Total - all activities,2014,3.08,A,Normal value,0,Units,Q,2015.0,3.0,2.0
DATAFLOW,OECD.ENV.EPI:DSD_GG@DF_GREEN_GROWTH(1.1),Green Growth,I,MYS,Malaysia,A,Annual,GHG_DBPROD,USD_KG_CO2E,US dollars per kilogramme of CO2-equivalent,_T,Total - all activities,2013,3.02,A,Normal value,0,Units,Q,2015.0,3.0,2.0
DATAFLOW,OECD.ENV.EPI:DSD_GG@DF_GREEN_GROWTH(1.1),Green Growth,I,MYS,Malaysia,A,Annual,GHG_DBPROD,USD_KG_CO2E,US dollars per kilogramme of CO2-equivalent,_T,Total - all activities,2012,3.23,A,Normal value,0,Units,Q,2015.0,3.0,2.0
DATAFLOW,OECD.ENV.EPI:DSD_GG@DF_GREEN_GROWTH(1.1),Green Growth,I,MYS,Malaysia,A,Annual,GHG_DBPROD,USD_KG_CO2E,US dollars per kilogramme of CO2-equivalent,_T,Total - all activities,2011,3.27,A,Normal value,0,Units,Q,2015.0,3.0,2.0
DATAFLOW,OECD.ENV.EPI:DSD_GG@DF_GREEN_GROWTH(1.1),Green Growth,I,MYS,Malaysia,A,Annual,GHG_DBPROD,USD_KG_CO2E,US dollars per kilogramme of CO2-equivalent,_T,Total - all activities,2010,2.89,A,Normal value,0,Units,Q,2015.0,3.0,2.0
DATAFLOW,OECD.ENV.EPI:DSD_GG@DF_GREEN_GROWTH(1.1),Green Growth,I,MYS,Malaysia,A,Annual,GHG_DBPROD,USD_KG_CO2E,US dollars per kilogramme of CO2-equivalent,_T,Total - all activities,2009,3.23,A,Normal value,0,Units,Q,2015.0,3.0,2.0
DATAFLOW,OECD.ENV.EPI:DSD_GG@DF_GREEN_GROWTH(1.1),Green Growth,I,MYS,Malaysia,A,Annual,PM_MOR,DT_10P6HB,Deaths per 1 000 000 inhabitants,_T,Total - all activities,2007,303.93,A,Normal value,0,Units,_Z,2015.0,3.0,2.0
DATAFLOW,OECD.ENV.EPI:DSD_GG@DF_GREEN_GROWTH(1.1),Green Growth,I,MYS,Malaysia,A,Annual,PM_MOR,DT_10P6HB,Deaths per 1 000 000 inhabitants,_T,Total - all activities,2006,308.6,A,Normal value,0,Units,_Z,2015.0,3.0,2.0
DATAFLOW,OECD.ENV.EPI:DSD_GG@DF_GREEN_GROWTH(1.1),Green Growth,I,MYS,Malaysia,A,Annual,PM_MOR,DT_10P6HB,Deaths per 1 000 000 inhabitants,_T,Total - all activities,2005,310.84,A,Normal value,0,Units,_Z,2015.0,3.0,2.0
DATAFLOW,OECD.ENV.EPI:DSD_GG@DF_GREEN_GROWTH(1.1),Green Growth,I,MYS,Malaysia,A,Annual,PM_MOR,DT_10P6HB,Deaths per 1 000 000 inhabitants,_T,Total - all activities,2004,313.68,A,Normal value,0,Units,_Z,2015.0,3.0,2.0
DATAFLOW,OECD.ENV.EPI:DSD_GG@DF_GREEN_GROWTH(1.1),Green Growth,I,MYS,Malaysia,A,Annual,PM_MOR,DT_10P6HB,Deaths per 1 000 000 inhabitants,_T,Total - all activities,2003,319.12,A,Normal value,0,Units,_Z,2015.0,3.0,2.0
DATAFLOW,OECD.ENV.EPI:DSD_GG@DF_GREEN_GROWTH(1.1),Green Growth,I,MYS,Malaysia,A,Annual,PM_MOR,DT_10P6HB,Deaths per 1 000 000 inhabitants,_T,Total - all activities,2002,314.8,A,Normal value,0,Units,_Z,2015.0,3.0,2.0
DATAFLOW,OECD.ENV.EPI:DSD_GG@DF_GREEN_GROWTH(1.1),Green Growth,I,MYS,Malaysia,A,Annual,PM_MOR,DT_10P6HB,Deaths per 1 000 000 inhabitants,_T,Total - all activities,2001,313.75,A,Normal value,0,Units,_Z,2015.0,3.0,2.0
DATAFLOW,OECD.ENV.EPI:DSD_GG@DF_GREEN_GROWTH(1.1),Green Growth,I,MYS,Malaysia,A,Annual,PM_MOR,DT_10P6HB,Deaths per 1 000 000 inhabitants,_T,Total - all activities,2000,316.86,A,Normal value,0,Units,_Z,2015.0,3.0,2.0
DATAFLOW,OECD.ENV.EPI:DSD_GG@DF_GREEN_GROWTH(1.1),Green Growth,I,MYS,Malaysia,A,Annual,PM_MOR,DT_10P6HB,Deaths per 1 000 000 inhabitants,_T,Total - all activities,2019,330.26,A,Normal value,0,Units,_Z,2015.0,3.0,2.0
DATAFLOW,OECD.ENV.EPI:DSD_GG@DF_GREEN_GROWTH(1.1),Green Growth,I,MYS,Malaysia,A,Annual,PM_MOR,DT_10P6HB,Deaths per 1 000 000 inhabitants,_T,Total - all activities,2018,314.62,A,Normal value,0,Units,_Z,2015.0,3.0,2.0
DATAFLOW,OECD.ENV.EPI:DSD_GG@DF_GREEN_GROWTH(1.1),Green Growth,I,MYS,Malaysia,A,Annual,PM_MOR,DT_10P6HB,Deaths per 1 000 000 inhabitants,_T,Total - all activities,2017,308.53,A,Normal value,0,Units,_Z,2015.0,3.0,2.0
DATAFLOW,OECD.ENV.EPI:DSD_GG@DF_GREEN_GROWTH(1.1),Green Growth,I,MYS,Malaysia,A,Annual,PM_MOR,DT_10P6HB,Deaths per 1 000 000 inhabitants,_T,Total - all activities,2016,317.3,A,Normal value,0,Units,_Z,2015.0,3.0,2.0
DATAFLOW,OECD.ENV.EPI:DSD_GG@DF_GREEN_GROWTH(1.1),Green Growth,I,MYS,Malaysia,A,Annual,PM_MOR,DT_10P6HB,Deaths per 1 000 000 inhabitants,_T,Total - all activities,2015,321.46,A,Normal value,0,Units,_Z,2015.0,3.0,2.0
DATAFLOW,OECD.ENV.EPI:DSD_GG@DF_GREEN_GROWTH(1.1),Green Growth,I,MYS,Malaysia,A,Annual,PM_MOR,DT_10P6HB,Deaths per 1 000 000 inhabitants,_T,Total - all activities,2014,314.15,A,Normal value,0,Units,_Z,2015.0,3.0,2.0
DATAFLOW,OECD.ENV.EPI:DSD_GG@DF_GREEN_GROWTH(1.1),Green Growth,I,MYS,Malaysia,A,Annual,PM_MOR,DT_10P6HB,Deaths per 1 000 000 inhabitants,_T,Total - all activities,2013,301.33,A,Normal value,0,Units,_Z,2015.0,3.0,2.0
DATAFLOW,OECD.ENV.EPI:DSD_GG@DF_GREEN_GROWTH(1.1),Green Growth,I,MYS,Malaysia,A,Annual,PM_MOR,DT_10P6HB,Deaths per 1 000 000 inhabitants,_T,Total - all activities,2012,309.09,A,Normal value,0,Units,_Z,2015.0,3.0,2.0
DATAFLOW,OECD.ENV.EPI:DSD_GG@DF_GREEN_GROWTH(1.1),Green Growth,I,MYS,Malaysia,A,Annual,PM_MOR,DT_10P6HB,Deaths per 1 000 000 inhabitants,_T,Total - all activities,2011,306.69,A,Normal value,0,Units,_Z,2015.0,3.0,2.0
DATAFLOW,OECD.ENV.EPI:DSD_GG@DF_GREEN_GROWTH(1.1),Green Growth,I,MYS,Malaysia,A,Annual,PM_MOR,DT_10P6HB,Deaths per 1 000 000 inhabitants,_T,Total - all activities,2010,305.24,A,Normal value,0,Units,_Z,2015.0,3.0,2.0
DATAFLOW,OECD.ENV.EPI:DSD_GG@DF_GREEN_GROWTH(1.1),Green Growth,I,MYS,Malaysia,A,Annual,PM_MOR,DT_10P6HB,Deaths per 1 000 000 inhabitants,_T,Total - all activities,2009,311.52,A,Normal value,0,Units,_Z,2015.0,3.0,2.0
DATAFLOW,OECD.ENV.EPI:DSD_GG@DF_GREEN_GROWTH(1.1),Green Growth,I,MYS,Malaysia,A,Annual,EPRICE_RES,USD_PPP_KWH,"US dollars per kilowatt hour, PPP converted",_T,Total - all activities,2017,0.2,A,Normal value,0,Units,Q,2015.0,1.0,2.0
DATAFLOW,OECD.ENV.EPI:DSD_GG@DF_GREEN_GROWTH(1.1),Green Growth,I,MYS,Malaysia,A,Annual,EPRICE_RES,USD_PPP_KWH,"US dollars per kilowatt hour, PPP converted",_T,Total - all activities,2016,0.21,A,Normal value,0,Units,Q,2015.0,1.0,2.0
DATAFLOW,OECD.ENV.EPI:DSD_GG@DF_GREEN_GROWTH(1.1),Green Growth,I,MYS,Malaysia,A,Annual,EPRICE_RES,USD_PPP_KWH,"US dollars per kilowatt hour, PPP converted",_T,Total - all activities,2015,0.21,A,Normal value,0,Units,Q,2015.0,1.0,2.0
DATAFLOW,OECD.ENV.EPI:DSD_GG@DF_GREEN_GROWTH(1.1),Green Growth,I,MYS,Malaysia,A,Annual,EPRICE_RES,USD_PPP_KWH,"US dollars per kilowatt hour, PPP converted",_T,Total - all activities,2014,0.21,A,Normal value,0,Units,Q,2015.0,1.0,2.0
DATAFLOW,OECD.ENV.EPI:DSD_GG@DF_GREEN_GROWTH(1.1),Green Growth,I,MYS,Malaysia,A,Annual,EPRICE_RES,USD_PPP_KWH,"US dollars per kilowatt hour, PPP converted",_T,Total - all activities,2013,0.19,A,Normal value,0,Units,Q,2015.0,1.0,2.0
DATAFLOW,OECD.ENV.EPI:DSD_GG@DF_GREEN_GROWTH(1.1),Green Growth,I,MYS,Malaysia,A,Annual,EPRICE_RES,USD_PPP_KWH,"US dollars per kilowatt hour, PPP converted",_T,Total - all activities,2012,0.19,A,Normal value,0,Units,Q,2015.0,1.0,2.0
DATAFLOW,OECD.ENV.EPI:DSD_GG@DF_GREEN_GROWTH(1.1),Green Growth,I,MYS,Malaysia,A,Annual,EPRICE_RES,USD_PPP_KWH,"US dollars per kilowatt hour, PPP converted",_T,Total - all activities,2011,0.19,A,Normal value,0,Units,Q,2015.0,1.0,2.0
DATAFLOW,OECD.ENV.EPI:DSD_GG@DF_GREEN_GROWTH(1.1),Green Growth,I,MYS,Malaysia,A,Annual,EPRICE_RES,USD_PPP_KWH,"US dollars per kilowatt hour, PPP converted",_T,Total - all activities,2010,0.2,A,Normal value,0,Units,Q,2015.0,1.0,2.0
DATAFLOW,OECD.ENV.EPI:DSD_GG@DF_GREEN_GROWTH(1.1),Green Growth,I,MYS,Malaysia,A,Annual,EPRICE_RES,USD_PPP_KWH,"US dollars per kilowatt hour, PPP converted",_T,Total - all activities,2019,0.2,A,Normal value,0,Units,Q,2015.0,1.0,2.0
DATAFLOW,OECD.ENV.EPI:DSD_GG@DF_GREEN_GROWTH(1.1),Green Growth,I,MYS,Malaysia,A,Annual,ENVRESPROD,_X,Unspecified,_O,Other,2009,9.675,A,Normal value,0,Units,,2015.0,2.0,2.0
DATAFLOW,OECD.ENV.EPI:DSD_GG@DF_GREEN_GROWTH(1.1),Green Growth,I,MYS,Malaysia,A,Annual,ENVRESPROD,_X,Unspecified,_O,Other,2008,9.675,A,Normal value,0,Units,,2015.0,2.0,2.0
DATAFLOW,OECD.ENV.EPI:DSD_GG@DF_GREEN_GROWTH(1.1),Green Growth,I,MYS,Malaysia,A,Annual,ENVRESPROD,_X,Unspecified,_O,Other,2007,9.675,A,Normal value,0,Units,,2015.0,2.0,2.0
DATAFLOW,OECD.ENV.EPI:DSD_GG@DF_GREEN_GROWTH(1.1),Green Growth,I,MYS,Malaysia,A,Annual,ENVRESPROD,_X,Unspecified,_O,Other,2006,9.675,A,Normal value,0,Units,,2015.0,2.0,2.0
DATAFLOW,OECD.ENV.EPI:DSD_GG@DF_GREEN_GROWTH(1.1),Green Growth,I,MYS,Malaysia,A,Annual,ENVRESPROD,_X,Unspecified,_O,Other,2005,9.675,A,Normal value,0,Units,,2015.0,2.0,2.0
DATAFLOW,OECD.ENV.EPI:DSD_GG@DF_GREEN_GROWTH(1.1),Green Growth,I,MYS,Malaysia,A,Annual,ENVRESPROD,_X,Unspecified,_O,Other,2004,9.675,A,Normal value,0,Units,,2015.0,2.0,2.0
DATAFLOW,OECD.ENV.EPI:DSD_GG@DF_GREEN_GROWTH(1.1),Green Growth,I,MYS,Malaysia,A,Annual,ENVRESPROD,_X,Unspecified,_O,Other,2003,9.675,A,Normal value,0,Units,,2015.0,2.0,2.0
DATAFLOW,OECD.ENV.EPI:DSD_GG@DF_GREEN_GROWTH(1.1),Green Growth,I,MYS,Malaysia,A,Annual,ENVRESPROD,_X,Unspecified,_O,Other,2002,9.675,A,Normal value,0,Units,,2015.0,2.0,2.0
DATAFLOW,OECD.ENV.EPI:DSD_GG@DF_GREEN_GROWTH(1.1),Green Growth,I,MYS,Malaysia,A,Annual,ENVRESPROD,_X,Unspecified,_O,Other,2001,9.675,A,Normal value,0,Units,,2015.0,2.0,2.0
DATAFLOW,OECD.ENV.EPI:DSD_GG@DF_GREEN_GROWTH(1.1),Green Growth,I,MYS,Malaysia,A,Annual,ENVRESPROD,_X,Unspecified,_O,Other,2000,9.675,A,Normal value,0,Units,,2015.0,2.0,2.0
DATAFLOW,OECD.ENV.EPI:DSD_GG@DF_GREEN_GROWTH(1.1),Green Growth,I,MYS,Malaysia,A,Annual,ENVRESPROD,_X,Unspecified,_O,Other,2022,9.675,A,Normal value,0,Units,,2015.0,2.0,2.0
DATAFLOW,OECD.ENV.EPI:DSD_GG@DF_GREEN_GROWTH(1.1),Green Growth,I,MYS,Malaysia,A,Annual,ENVRESPROD,_X,Unspecified,_O,Other,2021,9.675,A,Normal value,0,Units,,2015.0,2.0,2.0
DATAFLOW,OECD.ENV.EPI:DSD_GG@DF_GREEN_GROWTH(1.1),Green Growth,I,MYS,Malaysia,A,Annual,ENVRESPROD,_X,Unspecified,_O,Other,2020,9.675,A,Normal value,0,Units,,2015.0,2.0,2.0
DATAFLOW,OECD.ENV.EPI:DSD_GG@DF_GREEN_GROWTH(1.1),Green Growth,I,MYS,Malaysia,A,Annual,ENVRESPROD,_X,Unspecified,_O,Other,2019,9.675,A,Normal value,0,Units,,2015.0,2.0,2.0
DATAFLOW,OECD.ENV.EPI:DSD_GG@DF_GREEN_GROWTH(1.1),Green Growth,I,MYS,Malaysia,A,Annual,ENVRESPROD,_X,Unspecified,_O,Other,2018,9.675,A,Normal value,0,Units,,2015.0,2.0,2.0
DATAFLOW,OECD.ENV.EPI:DSD_GG@DF_GREEN_GROWTH(1.1),Green Growth,I,MYS,Malaysia,A,Annual,ENVRESPROD,_X,Unspecified,_O,Other,2017,9.675,A,Normal value,0,Units,,2015.0,2.0,2.0
DATAFLOW,OECD.ENV.EPI:DSD_GG@DF_GREEN_GROWTH(1.1),Green Growth,I,MYS,Malaysia,A,Annual,ENVRESPROD,_X,Unspecified,_O,Other,2016,9.675,A,Normal value,0,Units,,2015.0,2.0,2.0
DATAFLOW,OECD.ENV.EPI:DSD_GG@DF_GREEN_GROWTH(1.1),Green Growth,I,MYS,Malaysia,A,Annual,ENVRESPROD,_X,Unspecified,_O,Other,2015,9.675,A,Normal value,0,Units,,2015.0,2.0,2.0
DATAFLOW,OECD.ENV.EPI:DSD_GG@DF_GREEN_GROWTH(1.1),Green Growth,I,MYS,Malaysia,A,Annual,ENVRESPROD,_X,Unspecified,_O,Other,2014,9.675,A,Normal value,0,Units,,2015.0,2.0,2.0
DATAFLOW,OECD.ENV.EPI:DSD_GG@DF_GREEN_GROWTH(1.1),Green Growth,I,MYS,Malaysia,A,Annual,ENVRESPROD,_X,Unspecified,_O,Other,2013,9.675,A,Normal value,0,Units,,2015.0,2.0,2.0
DATAFLOW,OECD.ENV.EPI:DSD_GG@DF_GREEN_GROWTH(1.1),Green Growth,I,MYS,Malaysia,A,Annual,ENVRESPROD,_X,Unspecified,_O,Other,2012,9.675,A,Normal value,0,Units,,2015.0,2.0,2.0
DATAFLOW,OECD.ENV.EPI:DSD_GG@DF_GREEN_GROWTH(1.1),Green Growth,I,MYS,Malaysia,A,Annual,ENVRESPROD,_X,Unspecified,_O,Other,2011,9.675,A,Normal value,0,Units,,2015.0,2.0,2.0
DATAFLOW,OECD.ENV.EPI:DSD_GG@DF_GREEN_GROWTH(1.1),Green Growth,I,MYS,Malaysia,A,Annual,GHG_DBEMCAP,T_CO2E_PS,Tonnes of CO2-equivalent per person,_T,Total - all activities,2007,5.69,A,Normal value,0,Units,_Z,2015.0,3.0,2.0
DATAFLOW,OECD.ENV.EPI:DSD_GG@DF_GREEN_GROWTH(1.1),Green Growth,I,MYS,Malaysia,A,Annual,GHG_DBEMCAP,T_CO2E_PS,Tonnes of CO2-equivalent per person,_T,Total - all activities,2006,5.08,A,Normal value,0,Units,_Z,2015.0,3.0,2.0
DATAFLOW,OECD.ENV.EPI:DSD_GG@DF_GREEN_GROWTH(1.1),Green Growth,I,MYS,Malaysia,A,Annual,GHG_DBEMCAP,T_CO2E_PS,Tonnes of CO2-equivalent per person,_T,Total - all activities,2005,5.29,A,Normal value,0,Units,_Z,2015.0,3.0,2.0
DATAFLOW,OECD.ENV.EPI:DSD_GG@DF_GREEN_GROWTH(1.1),Green Growth,I,MYS,Malaysia,A,Annual,GHG_DBEMCAP,T_CO2E_PS,Tonnes of CO2-equivalent per person,_T,Total - all activities,2004,4.95,A,Normal value,0,Units,_Z,2015.0,3.0,2.0
DATAFLOW,OECD.ENV.EPI:DSD_GG@DF_GREEN_GROWTH(1.1),Green Growth,I,MYS,Malaysia,A,Annual,GHG_DBEMCAP,T_CO2E_PS,Tonnes of CO2-equivalent per person,_T,Total - all activities,2003,4.82,A,Normal value,0,Units,_Z,2015.0,3.0,2.0
DATAFLOW,OECD.ENV.EPI:DSD_GG@DF_GREEN_GROWTH(1.1),Green Growth,I,MYS,Malaysia,A,Annual,GHG_DBEMCAP,T_CO2E_PS,Tonnes of CO2-equivalent per person,_T,Total - all activities,2002,5.11,A,Normal value,0,Units,_Z,2015.0,3.0,2.0
DATAFLOW,OECD.ENV.EPI:DSD_GG@DF_GREEN_GROWTH(1.1),Green Growth,I,MYS,Malaysia,A,Annual,GHG_DBEMCAP,T_CO2E_PS,Tonnes of CO2-equivalent per person,_T,Total - all activities,2001,4.87,A,Normal value,0,Units,_Z,2015.0,3.0,2.0
DATAFLOW,OECD.ENV.EPI:DSD_GG@DF_GREEN_GROWTH(1.1),Green Growth,I,MYS,Malaysia,A,Annual,GHG_DBEMCAP,T_CO2E_PS,Tonnes of CO2-equivalent per person,_T,Total - all activities,2000,4.24,A,Normal value,0,Units,_Z,2015.0,3.0,2.0
DATAFLOW,OECD.ENV.EPI:DSD_GG@DF_GREEN_GROWTH(1.1),Green Growth,I,MYS,Malaysia,A,Annual,GHG_DBEMCAP,T_CO2E_PS,Tonnes of CO2-equivalent per person,_T,Total - all activities,2020,7.46,A,Normal value,0,Units,_Z,2015.0,3.0,2.0
DATAFLOW,OECD.ENV.EPI:DSD_GG@DF_GREEN_GROWTH(1.1),Green Growth,I,MYS,Malaysia,A,Annual,GHG_DBEMCAP,T_CO2E_PS,Tonnes of CO2-equivalent per person,_T,Total - all activities,2019,7.78,A,Normal value,0,Units,_Z,2015.0,3.0,2.0
DATAFLOW,OECD.ENV.EPI:DSD_GG@DF_GREEN_GROWTH(1.1),Green Growth,I,MYS,Malaysia,A,Annual,GHG_DBEMCAP,T_CO2E_PS,Tonnes of CO2-equivalent per person,_T,Total - all activities,2018,7.69,A,Normal value,0,Units,_Z,2015.0,3.0,2.0
DATAFLOW,OECD.ENV.EPI:DSD_GG@DF_GREEN_GROWTH(1.1),Green Growth,I,MYS,Malaysia,A,Annual,GHG_DBEMCAP,T_CO2E_PS,Tonnes of CO2-equivalent per person,_T,Total - all activities,2017,7.24,A,Normal value,0,Units,_Z,2015.0,3.0,2.0
DATAFLOW,OECD.ENV.EPI:DSD_GG@DF_GREEN_GROWTH(1.1),Green Growth,I,MYS,Malaysia,A,Annual,GHG_DBEMCAP,T_CO2E_PS,Tonnes of CO2-equivalent per person,_T,Total - all activities,2016,7.26,A,Normal value,0,Units,_Z,2015.0,3.0,2.0
DATAFLOW,OECD.ENV.EPI:DSD_GG@DF_GREEN_GROWTH(1.1),Green Growth,I,MYS,Malaysia,A,Annual,GHG_DBEMCAP,T_CO2E_PS,Tonnes of CO2-equivalent per person,_T,Total - all activities,2015,7.54,A,Normal value,0,Units,_Z,2015.0,3.0,2.0
DATAFLOW,OECD.ENV.EPI:DSD_GG@DF_GREEN_GROWTH(1.1),Green Growth,I,MYS,Malaysia,A,Annual,GHG_DBEMCAP,T_CO2E_PS,Tonnes of CO2-equivalent per person,_T,Total - all activities,2014,7.71,A,Normal value,0,Units,_Z,2015.0,3.0,2.0
DATAFLOW,OECD.ENV.EPI:DSD_GG@DF_GREEN_GROWTH(1.1),Green Growth,I,MYS,Malaysia,A,Annual,GHG_DBEMCAP,T_CO2E_PS,Tonnes of CO2-equivalent per person,_T,Total - all activities,2013,7.55,A,Normal value,0,Units,_Z,2015.0,3.0,2.0
DATAFLOW,OECD.ENV.EPI:DSD_GG@DF_GREEN_GROWTH(1.1),Green Growth,I,MYS,Malaysia,A,Annual,GHG_DBEMCAP,T_CO2E_PS,Tonnes of CO2-equivalent per person,_T,Total - all activities,2012,6.86,A,Normal value,0,Units,_Z,2015.0,3.0,2.0
DATAFLOW,OECD.ENV.EPI:DSD_GG@DF_GREEN_GROWTH(1.1),Green Growth,I,MYS,Malaysia,A,Annual,GHG_DBEMCAP,T_CO2E_PS,Tonnes of CO2-equivalent per person,_T,Total - all activities,2011,6.53,A,Normal value,0,Units,_Z,2015.0,3.0,2.0
DATAFLOW,OECD.ENV.EPI:DSD_GG@DF_GREEN_GROWTH(1.1),Green Growth,I,MYS,Malaysia,A,Annual,GHG_DBEMCAP,T_CO2E_PS,Tonnes of CO2-equivalent per person,_T,Total - all activities,2010,7.14,A,Normal value,0,Units,_Z,2015.0,3.0,2.0
DATAFLOW,OECD.ENV.EPI:DSD_GG@DF_GREEN_GROWTH(1.1),Green Growth,I,MYS,Malaysia,A,Annual,GHG_DBEMCAP,T_CO2E_PS,Tonnes of CO2-equivalent per person,_T,Total - all activities,2009,6.05,A,Normal value,0,Units,_Z,2015.0,3.0,2.0
DATAFLOW,OECD.ENV.EPI:DSD_GG@DF_GREEN_GROWTH(1.1),Green Growth,I,MYS,Malaysia,A,Annual,DMC_PROD,USD_KG,US dollars per kilogramme,_T,Total - all activities,2007,1.25,E,Estimated value,0,Units,Q,2015.0,2.0,2.0
DATAFLOW,OECD.ENV.EPI:DSD_GG@DF_GREEN_GROWTH(1.1),Green Growth,I,MYS,Malaysia,A,Annual,DMC_PROD,USD_KG,US dollars per kilogramme,_T,Total - all activities,2006,1.29,E,Estimated value,0,Units,Q,2015.0,2.0,2.0
DATAFLOW,OECD.ENV.EPI:DSD_GG@DF_GREEN_GROWTH(1.1),Green Growth,I,MYS,Malaysia,A,Annual,DMC_PROD,USD_KG,US dollars per kilogramme,_T,Total - all activities,2005,1.3,E,Estimated value,0,Units,Q,2015.0,2.0,2.0
DATAFLOW,OECD.ENV.EPI:DSD_GG@DF_GREEN_GROWTH(1.1),Green Growth,I,MYS,Malaysia,A,Annual,DMC_PROD,USD_KG,US dollars per kilogramme,_T,Total - all activities,2004,1.3,E,Estimated value,0,Units,Q,2015.0,2.0,2.0
DATAFLOW,OECD.ENV.EPI:DSD_GG@DF_GREEN_GROWTH(1.1),Green Growth,I,MYS,Malaysia,A,Annual,DMC_PROD,USD_KG,US dollars per kilogramme,_T,Total - all activities,2003,1.23,E,Estimated value,0,Units,Q,2015.0,2.0,2.0
DATAFLOW,OECD.ENV.EPI:DSD_GG@DF_GREEN_GROWTH(1.1),Green Growth,I,MYS,Malaysia,A,Annual,DMC_PROD,USD_KG,US dollars per kilogramme,_T,Total - all activities,2002,1.32,E,Estimated value,0,Units,Q,2015.0,2.0,2.0
DATAFLOW,OECD.ENV.EPI:DSD_GG@DF_GREEN_GROWTH(1.1),Green Growth,I,MYS,Malaysia,A,Annual,DMC_PROD,USD_KG,US dollars per kilogramme,_T,Total - all activities,2001,1.21,E,Estimated value,0,Units,Q,2015.0,2.0,2.0
DATAFLOW,OECD.ENV.EPI:DSD_GG@DF_GREEN_GROWTH(1.1),Green Growth,I,MYS,Malaysia,A,Annual,DMC_PROD,USD_KG,US dollars per kilogramme,_T,Total - all activities,2000,1.11,E,Estimated value,0,Units,Q,2015.0,2.0,2.0
DATAFLOW,OECD.ENV.EPI:DSD_GG@DF_GREEN_GROWTH(1.1),Green Growth,I,MYS,Malaysia,A,Annual,DMC_PROD,USD_KG,US dollars per kilogramme,_T,Total - all activities,2019,1.51,E,Estimated value,0,Units,Q,2015.0,2.0,2.0
DATAFLOW,OECD.ENV.EPI:DSD_GG@DF_GREEN_GROWTH(1.1),Green Growth,I,MYS,Malaysia,A,Annual,DMC_PROD,USD_KG,US dollars per kilogramme,_T,Total - all activities,2018,1.47,E,Estimated value,0,Units,Q,2015.0,2.0,2.0
DATAFLOW,OECD.ENV.EPI:DSD_GG@DF_GREEN_GROWTH(1.1),Green Growth,I,MYS,Malaysia,A,Annual,DMC_PROD,USD_KG,US dollars per kilogramme,_T,Total - all activities,2017,1.42,E,Estimated value,0,Units,Q,2015.0,2.0,2.0
DATAFLOW,OECD.ENV.EPI:DSD_GG@DF_GREEN_GROWTH(1.1),Green Growth,I,MYS,Malaysia,A,Annual,DMC_PROD,USD_KG,US dollars per kilogramme,_T,Total - all activities,2016,1.56,E,Estimated value,0,Units,Q,2015.0,2.0,2.0
DATAFLOW,OECD.ENV.EPI:DSD_GG@DF_GREEN_GROWTH(1.1),Green Growth,I,MYS,Malaysia,A,Annual,DMC_PROD,USD_KG,US dollars per kilogramme,_T,Total - all activities,2015,1.55,E,Estimated value,0,Units,Q,2015.0,2.0,2.0
DATAFLOW,OECD.ENV.EPI:DSD_GG@DF_GREEN_GROWTH(1.1),Green Growth,I,MYS,Malaysia,A,Annual,DMC_PROD,USD_KG,US dollars per kilogramme,_T,Total - all activities,2014,1.47,E,Estimated value,0,Units,Q,2015.0,2.0,2.0
DATAFLOW,OECD.ENV.EPI:DSD_GG@DF_GREEN_GROWTH(1.1),Green Growth,I,MYS,Malaysia,A,Annual,DMC_PROD,USD_KG,US dollars per kilogramme,_T,Total - all activities,2013,1.34,E,Estimated value,0,Units,Q,2015.0,2.0,2.0
DATAFLOW,OECD.ENV.EPI:DSD_GG@DF_GREEN_GROWTH(1.1),Green Growth,I,MYS,Malaysia,A,Annual,DMC_PROD,USD_KG,US dollars per kilogramme,_T,Total - all activities,2012,1.07,E,Estimated value,0,Units,Q,2015.0,2.0,2.0
DATAFLOW,OECD.ENV.EPI:DSD_GG@DF_GREEN_GROWTH(1.1),Green Growth,I,MYS,Malaysia,A,Annual,DMC_PROD,USD_KG,US dollars per kilogramme,_T,Total - all activities,2011,1.07,E,Estimated value,0,Units,Q,2015.0,2.0,2.0
DATAFLOW,OECD.ENV.EPI:DSD_GG@DF_GREEN_GROWTH(1.1),Green Growth,I,MYS,Malaysia,A,Annual,DMC_PROD,USD_KG,US dollars per kilogramme,_T,Total - all activities,2010,1.35,E,Estimated value,0,Units,Q,2015.0,2.0,2.0
DATAFLOW,OECD.ENV.EPI:DSD_GG@DF_GREEN_GROWTH(1.1),Green Growth,I,MYS,Malaysia,A,Annual,DMC_PROD,USD_KG,US dollars per kilogramme,_T,Total - all activities,2009,1.3,E,Estimated value,0,Units,Q,2015.0,2.0,2.0
DATAFLOW,OECD.ENV.EPI:DSD_GG@DF_GREEN_GROWTH(1.1),Green Growth,I,MYS,Malaysia,A,Annual,FOR_STOCK,M3,Cubic metres,_T,Total - all activities,2000,4164.87,A,Normal value,6,Millions,_Z,2015.0,5.0,2.0
DATAFLOW,OECD.ENV.EPI:DSD_GG@DF_GREEN_GROWTH(1.1),Green Growth,I,MYS,Malaysia,A,Annual,FOR_STOCK,M3,Cubic metres,_T,Total - all activities,2020,4131.97,A,Normal value,6,Millions,_Z,2015.0,5.0,2.0
DATAFLOW,OECD.ENV.EPI:DSD_GG@DF_GREEN_GROWTH(1.1),Green Growth,I,MYS,Malaysia,A,Annual,FOR_STOCK,M3,Cubic metres,_T,Total - all activities,2015,4209.25,A,Normal value,6,Millions,_Z,2015.0,5.0,2.0
DATAFLOW,OECD.ENV.EPI:DSD_GG@DF_GREEN_GROWTH(1.1),Green Growth,I,MYS,Malaysia,A,Annual,ENVRESPROD,_X,Unspecified,BTE,Industry (except construction),2009,9.675,A,Normal value,0,Units,,2015.0,2.0,2.0
DATAFLOW,OECD.ENV.EPI:DSD_GG@DF_GREEN_GROWTH(1.1),Green Growth,I,MYS,Malaysia,A,Annual,ENVRESPROD,_X,Unspecified,BTE,Industry (except construction),2008,9.675,A,Normal value,0,Units,,2015.0,2.0,2.0
DATAFLOW,OECD.ENV.EPI:DSD_GG@DF_GREEN_GROWTH(1.1),Green Growth,I,MYS,Malaysia,A,Annual,ENVRESPROD,_X,Unspecified,BTE,Industry (except construction),2007,9.675,A,Normal value,0,Units,,2015.0,2.0,2.0
DATAFLOW,OECD.ENV.EPI:DSD_GG@DF_GREEN_GROWTH(1.1),Green Growth,I,MYS,Malaysia,A,Annual,ENVRESPROD,_X,Unspecified,BTE,Industry (except construction),2006,9.675,A,Normal value,0,Units,,2015.0,2.0,2.0
DATAFLOW,OECD.ENV.EPI:DSD_GG@DF_GREEN_GROWTH(1.1),Green Growth,I,MYS,Malaysia,A,Annual,ENVRESPROD,_X,Unspecified,BTE,Industry (except construction),2005,9.675,A,Normal value,0,Units,,2015.0,2.0,2.0
DATAFLOW,OECD.ENV.EPI:DSD_GG@DF_GREEN_GROWTH(1.1),Green Growth,I,MYS,Malaysia,A,Annual,ENVRESPROD,_X,Unspecified,BTE,Industry (except construction),2004,9.675,A,Normal value,0,Units,,2015.0,2.0,2.0
DATAFLOW,OECD.ENV.EPI:DSD_GG@DF_GREEN_GROWTH(1.1),Green Growth,I,MYS,Malaysia,A,Annual,ENVRESPROD,_X,Unspecified,BTE,Industry (except construction),2003,9.675,A,Normal value,0,Units,,2015.0,2.0,2.0
DATAFLOW,OECD.ENV.EPI:DSD_GG@DF_GREEN_GROWTH(1.1),Green Growth,I,MYS,Malaysia,A,Annual,ENVRESPROD,_X,Unspecified,BTE,Industry (except construction),2002,9.675,A,Normal value,0,Units,,2015.0,2.0,2.0
DATAFLOW,OECD.ENV.EPI:DSD_GG@DF_GREEN_GROWTH(1.1),Green Growth,I,MYS,Malaysia,A,Annual,ENVRESPROD,_X,Unspecified,BTE,Industry (except construction),2001,9.675,A,Normal value,0,Units,,2015.0,2.0,2.0
DATAFLOW,OECD.ENV.EPI:DSD_GG@DF_GREEN_GROWTH(1.1),Green Growth,I,MYS,Malaysia,A,Annual,ENVRESPROD,_X,Unspecified,BTE,Industry (except construction),2000,9.675,A,Normal value,0,Units,,2015.0,2.0,2.0
DATAFLOW,OECD.ENV.EPI:DSD_GG@DF_GREEN_GROWTH(1.1),Green Growth,I,MYS,Malaysia,A,Annual,ENVRESPROD,_X,Unspecified,BTE,Industry (except construction),2022,9.675,A,Normal value,0,Units,,2015.0,2.0,2.0
DATAFLOW,OECD.ENV.EPI:DSD_GG@DF_GREEN_GROWTH(1.1),Green Growth,I,MYS,Malaysia,A,Annual,ENVRESPROD,_X,Unspecified,BTE,Industry (except construction),2021,9.675,A,Normal value,0,Units,,2015.0,2.0,2.0
DATAFLOW,OECD.ENV.EPI:DSD_GG@DF_GREEN_GROWTH(1.1),Green Growth,I,MYS,Malaysia,A,Annual,ENVRESPROD,_X,Unspecified,BTE,Industry (except construction),2020,9.675,A,Normal value,0,Units,,2015.0,2.0,2.0
DATAFLOW,OECD.ENV.EPI:DSD_GG@DF_GREEN_GROWTH(1.1),Green Growth,I,MYS,Malaysia,A,Annual,ENVRESPROD,_X,Unspecified,BTE,Industry (except construction),2019,9.675,A,Normal value,0,Units,,2015.0,2.0,2.0
DATAFLOW,OECD.ENV.EPI:DSD_GG@DF_GREEN_GROWTH(1.1),Green Growth,I,MYS,Malaysia,A,Annual,ENVRESPROD,_X,Unspecified,BTE,Industry (except construction),2018,9.675,A,Normal value,0,Units,,2015.0,2.0,2.0
DATAFLOW,OECD.ENV.EPI:DSD_GG@DF_GREEN_GROWTH(1.1),Green Growth,I,MYS,Malaysia,A,Annual,ENVRESPROD,_X,Unspecified,BTE,Industry (except construction),2017,9.675,A,Normal value,0,Units,,2015.0,2.0,2.0
DATAFLOW,OECD.ENV.EPI:DSD_GG@DF_GREEN_GROWTH(1.1),Green Growth,I,MYS,Malaysia,A,Annual,ENVRESPROD,_X,Unspecified,BTE,Industry (except construction),2016,9.675,A,Normal value,0,Units,,2015.0,2.0,2.0
DATAFLOW,OECD.ENV.EPI:DSD_GG@DF_GREEN_GROWTH(1.1),Green Growth,I,MYS,Malaysia,A,Annual,ENVRESPROD,_X,Unspecified,BTE,Industry (except construction),2015,9.675,A,Normal value,0,Units,,2015.0,2.0,2.0
DATAFLOW,OECD.ENV.EPI:DSD_GG@DF_GREEN_GROWTH(1.1),Green Growth,I,MYS,Malaysia,A,Annual,ENVRESPROD,_X,Unspecified,BTE,Industry (except construction),2014,9.675,A,Normal value,0,Units,,2015.0,2.0,2.0
DATAFLOW,OECD.ENV.EPI:DSD_GG@DF_GREEN_GROWTH(1.1),Green Growth,I,MYS,Malaysia,A,Annual,ENVRESPROD,_X,Unspecified,BTE,Industry (except construction),2013,9.675,A,Normal value,0,Units,,2015.0,2.0,2.0
DATAFLOW,OECD.ENV.EPI:DSD_GG@DF_GREEN_GROWTH(1.1),Green Growth,I,MYS,Malaysia,A,Annual,ENVRESPROD,_X,Unspecified,BTE,Industry (except construction),2012,9.675,A,Normal value,0,Units,,2015.0,2.0,2.0
DATAFLOW,OECD.ENV.EPI:DSD_GG@DF_GREEN_GROWTH(1.1),Green Growth,I,MYS,Malaysia,A,Annual,ENVRESPROD,_X,Unspecified,BTE,Industry (except construction),2011,9.675,A,Normal value,0,Units,,2015.0,2.0,2.0
DATAFLOW,OECD.ENV.EPI:DSD_GG@DF_GREEN_GROWTH(1.1),Green Growth,I,MYS,Malaysia,A,Annual,WLIFE,_X,Unspecified,_T,Total - all activities,2009,9.675,A,Normal value,0,Units,,2015.0,2.0,2.0
DATAFLOW,OECD.ENV.EPI:DSD_GG@DF_GREEN_GROWTH(1.1),Green Growth,I,MYS,Malaysia,A,Annual,WLIFE,_X,Unspecified,_T,Total - all activities,2008,9.675,A,Normal value,0,Units,,2015.0,2.0,2.0
DATAFLOW,OECD.ENV.EPI:DSD_GG@DF_GREEN_GROWTH(1.1),Green Growth,I,MYS,Malaysia,A,Annual,WLIFE,_X,Unspecified,_T,Total - all activities,2007,9.675,A,Normal value,0,Units,,2015.0,2.0,2.0
DATAFLOW,OECD.ENV.EPI:DSD_GG@DF_GREEN_GROWTH(1.1),Green Growth,I,MYS,Malaysia,A,Annual,WLIFE,_X,Unspecified,_T,Total - all activities,2006,9.675,A,Normal value,0,Units,,2015.0,2.0,2.0
DATAFLOW,OECD.ENV.EPI:DSD_GG@DF_GREEN_GROWTH(1.1),Green Growth,I,MYS,Malaysia,A,Annual,WLIFE,_X,Unspecified,_T,Total - all activities,2005,9.675,A,Normal value,0,Units,,2015.0,2.0,2.0
DATAFLOW,OECD.ENV.EPI:DSD_GG@DF_GREEN_GROWTH(1.1),Green Growth,I,MYS,Malaysia,A,Annual,WLIFE,_X,Unspecified,_T,Total - all activities,2004,9.675,A,Normal value,0,Units,,2015.0,2.0,2.0
DATAFLOW,OECD.ENV.EPI:DSD_GG@DF_GREEN_GROWTH(1.1),Green Growth,I,MYS,Malaysia,A,Annual,WLIFE,_X,Unspecified,_T,Total - all activities,2003,9.675,A,Normal value,0,Units,,2015.0,2.0,2.0
DATAFLOW,OECD.ENV.EPI:DSD_GG@DF_GREEN_GROWTH(1.1),Green Growth,I,MYS,Malaysia,A,Annual,WLIFE,_X,Unspecified,_T,Total - all activities,2002,9.675,A,Normal value,0,Units,,2015.0,2.0,2.0
DATAFLOW,OECD.ENV.EPI:DSD_GG@DF_GREEN_GROWTH(1.1),Green Growth,I,MYS,Malaysia,A,Annual,WLIFE,_X,Unspecified,_T,Total - all activities,2001,9.675,A,Normal value,0,Units,,2015.0,2.0,2.0
DATAFLOW,OECD.ENV.EPI:DSD_GG@DF_GREEN_GROWTH(1.1),Green Growth,I,MYS,Malaysia,A,Annual,WLIFE,_X,Unspecified,_T,Total - all activities,2000,9.675,A,Normal value,0,Units,,2015.0,2.0,2.0
DATAFLOW,OECD.ENV.EPI:DSD_GG@DF_GREEN_GROWTH(1.1),Green Growth,I,MYS,Malaysia,A,Annual,WLIFE,_X,Unspecified,_T,Total - all activities,2022,9.675,A,Normal value,0,Units,,2015.0,2.0,2.0
DATAFLOW,OECD.ENV.EPI:DSD_GG@DF_GREEN_GROWTH(1.1),Green Growth,I,MYS,Malaysia,A,Annual,WLIFE,_X,Unspecified,_T,Total - all activities,2021,9.675,A,Normal value,0,Units,,2015.0,2.0,2.0
DATAFLOW,OECD.ENV.EPI:DSD_GG@DF_GREEN_GROWTH(1.1),Green Growth,I,MYS,Malaysia,A,Annual,WLIFE,_X,Unspecified,_T,Total - all activities,2020,9.675,A,Normal value,0,Units,,2015.0,2.0,2.0
DATAFLOW,OECD.ENV.EPI:DSD_GG@DF_GREEN_GROWTH(1.1),Green Growth,I,MYS,Malaysia,A,Annual,WLIFE,_X,Unspecified,_T,Total - all activities,2019,9.675,A,Normal value,0,Units,,2015.0,2.0,2.0
DATAFLOW,OECD.ENV.EPI:DSD_GG@DF_GREEN_GROWTH(1.1),Green Growth,I,MYS,Malaysia,A,Annual,WLIFE,_X,Unspecified,_T,Total - all activities,2018,9.675,A,Normal value,0,Units,,2015.0,2.0,2.0
DATAFLOW,OECD.ENV.EPI:DSD_GG@DF_GREEN_GROWTH(1.1),Green Growth,I,MYS,Malaysia,A,Annual,WLIFE,_X,Unspecified,_T,Total - all activities,2017,9.675,A,Normal value,0,Units,,2015.0,2.0,2.0
DATAFLOW,OECD.ENV.EPI:DSD_GG@DF_GREEN_GROWTH(1.1),Green Growth,I,MYS,Malaysia,A,Annual,WLIFE,_X,Unspecified,_T,Total - all activities,2016,9.675,A,Normal value,0,Units,,2015.0,2.0,2.0
DATAFLOW,OECD.ENV.EPI:DSD_GG@DF_GREEN_GROWTH(1.1),Green Growth,I,MYS,Malaysia,A,Annual,WLIFE,_X,Unspecified,_T,Total - all activities,2015,9.675,A,Normal value,0,Units,,2015.0,2.0,2.0
DATAFLOW,OECD.ENV.EPI:DSD_GG@DF_GREEN_GROWTH(1.1),Green Growth,I,MYS,Malaysia,A,Annual,WLIFE,_X,Unspecified,_T,Total - all activities,2014,9.675,A,Normal value,0,Units,,2015.0,2.0,2.0
DATAFLOW,OECD.ENV.EPI:DSD_GG@DF_GREEN_GROWTH(1.1),Green Growth,I,MYS,Malaysia,A,Annual,WLIFE,_X,Unspecified,_T,Total - all activities,2013,9.675,A,Normal value,0,Units,,2015.0,2.0,2.0
DATAFLOW,OECD.ENV.EPI:DSD_GG@DF_GREEN_GROWTH(1.1),Green Growth,I,MYS,Malaysia,A,Annual,WLIFE,_X,Unspecified,_T,Total - all activities,2012,9.675,A,Normal value,0,Units,,2015.0,2.0,2.0
DATAFLOW,OECD.ENV.EPI:DSD_GG@DF_GREEN_GROWTH(1.1),Green Growth,I,MYS,Malaysia,A,Annual,WLIFE,_X,Unspecified,_T,Total - all activities,2011,9.675,A,Normal value,0,Units,,2015.0,2.0,2.0
DATAFLOW,OECD.ENV.EPI:DSD_GG@DF_GREEN_GROWTH(1.1),Green Growth,I,MYS,Malaysia,A,Annual,POP_FERTILITY,BR_L_W,Live births per woman,_T,Total - all activities,2007,2.23,A,Normal value,0,Units,_Z,2015.0,1.0,2.0
DATAFLOW,OECD.ENV.EPI:DSD_GG@DF_GREEN_GROWTH(1.1),Green Growth,I,MYS,Malaysia,A,Annual,POP_FERTILITY,BR_L_W,Live births per woman,_T,Total - all activities,2006,2.27,A,Normal value,0,Units,_Z,2015.0,1.0,2.0
DATAFLOW,OECD.ENV.EPI:DSD_GG@DF_GREEN_GROWTH(1.1),Green Growth,I,MYS,Malaysia,A,Annual,POP_FERTILITY,BR_L_W,Live births per woman,_T,Total - all activities,2005,2.33,A,Normal value,0,Units,_Z,2015.0,1.0,2.0
DATAFLOW,OECD.ENV.EPI:DSD_GG@DF_GREEN_GROWTH(1.1),Green Growth,I,MYS,Malaysia,A,Annual,POP_FERTILITY,BR_L_W,Live births per woman,_T,Total - all activities,2004,2.41,A,Normal value,0,Units,_Z,2015.0,1.0,2.0
DATAFLOW,OECD.ENV.EPI:DSD_GG@DF_GREEN_GROWTH(1.1),Green Growth,I,MYS,Malaysia,A,Annual,POP_FERTILITY,BR_L_W,Live births per woman,_T,Total - all activities,2003,2.53,A,Normal value,0,Units,_Z,2015.0,1.0,2.0
DATAFLOW,OECD.ENV.EPI:DSD_GG@DF_GREEN_GROWTH(1.1),Green Growth,I,MYS,Malaysia,A,Annual,POP_FERTILITY,BR_L_W,Live births per woman,_T,Total - all activities,2002,2.6,A,Normal value,0,Units,_Z,2015.0,1.0,2.0
DATAFLOW,OECD.ENV.EPI:DSD_GG@DF_GREEN_GROWTH(1.1),Green Growth,I,MYS,Malaysia,A,Annual,POP_FERTILITY,BR_L_W,Live births per woman,_T,Total - all activities,2001,2.76,A,Normal value,0,Units,_Z,2015.0,1.0,2.0
DATAFLOW,OECD.ENV.EPI:DSD_GG@DF_GREEN_GROWTH(1.1),Green Growth,I,MYS,Malaysia,A,Annual,POP_FERTILITY,BR_L_W,Live births per woman,_T,Total - all activities,2000,2.91,A,Normal value,0,Units,_Z,2015.0,1.0,2.0
DATAFLOW,OECD.ENV.EPI:DSD_GG@DF_GREEN_GROWTH(1.1),Green Growth,I,MYS,Malaysia,A,Annual,POP_FERTILITY,BR_L_W,Live births per woman,_T,Total - all activities,2021,1.8,A,Normal value,0,Units,_Z,2015.0,1.0,2.0
DATAFLOW,OECD.ENV.EPI:DSD_GG@DF_GREEN_GROWTH(1.1),Green Growth,I,MYS,Malaysia,A,Annual,POP_FERTILITY,BR_L_W,Live births per woman,_T,Total - all activities,2020,1.82,A,Normal value,0,Units,_Z,2015.0,1.0,2.0
DATAFLOW,OECD.ENV.EPI:DSD_GG@DF_GREEN_GROWTH(1.1),Green Growth,I,MYS,Malaysia,A,Annual,POP_FERTILITY,BR_L_W,Live births per woman,_T,Total - all activities,2019,1.83,A,Normal value,0,Units,_Z,2015.0,1.0,2.0
DATAFLOW,OECD.ENV.EPI:DSD_GG@DF_GREEN_GROWTH(1.1),Green Growth,I,MYS,Malaysia,A,Annual,POP_FERTILITY,BR_L_W,Live births per woman,_T,Total - all activities,2018,1.88,A,Normal value,0,Units,_Z,2015.0,1.0,2.0
DATAFLOW,OECD.ENV.EPI:DSD_GG@DF_GREEN_GROWTH(1.1),Green Growth,I,MYS,Malaysia,A,Annual,POP_FERTILITY,BR_L_W,Live births per woman,_T,Total - all activities,2017,1.93,A,Normal value,0,Units,_Z,2015.0,1.0,2.0
DATAFLOW,OECD.ENV.EPI:DSD_GG@DF_GREEN_GROWTH(1.1),Green Growth,I,MYS,Malaysia,A,Annual,POP_FERTILITY,BR_L_W,Live births per woman,_T,Total - all activities,2016,1.98,A,Normal value,0,Units,_Z,2015.0,1.0,2.0
DATAFLOW,OECD.ENV.EPI:DSD_GG@DF_GREEN_GROWTH(1.1),Green Growth,I,MYS,Malaysia,A,Annual,POP_FERTILITY,BR_L_W,Live births per woman,_T,Total - all activities,2015,2.04,A,Normal value,0,Units,_Z,2015.0,1.0,2.0
DATAFLOW,OECD.ENV.EPI:DSD_GG@DF_GREEN_GROWTH(1.1),Green Growth,I,MYS,Malaysia,A,Annual,POP_FERTILITY,BR_L_W,Live births per woman,_T,Total - all activities,2014,2.08,A,Normal value,0,Units,_Z,2015.0,1.0,2.0
DATAFLOW,OECD.ENV.EPI:DSD_GG@DF_GREEN_GROWTH(1.1),Green Growth,I,MYS,Malaysia,A,Annual,POP_FERTILITY,BR_L_W,Live births per woman,_T,Total - all activities,2013,2.09,A,Normal value,0,Units,_Z,2015.0,1.0,2.0
DATAFLOW,OECD.ENV.EPI:DSD_GG@DF_GREEN_GROWTH(1.1),Green Growth,I,MYS,Malaysia,A,Annual,POP_FERTILITY,BR_L_W,Live births per woman,_T,Total - all activities,2012,2.12,A,Normal value,0,Units,_Z,2015.0,1.0,2.0
DATAFLOW,OECD.ENV.EPI:DSD_GG@DF_GREEN_GROWTH(1.1),Green Growth,I,MYS,Malaysia,A,Annual,POP_FERTILITY,BR_L_W,Live births per woman,_T,Total - all activities,2011,2.15,A,Normal value,0,Units,_Z,2015.0,1.0,2.0
DATAFLOW,OECD.ENV.EPI:DSD_GG@DF_GREEN_GROWTH(1.1),Green Growth,I,MYS,Malaysia,A,Annual,POP_FERTILITY,BR_L_W,Live births per woman,_T,Total - all activities,2010,2.14,A,Normal value,0,Units,_Z,2015.0,1.0,2.0
DATAFLOW,OECD.ENV.EPI:DSD_GG@DF_GREEN_GROWTH(1.1),Green Growth,I,MYS,Malaysia,A,Annual,POP_FERTILITY,BR_L_W,Live births per woman,_T,Total - all activities,2009,2.22,A,Normal value,0,Units,_Z,2015.0,1.0,2.0
DATAFLOW,OECD.ENV.EPI:DSD_GG@DF_GREEN_GROWTH(1.1),Green Growth,I,MYS,Malaysia,A,Annual,SOCECO,_X,Unspecified,BTE,Industry (except construction),2009,9.675,A,Normal value,0,Units,,2015.0,2.0,2.0
DATAFLOW,OECD.ENV.EPI:DSD_GG@DF_GREEN_GROWTH(1.1),Green Growth,I,MYS,Malaysia,A,Annual,SOCECO,_X,Unspecified,BTE,Industry (except construction),2008,9.675,A,Normal value,0,Units,,2015.0,2.0,2.0
DATAFLOW,OECD.ENV.EPI:DSD_GG@DF_GREEN_GROWTH(1.1),Green Growth,I,MYS,Malaysia,A,Annual,SOCECO,_X,Unspecified,BTE,Industry (except construction),2007,9.675,A,Normal value,0,Units,,2015.0,2.0,2.0
DATAFLOW,OECD.ENV.EPI:DSD_GG@DF_GREEN_GROWTH(1.1),Green Growth,I,MYS,Malaysia,A,Annual,SOCECO,_X,Unspecified,BTE,Industry (except construction),2006,9.675,A,Normal value,0,Units,,2015.0,2.0,2.0
DATAFLOW,OECD.ENV.EPI:DSD_GG@DF_GREEN_GROWTH(1.1),Green Growth,I,MYS,Malaysia,A,Annual,SOCECO,_X,Unspecified,BTE,Industry (except construction),2005,9.675,A,Normal value,0,Units,,2015.0,2.0,2.0
DATAFLOW,OECD.ENV.EPI:DSD_GG@DF_GREEN_GROWTH(1.1),Green Growth,I,MYS,Malaysia,A,Annual,SOCECO,_X,Unspecified,BTE,Industry (except construction),2004,9.675,A,Normal value,0,Units,,2015.0,2.0,2.0
DATAFLOW,OECD.ENV.EPI:DSD_GG@DF_GREEN_GROWTH(1.1),Green Growth,I,MYS,Malaysia,A,Annual,SOCECO,_X,Unspecified,BTE,Industry (except construction),2003,9.675,A,Normal value,0,Units,,2015.0,2.0,2.0
DATAFLOW,OECD.ENV.EPI:DSD_GG@DF_GREEN_GROWTH(1.1),Green Growth,I,MYS,Malaysia,A,Annual,SOCECO,_X,Unspecified,BTE,Industry (except construction),2002,9.675,A,Normal value,0,Units,,2015.0,2.0,2.0
DATAFLOW,OECD.ENV.EPI:DSD_GG@DF_GREEN_GROWTH(1.1),Green Growth,I,MYS,Malaysia,A,Annual,SOCECO,_X,Unspecified,BTE,Industry (except construction),2001,9.675,A,Normal value,0,Units,,2015.0,2.0,2.0
DATAFLOW,OECD.ENV.EPI:DSD_GG@DF_GREEN_GROWTH(1.1),Green Growth,I,MYS,Malaysia,A,Annual,SOCECO,_X,Unspecified,BTE,Industry (except construction),2000,9.675,A,Normal value,0,Units,,2015.0,2.0,2.0
DATAFLOW,OECD.ENV.EPI:DSD_GG@DF_GREEN_GROWTH(1.1),Green Growth,I,MYS,Malaysia,A,Annual,SOCECO,_X,Unspecified,BTE,Industry (except construction),2022,9.675,A,Normal value,0,Units,,2015.0,2.0,2.0
DATAFLOW,OECD.ENV.EPI:DSD_GG@DF_GREEN_GROWTH(1.1),Green Growth,I,MYS,Malaysia,A,Annual,SOCECO,_X,Unspecified,BTE,Industry (except construction),2021,9.675,A,Normal value,0,Units,,2015.0,2.0,2.0
DATAFLOW,OECD.ENV.EPI:DSD_GG@DF_GREEN_GROWTH(1.1),Green Growth,I,MYS,Malaysia,A,Annual,SOCECO,_X,Unspecified,BTE,Industry (except construction),2020,9.675,A,Normal value,0,Units,,2015.0,2.0,2.0
DATAFLOW,OECD.ENV.EPI:DSD_GG@DF_GREEN_GROWTH(1.1),Green Growth,I,MYS,Malaysia,A,Annual,SOCECO,_X,Unspecified,BTE,Industry (except construction),2019,9.675,A,Normal value,0,Units,,2015.0,2.0,2.0
DATAFLOW,OECD.ENV.EPI:DSD_GG@DF_GREEN_GROWTH(1.1),Green Growth,I,MYS,Malaysia,A,Annual,SOCECO,_X,Unspecified,BTE,Industry (except construction),2018,9.675,A,Normal value,0,Units,,2015.0,2.0,2.0
DATAFLOW,OECD.ENV.EPI:DSD_GG@DF_GREEN_GROWTH(1.1),Green Growth,I,MYS,Malaysia,A,Annual,SOCECO,_X,Unspecified,BTE,Industry (except construction),2017,9.675,A,Normal value,0,Units,,2015.0,2.0,2.0
DATAFLOW,OECD.ENV.EPI:DSD_GG@DF_GREEN_GROWTH(1.1),Green Growth,I,MYS,Malaysia,A,Annual,SOCECO,_X,Unspecified,BTE,Industry (except construction),2016,9.675,A,Normal value,0,Units,,2015.0,2.0,2.0
DATAFLOW,OECD.ENV.EPI:DSD_GG@DF_GREEN_GROWTH(1.1),Green Growth,I,MYS,Malaysia,A,Annual,SOCECO,_X,Unspecified,BTE,Industry (except construction),2015,9.675,A,Normal value,0,Units,,2015.0,2.0,2.0
DATAFLOW,OECD.ENV.EPI:DSD_GG@DF_GREEN_GROWTH(1.1),Green Growth,I,MYS,Malaysia,A,Annual,SOCECO,_X,Unspecified,BTE,Industry (except construction),2014,9.675,A,Normal value,0,Units,,2015.0,2.0,2.0
DATAFLOW,OECD.ENV.EPI:DSD_GG@DF_GREEN_GROWTH(1.1),Green Growth,I,MYS,Malaysia,A,Annual,SOCECO,_X,Unspecified,BTE,Industry (except construction),2013,9.675,A,Normal value,0,Units,,2015.0,2.0,2.0
DATAFLOW,OECD.ENV.EPI:DSD_GG@DF_GREEN_GROWTH(1.1),Green Growth,I,MYS,Malaysia,A,Annual,SOCECO,_X,Unspecified,BTE,Industry (except construction),2012,9.675,A,Normal value,0,Units,,2015.0,2.0,2.0
DATAFLOW,OECD.ENV.EPI:DSD_GG@DF_GREEN_GROWTH(1.1),Green Growth,I,MYS,Malaysia,A,Annual,SOCECO,_X,Unspecified,BTE,Industry (except construction),2011,9.675,A,Normal value,0,Units,,2015.0,2.0,2.0
DATAFLOW,OECD.ENV.EPI:DSD_GG@DF_GREEN_GROWTH(1.1),Green Growth,I,MYS,Malaysia,A,Annual,RENV,_X,Unspecified,_T,Total - all activities,2009,9.675,A,Normal value,0,Units,,2015.0,2.0,2.0
DATAFLOW,OECD.ENV.EPI:DSD_GG@DF_GREEN_GROWTH(1.1),Green Growth,I,MYS,Malaysia,A,Annual,RENV,_X,Unspecified,_T,Total - all activities,2008,9.675,A,Normal value,0,Units,,2015.0,2.0,2.0
DATAFLOW,OECD.ENV.EPI:DSD_GG@DF_GREEN_GROWTH(1.1),Green Growth,I,MYS,Malaysia,A,Annual,RENV,_X,Unspecified,_T,Total - all activities,2007,9.675,A,Normal value,0,Units,,2015.0,2.0,2.0
DATAFLOW,OECD.ENV.EPI:DSD_GG@DF_GREEN_GROWTH(1.1),Green Growth,I,MYS,Malaysia,A,Annual,RENV,_X,Unspecified,_T,Total - all activities,2006,9.675,A,Normal value,0,Units,,2015.0,2.0,2.0
DATAFLOW,OECD.ENV.EPI:DSD_GG@DF_GREEN_GROWTH(1.1),Green Growth,I,MYS,Malaysia,A,Annual,RENV,_X,Unspecified,_T,Total - all activities,2005,9.675,A,Normal value,0,Units,,2015.0,2.0,2.0
DATAFLOW,OECD.ENV.EPI:DSD_GG@DF_GREEN_GROWTH(1.1),Green Growth,I,MYS,Malaysia,A,Annual,RENV,_X,Unspecified,_T,Total - all activities,2004,9.675,A,Normal value,0,Units,,2015.0,2.0,2.0
DATAFLOW,OECD.ENV.EPI:DSD_GG@DF_GREEN_GROWTH(1.1),Green Growth,I,MYS,Malaysia,A,Annual,RENV,_X,Unspecified,_T,Total - all activities,2003,9.675,A,Normal value,0,Units,,2015.0,2.0,2.0
DATAFLOW,OECD.ENV.EPI:DSD_GG@DF_GREEN_GROWTH(1.1),Green Growth,I,MYS,Malaysia,A,Annual,RENV,_X,Unspecified,_T,Total - all activities,2002,9.675,A,Normal value,0,Units,,2015.0,2.0,2.0
DATAFLOW,OECD.ENV.EPI:DSD_GG@DF_GREEN_GROWTH(1.1),Green Growth,I,MYS,Malaysia,A,Annual,RENV,_X,Unspecified,_T,Total - all activities,2001,9.675,A,Normal value,0,Units,,2015.0,2.0,2.0
DATAFLOW,OECD.ENV.EPI:DSD_GG@DF_GREEN_GROWTH(1.1),Green Growth,I,MYS,Malaysia,A,Annual,RENV,_X,Unspecified,_T,Total - all activities,2000,9.675,A,Normal value,0,Units,,2015.0,2.0,2.0
DATAFLOW,OECD.ENV.EPI:DSD_GG@DF_GREEN_GROWTH(1.1),Green Growth,I,MYS,Malaysia,A,Annual,RENV,_X,Unspecified,_T,Total - all activities,2022,9.675,A,Normal value,0,Units,,2015.0,2.0,2.0
DATAFLOW,OECD.ENV.EPI:DSD_GG@DF_GREEN_GROWTH(1.1),Green Growth,I,MYS,Malaysia,A,Annual,RENV,_X,Unspecified,_T,Total - all activities,2021,9.675,A,Normal value,0,Units,,2015.0,2.0,2.0
DATAFLOW,OECD.ENV.EPI:DSD_GG@DF_GREEN_GROWTH(1.1),Green Growth,I,MYS,Malaysia,A,Annual,RENV,_X,Unspecified,_T,Total - all activities,2020,9.675,A,Normal value,0,Units,,2015.0,2.0,2.0
DATAFLOW,OECD.ENV.EPI:DSD_GG@DF_GREEN_GROWTH(1.1),Green Growth,I,MYS,Malaysia,A,Annual,RENV,_X,Unspecified,_T,Total - all activities,2019,9.675,A,Normal value,0,Units,,2015.0,2.0,2.0
DATAFLOW,OECD.ENV.EPI:DSD_GG@DF_GREEN_GROWTH(1.1),Green Growth,I,MYS,Malaysia,A,Annual,RENV,_X,Unspecified,_T,Total - all activities,2018,9.675,A,Normal value,0,Units,,2015.0,2.0,2.0
DATAFLOW,OECD.ENV.EPI:DSD_GG@DF_GREEN_GROWTH(1.1),Green Growth,I,MYS,Malaysia,A,Annual,RENV,_X,Unspecified,_T,Total - all activities,2017,9.675,A,Normal value,0,Units,,2015.0,2.0,2.0
DATAFLOW,OECD.ENV.EPI:DSD_GG@DF_GREEN_GROWTH(1.1),Green Growth,I,MYS,Malaysia,A,Annual,RENV,_X,Unspecified,_T,Total - all activities,2016,9.675,A,Normal value,0,Units,,2015.0,2.0,2.0
DATAFLOW,OECD.ENV.EPI:DSD_GG@DF_GREEN_GROWTH(1.1),Green Growth,I,MYS,Malaysia,A,Annual,RENV,_X,Unspecified,_T,Total - all activities,2015,9.675,A,Normal value,0,Units,,2015.0,2.0,2.0
DATAFLOW,OECD.ENV.EPI:DSD_GG@DF_GREEN_GROWTH(1.1),Green Growth,I,MYS,Malaysia,A,Annual,RENV,_X,Unspecified,_T,Total - all activities,2014,9.675,A,Normal value,0,Units,,2015.0,2.0,2.0
DATAFLOW,OECD.ENV.EPI:DSD_GG@DF_GREEN_GROWTH(1.1),Green Growth,I,MYS,Malaysia,A,Annual,RENV,_X,Unspecified,_T,Total - all activities,2013,9.675,A,Normal value,0,Units,,2015.0,2.0,2.0
DATAFLOW,OECD.ENV.EPI:DSD_GG@DF_GREEN_GROWTH(1.1),Green Growth,I,MYS,Malaysia,A,Annual,RENV,_X,Unspecified,_T,Total - all activities,2012,9.675,A,Normal value,0,Units,,2015.0,2.0,2.0
DATAFLOW,OECD.ENV.EPI:DSD_GG@DF_GREEN_GROWTH(1.1),Green Growth,I,MYS,Malaysia,A,Annual,RENV,_X,Unspecified,_T,Total - all activities,2011,9.675,A,Normal value,0,Units,,2015.0,2.0,2.0
DATAFLOW,OECD.ENV.EPI:DSD_GG@DF_GREEN_GROWTH(1.1),Green Growth,I,MYS,Malaysia,A,Annual,GPAT_DE,INV_10P6HB,Inventions per 1 000 000 inhabitants,_T,Total - all activities,2007,0.97,A,Normal value,0,Units,_Z,2015.0,3.0,2.0
DATAFLOW,OECD.ENV.EPI:DSD_GG@DF_GREEN_GROWTH(1.1),Green Growth,I,MYS,Malaysia,A,Annual,GPAT_DE,INV_10P6HB,Inventions per 1 000 000 inhabitants,_T,Total - all activities,2006,1.25,A,Normal value,0,Units,_Z,2015.0,3.0,2.0
DATAFLOW,OECD.ENV.EPI:DSD_GG@DF_GREEN_GROWTH(1.1),Green Growth,I,MYS,Malaysia,A,Annual,GPAT_DE,INV_10P6HB,Inventions per 1 000 000 inhabitants,_T,Total - all activities,2005,0.43,A,Normal value,0,Units,_Z,2015.0,3.0,2.0
DATAFLOW,OECD.ENV.EPI:DSD_GG@DF_GREEN_GROWTH(1.1),Green Growth,I,MYS,Malaysia,A,Annual,GPAT_DE,INV_10P6HB,Inventions per 1 000 000 inhabitants,_T,Total - all activities,2004,0.57,A,Normal value,0,Units,_Z,2015.0,3.0,2.0
DATAFLOW,OECD.ENV.EPI:DSD_GG@DF_GREEN_GROWTH(1.1),Green Growth,I,MYS,Malaysia,A,Annual,GPAT_DE,INV_10P6HB,Inventions per 1 000 000 inhabitants,_T,Total - all activities,2003,0.5,A,Normal value,0,Units,_Z,2015.0,3.0,2.0
DATAFLOW,OECD.ENV.EPI:DSD_GG@DF_GREEN_GROWTH(1.1),Green Growth,I,MYS,Malaysia,A,Annual,GPAT_DE,INV_10P6HB,Inventions per 1 000 000 inhabitants,_T,Total - all activities,2002,0.28,A,Normal value,0,Units,_Z,2015.0,3.0,2.0
DATAFLOW,OECD.ENV.EPI:DSD_GG@DF_GREEN_GROWTH(1.1),Green Growth,I,MYS,Malaysia,A,Annual,GPAT_DE,INV_10P6HB,Inventions per 1 000 000 inhabitants,_T,Total - all activities,2001,0.28,A,Normal value,0,Units,_Z,2015.0,3.0,2.0
DATAFLOW,OECD.ENV.EPI:DSD_GG@DF_GREEN_GROWTH(1.1),Green Growth,I,MYS,Malaysia,A,Annual,GPAT_DE,INV_10P6HB,Inventions per 1 000 000 inhabitants,_T,Total - all activities,2000,0.29,A,Normal value,0,Units,_Z,2015.0,3.0,2.0
DATAFLOW,OECD.ENV.EPI:DSD_GG@DF_GREEN_GROWTH(1.1),Green Growth,I,MYS,Malaysia,A,Annual,GPAT_DE,INV_10P6HB,Inventions per 1 000 000 inhabitants,_T,Total - all activities,2019,1.03,A,Normal value,0,Units,_Z,2015.0,3.0,2.0
DATAFLOW,OECD.ENV.EPI:DSD_GG@DF_GREEN_GROWTH(1.1),Green Growth,I,MYS,Malaysia,A,Annual,GPAT_DE,INV_10P6HB,Inventions per 1 000 000 inhabitants,_T,Total - all activities,2018,0.79,A,Normal value,0,Units,_Z,2015.0,3.0,2.0
DATAFLOW,OECD.ENV.EPI:DSD_GG@DF_GREEN_GROWTH(1.1),Green Growth,I,MYS,Malaysia,A,Annual,GPAT_DE,INV_10P6HB,Inventions per 1 000 000 inhabitants,_T,Total - all activities,2017,1.0,A,Normal value,0,Units,_Z,2015.0,3.0,2.0
DATAFLOW,OECD.ENV.EPI:DSD_GG@DF_GREEN_GROWTH(1.1),Green Growth,I,MYS,Malaysia,A,Annual,GPAT_DE,INV_10P6HB,Inventions per 1 000 000 inhabitants,_T,Total - all activities,2016,1.21,A,Normal value,0,Units,_Z,2015.0,3.0,2.0
DATAFLOW,OECD.ENV.EPI:DSD_GG@DF_GREEN_GROWTH(1.1),Green Growth,I,MYS,Malaysia,A,Annual,GPAT_DE,INV_10P6HB,Inventions per 1 000 000 inhabitants,_T,Total - all activities,2015,1.05,A,Normal value,0,Units,_Z,2015.0,3.0,2.0
DATAFLOW,OECD.ENV.EPI:DSD_GG@DF_GREEN_GROWTH(1.1),Green Growth,I,MYS,Malaysia,A,Annual,GPAT_DE,INV_10P6HB,Inventions per 1 000 000 inhabitants,_T,Total - all activities,2014,1.37,A,Normal value,0,Units,_Z,2015.0,3.0,2.0
DATAFLOW,OECD.ENV.EPI:DSD_GG@DF_GREEN_GROWTH(1.1),Green Growth,I,MYS,Malaysia,A,Annual,GPAT_DE,INV_10P6HB,Inventions per 1 000 000 inhabitants,_T,Total - all activities,2013,1.75,A,Normal value,0,Units,_Z,2015.0,3.0,2.0
DATAFLOW,OECD.ENV.EPI:DSD_GG@DF_GREEN_GROWTH(1.1),Green Growth,I,MYS,Malaysia,A,Annual,GPAT_DE,INV_10P6HB,Inventions per 1 000 000 inhabitants,_T,Total - all activities,2012,1.64,A,Normal value,0,Units,_Z,2015.0,3.0,2.0
DATAFLOW,OECD.ENV.EPI:DSD_GG@DF_GREEN_GROWTH(1.1),Green Growth,I,MYS,Malaysia,A,Annual,GPAT_DE,INV_10P6HB,Inventions per 1 000 000 inhabitants,_T,Total - all activities,2011,1.9,A,Normal value,0,Units,_Z,2015.0,3.0,2.0
DATAFLOW,OECD.ENV.EPI:DSD_GG@DF_GREEN_GROWTH(1.1),Green Growth,I,MYS,Malaysia,A,Annual,GPAT_DE,INV_10P6HB,Inventions per 1 000 000 inhabitants,_T,Total - all activities,2010,1.44,A,Normal value,0,Units,_Z,2015.0,3.0,2.0
DATAFLOW,OECD.ENV.EPI:DSD_GG@DF_GREEN_GROWTH(1.1),Green Growth,I,MYS,Malaysia,A,Annual,GPAT_DE,INV_10P6HB,Inventions per 1 000 000 inhabitants,_T,Total - all activities,2009,1.38,A,Normal value,0,Units,_Z,2015.0,3.0,2.0
DATAFLOW,OECD.ENV.EPI:DSD_GG@DF_GREEN_GROWTH(1.1),Green Growth,I,MYS,Malaysia,A,Annual,CO2_PBEM,IX,Index,_T,Total - all activities,2007,155.93,A,Normal value,0,Units,_Z,2000.0,2.0,2.0
DATAFLOW,OECD.ENV.EPI:DSD_GG@DF_GREEN_GROWTH(1.1),Green Growth,I,MYS,Malaysia,A,Annual,CO2_PBEM,IX,Index,_T,Total - all activities,2006,141.8,A,Normal value,0,Units,_Z,2000.0,2.0,2.0
DATAFLOW,OECD.ENV.EPI:DSD_GG@DF_GREEN_GROWTH(1.1),Green Growth,I,MYS,Malaysia,A,Annual,CO2_PBEM,IX,Index,_T,Total - all activities,2005,136.56,A,Normal value,0,Units,_Z,2000.0,2.0,2.0
DATAFLOW,OECD.ENV.EPI:DSD_GG@DF_GREEN_GROWTH(1.1),Green Growth,I,MYS,Malaysia,A,Annual,CO2_PBEM,IX,Index,_T,Total - all activities,2004,127.39,A,Normal value,0,Units,_Z,2000.0,2.0,2.0
DATAFLOW,OECD.ENV.EPI:DSD_GG@DF_GREEN_GROWTH(1.1),Green Growth,I,MYS,Malaysia,A,Annual,CO2_PBEM,IX,Index,_T,Total - all activities,2003,115.41,A,Normal value,0,Units,_Z,2000.0,2.0,2.0
DATAFLOW,OECD.ENV.EPI:DSD_GG@DF_GREEN_GROWTH(1.1),Green Growth,I,MYS,Malaysia,A,Annual,CO2_PBEM,IX,Index,_T,Total - all activities,2002,109.94,A,Normal value,0,Units,_Z,2000.0,2.0,2.0
DATAFLOW,OECD.ENV.EPI:DSD_GG@DF_GREEN_GROWTH(1.1),Green Growth,I,MYS,Malaysia,A,Annual,CO2_PBEM,IX,Index,_T,Total - all activities,2001,104.68,A,Normal value,0,Units,_Z,2000.0,2.0,2.0
DATAFLOW,OECD.ENV.EPI:DSD_GG@DF_GREEN_GROWTH(1.1),Green Growth,I,MYS,Malaysia,A,Annual,CO2_PBEM,IX,Index,_T,Total - all activities,2000,100.0,A,Normal value,0,Units,_Z,2000.0,2.0,2.0
DATAFLOW,OECD.ENV.EPI:DSD_GG@DF_GREEN_GROWTH(1.1),Green Growth,I,MYS,Malaysia,A,Annual,CO2_PBEM,IX,Index,_T,Total - all activities,2021,196.3,A,Normal value,0,Units,_Z,2000.0,2.0,2.0
DATAFLOW,OECD.ENV.EPI:DSD_GG@DF_GREEN_GROWTH(1.1),Green Growth,I,MYS,Malaysia,A,Annual,CO2_PBEM,IX,Index,_T,Total - all activities,2020,196.31,A,Normal value,0,Units,_Z,2000.0,2.0,2.0
DATAFLOW,OECD.ENV.EPI:DSD_GG@DF_GREEN_GROWTH(1.1),Green Growth,I,MYS,Malaysia,A,Annual,CO2_PBEM,IX,Index,_T,Total - all activities,2019,201.29,A,Normal value,0,Units,_Z,2000.0,2.0,2.0
DATAFLOW,OECD.ENV.EPI:DSD_GG@DF_GREEN_GROWTH(1.1),Green Growth,I,MYS,Malaysia,A,Annual,CO2_PBEM,IX,Index,_T,Total - all activities,2018,198.28,A,Normal value,0,Units,_Z,2000.0,2.0,2.0
DATAFLOW,OECD.ENV.EPI:DSD_GG@DF_GREEN_GROWTH(1.1),Green Growth,I,MYS,Malaysia,A,Annual,CO2_PBEM,IX,Index,_T,Total - all activities,2017,183.3,A,Normal value,0,Units,_Z,2000.0,2.0,2.0
DATAFLOW,OECD.ENV.EPI:DSD_GG@DF_GREEN_GROWTH(1.1),Green Growth,I,MYS,Malaysia,A,Annual,CO2_PBEM,IX,Index,_T,Total - all activities,2016,188.19,A,Normal value,0,Units,_Z,2000.0,2.0,2.0
DATAFLOW,OECD.ENV.EPI:DSD_GG@DF_GREEN_GROWTH(1.1),Green Growth,I,MYS,Malaysia,A,Annual,CO2_PBEM,IX,Index,_T,Total - all activities,2015,191.56,A,Normal value,0,Units,_Z,2000.0,2.0,2.0
DATAFLOW,OECD.ENV.EPI:DSD_GG@DF_GREEN_GROWTH(1.1),Green Growth,I,MYS,Malaysia,A,Annual,CO2_PBEM,IX,Index,_T,Total - all activities,2014,191.56,A,Normal value,0,Units,_Z,2000.0,2.0,2.0
DATAFLOW,OECD.ENV.EPI:DSD_GG@DF_GREEN_GROWTH(1.1),Green Growth,I,MYS,Malaysia,A,Annual,CO2_PBEM,IX,Index,_T,Total - all activities,2013,181.76,A,Normal value,0,Units,_Z,2000.0,2.0,2.0
DATAFLOW,OECD.ENV.EPI:DSD_GG@DF_GREEN_GROWTH(1.1),Green Growth,I,MYS,Malaysia,A,Annual,CO2_PBEM,IX,Index,_T,Total - all activities,2012,168.0,A,Normal value,0,Units,_Z,2000.0,2.0,2.0
DATAFLOW,OECD.ENV.EPI:DSD_GG@DF_GREEN_GROWTH(1.1),Green Growth,I,MYS,Malaysia,A,Annual,CO2_PBEM,IX,Index,_T,Total - all activities,2011,166.87,A,Normal value,0,Units,_Z,2000.0,2.0,2.0
DATAFLOW,OECD.ENV.EPI:DSD_GG@DF_GREEN_GROWTH(1.1),Green Growth,I,MYS,Malaysia,A,Annual,CO2_PBEM,IX,Index,_T,Total - all activities,2010,165.93,A,Normal value,0,Units,_Z,2000.0,2.0,2.0
DATAFLOW,OECD.ENV.EPI:DSD_GG@DF_GREEN_GROWTH(1.1),Green Growth,I,MYS,Malaysia,A,Annual,CO2_PBEM,IX,Index,_T,Total - all activities,2009,148.53,A,Normal value,0,Units,_Z,2000.0,2.0,2.0
DATAFLOW,OECD.ENV.EPI:DSD_GG@DF_GREEN_GROWTH(1.1),Green Growth,I,MYS,Malaysia,A,Annual,CO2_AIRTRAGDP,KG,Kilogramme,_T,Total - all activities,2020,3.42,A,Normal value,0,Units,_Z,2015.0,0.0,2.0
DATAFLOW,OECD.ENV.EPI:DSD_GG@DF_GREEN_GROWTH(1.1),Green Growth,I,MYS,Malaysia,A,Annual,CO2_AIRTRAGDP,KG,Kilogramme,_T,Total - all activities,2019,10.87,A,Normal value,0,Units,_Z,2015.0,0.0,2.0
DATAFLOW,OECD.ENV.EPI:DSD_GG@DF_GREEN_GROWTH(1.1),Green Growth,I,MYS,Malaysia,A,Annual,CO2_AIRTRAGDP,KG,Kilogramme,_T,Total - all activities,2018,11.4,A,Normal value,0,Units,_Z,2015.0,0.0,2.0
DATAFLOW,OECD.ENV.EPI:DSD_GG@DF_GREEN_GROWTH(1.1),Green Growth,I,MYS,Malaysia,A,Annual,CO2_AIRTRAGDP,KG,Kilogramme,_T,Total - all activities,2017,11.81,A,Normal value,0,Units,_Z,2015.0,0.0,2.0
DATAFLOW,OECD.ENV.EPI:DSD_GG@DF_GREEN_GROWTH(1.1),Green Growth,I,MYS,Malaysia,A,Annual,CO2_AIRTRAGDP,KG,Kilogramme,_T,Total - all activities,2016,11.53,A,Normal value,0,Units,_Z,2015.0,0.0,2.0
DATAFLOW,OECD.ENV.EPI:DSD_GG@DF_GREEN_GROWTH(1.1),Green Growth,I,MYS,Malaysia,A,Annual,CO2_AIRTRAGDP,KG,Kilogramme,_T,Total - all activities,2015,13.05,A,Normal value,0,Units,_Z,2015.0,0.0,2.0
DATAFLOW,OECD.ENV.EPI:DSD_GG@DF_GREEN_GROWTH(1.1),Green Growth,I,MYS,Malaysia,A,Annual,CO2_AIRTRAGDP,KG,Kilogramme,_T,Total - all activities,2014,14.23,A,Normal value,0,Units,_Z,2015.0,0.0,2.0
DATAFLOW,OECD.ENV.EPI:DSD_GG@DF_GREEN_GROWTH(1.1),Green Growth,I,MYS,Malaysia,A,Annual,CO2_AIRTRAGDP,KG,Kilogramme,_T,Total - all activities,2013,13.48,A,Normal value,0,Units,_Z,2015.0,0.0,2.0
DATAFLOW,OECD.ENV.EPI:DSD_GG@DF_GREEN_GROWTH(1.1),Green Growth,I,MYS,Malaysia,A,Annual,FOR_NAT,PT_FAR,Percentage of forested area,_T,Total - all activities,2000,91.73,A,Normal value,0,Units,_Z,2015.0,5.0,2.0
DATAFLOW,OECD.ENV.EPI:DSD_GG@DF_GREEN_GROWTH(1.1),Green Growth,I,MYS,Malaysia,A,Annual,FOR_NAT,PT_FAR,Percentage of forested area,_T,Total - all activities,2020,91.12,A,Normal value,0,Units,_Z,2015.0,5.0,2.0
DATAFLOW,OECD.ENV.EPI:DSD_GG@DF_GREEN_GROWTH(1.1),Green Growth,I,MYS,Malaysia,A,Annual,FOR_NAT,PT_FAR,Percentage of forested area,_T,Total - all activities,2015,91.22,A,Normal value,0,Units,_Z,2015.0,5.0,2.0
DATAFLOW,OECD.ENV.EPI:DSD_GG@DF_GREEN_GROWTH(1.1),Green Growth,I,MYS,Malaysia,A,Annual,FOR_IF_EXTENT,KM2,Square kilometres,_T,Total - all activities,2000,20878.33,A,Normal value,0,Units,_Z,2015.0,5.0,2.0
DATAFLOW,OECD.ENV.EPI:DSD_GG@DF_GREEN_GROWTH(1.1),Green Growth,I,MYS,Malaysia,A,Annual,FOR_IF_EXTENT,KM2,Square kilometres,_T,Total - all activities,2016,15071.19,A,Normal value,0,Units,_Z,2015.0,5.0,2.0
DATAFLOW,OECD.ENV.EPI:DSD_GG@DF_GREEN_GROWTH(1.1),Green Growth,I,MYS,Malaysia,A,Annual,NRGC,PT_CONS_NRG,Percentage of energy consumption,_O,Other,2007,14.53,A,Normal value,0,Units,_Z,2015.0,1.0,2.0
DATAFLOW,OECD.ENV.EPI:DSD_GG@DF_GREEN_GROWTH(1.1),Green Growth,I,MYS,Malaysia,A,Annual,NRGC,PT_CONS_NRG,Percentage of energy consumption,_O,Other,2006,13.79,A,Normal value,0,Units,_Z,2015.0,1.0,2.0
DATAFLOW,OECD.ENV.EPI:DSD_GG@DF_GREEN_GROWTH(1.1),Green Growth,I,MYS,Malaysia,A,Annual,NRGC,PT_CONS_NRG,Percentage of energy consumption,_O,Other,2005,12.35,A,Normal value,0,Units,_Z,2015.0,1.0,2.0
DATAFLOW,OECD.ENV.EPI:DSD_GG@DF_GREEN_GROWTH(1.1),Green Growth,I,MYS,Malaysia,A,Annual,NRGC,PT_CONS_NRG,Percentage of energy consumption,_O,Other,2004,12.38,A,Normal value,0,Units,_Z,2015.0,1.0,2.0
DATAFLOW,OECD.ENV.EPI:DSD_GG@DF_GREEN_GROWTH(1.1),Green Growth,I,MYS,Malaysia,A,Annual,NRGC,PT_CONS_NRG,Percentage of energy consumption,_O,Other,2003,13.38,A,Normal value,0,Units,_Z,2015.0,1.0,2.0
DATAFLOW,OECD.ENV.EPI:DSD_GG@DF_GREEN_GROWTH(1.1),Green Growth,I,MYS,Malaysia,A,Annual,NRGC,PT_CONS_NRG,Percentage of energy consumption,_O,Other,2002,14.38,A,Normal value,0,Units,_Z,2015.0,1.0,2.0
DATAFLOW,OECD.ENV.EPI:DSD_GG@DF_GREEN_GROWTH(1.1),Green Growth,I,MYS,Malaysia,A,Annual,NRGC,PT_CONS_NRG,Percentage of energy consumption,_O,Other,2001,14.36,A,Normal value,0,Units,_Z,2015.0,1.0,2.0
DATAFLOW,OECD.ENV.EPI:DSD_GG@DF_GREEN_GROWTH(1.1),Green Growth,I,MYS,Malaysia,A,Annual,NRGC,PT_CONS_NRG,Percentage of energy consumption,_O,Other,2000,14.55,A,Normal value,0,Units,_Z,2015.0,1.0,2.0
DATAFLOW,OECD.ENV.EPI:DSD_GG@DF_GREEN_GROWTH(1.1),Green Growth,I,MYS,Malaysia,A,Annual,NRGC,PT_CONS_NRG,Percentage of energy consumption,_O,Other,2020,26.83,A,Normal value,0,Units,_Z,2015.0,1.0,2.0
DATAFLOW,OECD.ENV.EPI:DSD_GG@DF_GREEN_GROWTH(1.1),Green Growth,I,MYS,Malaysia,A,Annual,NRGC,PT_CONS_NRG,Percentage of energy consumption,_O,Other,2019,26.34,A,Normal value,0,Units,_Z,2015.0,1.0,2.0
DATAFLOW,OECD.ENV.EPI:DSD_GG@DF_GREEN_GROWTH(1.1),Green Growth,I,MYS,Malaysia,A,Annual,NRGC,PT_CONS_NRG,Percentage of energy consumption,_O,Other,2018,26.56,A,Normal value,0,Units,_Z,2015.0,1.0,2.0
DATAFLOW,OECD.ENV.EPI:DSD_GG@DF_GREEN_GROWTH(1.1),Green Growth,I,MYS,Malaysia,A,Annual,NRGC,PT_CONS_NRG,Percentage of energy consumption,_O,Other,2017,26.87,A,Normal value,0,Units,_Z,2015.0,1.0,2.0
DATAFLOW,OECD.ENV.EPI:DSD_GG@DF_GREEN_GROWTH(1.1),Green Growth,I,MYS,Malaysia,A,Annual,NRGC,PT_CONS_NRG,Percentage of energy consumption,_O,Other,2016,21.78,A,Normal value,0,Units,_Z,2015.0,1.0,2.0
DATAFLOW,OECD.ENV.EPI:DSD_GG@DF_GREEN_GROWTH(1.1),Green Growth,I,MYS,Malaysia,A,Annual,NRGC,PT_CONS_NRG,Percentage of energy consumption,_O,Other,2015,17.91,A,Normal value,0,Units,_Z,2015.0,1.0,2.0
DATAFLOW,OECD.ENV.EPI:DSD_GG@DF_GREEN_GROWTH(1.1),Green Growth,I,MYS,Malaysia,A,Annual,NRGC,PT_CONS_NRG,Percentage of energy consumption,_O,Other,2014,17.79,A,Normal value,0,Units,_Z,2015.0,1.0,2.0
DATAFLOW,OECD.ENV.EPI:DSD_GG@DF_GREEN_GROWTH(1.1),Green Growth,I,MYS,Malaysia,A,Annual,NRGC,PT_CONS_NRG,Percentage of energy consumption,_O,Other,2013,23.25,A,Normal value,0,Units,_Z,2015.0,1.0,2.0
DATAFLOW,OECD.ENV.EPI:DSD_GG@DF_GREEN_GROWTH(1.1),Green Growth,I,MYS,Malaysia,A,Annual,NRGC,PT_CONS_NRG,Percentage of energy consumption,_O,Other,2012,22.39,A,Normal value,0,Units,_Z,2015.0,1.0,2.0
DATAFLOW,OECD.ENV.EPI:DSD_GG@DF_GREEN_GROWTH(1.1),Green Growth,I,MYS,Malaysia,A,Annual,NRGC,PT_CONS_NRG,Percentage of energy consumption,_O,Other,2011,21.36,A,Normal value,0,Units,_Z,2015.0,1.0,2.0
DATAFLOW,OECD.ENV.EPI:DSD_GG@DF_GREEN_GROWTH(1.1),Green Growth,I,MYS,Malaysia,A,Annual,NRGC,PT_CONS_NRG,Percentage of energy consumption,_O,Other,2010,15.62,A,Normal value,0,Units,_Z,2015.0,1.0,2.0
DATAFLOW,OECD.ENV.EPI:DSD_GG@DF_GREEN_GROWTH(1.1),Green Growth,I,MYS,Malaysia,A,Annual,NRGC,PT_CONS_NRG,Percentage of energy consumption,_O,Other,2009,17.48,A,Normal value,0,Units,_Z,2015.0,1.0,2.0
DATAFLOW,OECD.ENV.EPI:DSD_GG@DF_GREEN_GROWTH(1.1),Green Growth,I,MYS,Malaysia,A,Annual,PB_SC,PT_B1GQ,Percentage of GDP,_T,Total - all activities,2007,0.35,A,Normal value,0,Units,_Z,2015.0,3.0,2.0
DATAFLOW,OECD.ENV.EPI:DSD_GG@DF_GREEN_GROWTH(1.1),Green Growth,I,MYS,Malaysia,A,Annual,PB_SC,PT_B1GQ,Percentage of GDP,_T,Total - all activities,2006,0.36,A,Normal value,0,Units,_Z,2015.0,3.0,2.0
DATAFLOW,OECD.ENV.EPI:DSD_GG@DF_GREEN_GROWTH(1.1),Green Growth,I,MYS,Malaysia,A,Annual,PB_SC,PT_B1GQ,Percentage of GDP,_T,Total - all activities,2005,0.36,A,Normal value,0,Units,_Z,2015.0,3.0,2.0
DATAFLOW,OECD.ENV.EPI:DSD_GG@DF_GREEN_GROWTH(1.1),Green Growth,I,MYS,Malaysia,A,Annual,PB_SC,PT_B1GQ,Percentage of GDP,_T,Total - all activities,2004,0.37,A,Normal value,0,Units,_Z,2015.0,3.0,2.0
DATAFLOW,OECD.ENV.EPI:DSD_GG@DF_GREEN_GROWTH(1.1),Green Growth,I,MYS,Malaysia,A,Annual,PB_SC,PT_B1GQ,Percentage of GDP,_T,Total - all activities,2003,0.38,A,Normal value,0,Units,_Z,2015.0,3.0,2.0
DATAFLOW,OECD.ENV.EPI:DSD_GG@DF_GREEN_GROWTH(1.1),Green Growth,I,MYS,Malaysia,A,Annual,PB_SC,PT_B1GQ,Percentage of GDP,_T,Total - all activities,2002,0.38,A,Normal value,0,Units,_Z,2015.0,3.0,2.0
DATAFLOW,OECD.ENV.EPI:DSD_GG@DF_GREEN_GROWTH(1.1),Green Growth,I,MYS,Malaysia,A,Annual,PB_SC,PT_B1GQ,Percentage of GDP,_T,Total - all activities,2001,0.38,A,Normal value,0,Units,_Z,2015.0,3.0,2.0
DATAFLOW,OECD.ENV.EPI:DSD_GG@DF_GREEN_GROWTH(1.1),Green Growth,I,MYS,Malaysia,A,Annual,PB_SC,PT_B1GQ,Percentage of GDP,_T,Total - all activities,2000,0.38,A,Normal value,0,Units,_Z,2015.0,3.0,2.0
DATAFLOW,OECD.ENV.EPI:DSD_GG@DF_GREEN_GROWTH(1.1),Green Growth,I,MYS,Malaysia,A,Annual,PB_SC,PT_B1GQ,Percentage of GDP,_T,Total - all activities,2019,0.37,A,Normal value,0,Units,_Z,2015.0,3.0,2.0
DATAFLOW,OECD.ENV.EPI:DSD_GG@DF_GREEN_GROWTH(1.1),Green Growth,I,MYS,Malaysia,A,Annual,PB_SC,PT_B1GQ,Percentage of GDP,_T,Total - all activities,2018,0.36,A,Normal value,0,Units,_Z,2015.0,3.0,2.0
DATAFLOW,OECD.ENV.EPI:DSD_GG@DF_GREEN_GROWTH(1.1),Green Growth,I,MYS,Malaysia,A,Annual,PB_SC,PT_B1GQ,Percentage of GDP,_T,Total - all activities,2017,0.35,A,Normal value,0,Units,_Z,2015.0,3.0,2.0
DATAFLOW,OECD.ENV.EPI:DSD_GG@DF_GREEN_GROWTH(1.1),Green Growth,I,MYS,Malaysia,A,Annual,PB_SC,PT_B1GQ,Percentage of GDP,_T,Total - all activities,2016,0.35,A,Normal value,0,Units,_Z,2015.0,3.0,2.0
DATAFLOW,OECD.ENV.EPI:DSD_GG@DF_GREEN_GROWTH(1.1),Green Growth,I,MYS,Malaysia,A,Annual,PB_SC,PT_B1GQ,Percentage of GDP,_T,Total - all activities,2015,0.34,A,Normal value,0,Units,_Z,2015.0,3.0,2.0
DATAFLOW,OECD.ENV.EPI:DSD_GG@DF_GREEN_GROWTH(1.1),Green Growth,I,MYS,Malaysia,A,Annual,PB_SC,PT_B1GQ,Percentage of GDP,_T,Total - all activities,2014,0.34,A,Normal value,0,Units,_Z,2015.0,3.0,2.0
DATAFLOW,OECD.ENV.EPI:DSD_GG@DF_GREEN_GROWTH(1.1),Green Growth,I,MYS,Malaysia,A,Annual,PB_SC,PT_B1GQ,Percentage of GDP,_T,Total - all activities,2013,0.33,A,Normal value,0,Units,_Z,2015.0,3.0,2.0
DATAFLOW,OECD.ENV.EPI:DSD_GG@DF_GREEN_GROWTH(1.1),Green Growth,I,MYS,Malaysia,A,Annual,PB_SC,PT_B1GQ,Percentage of GDP,_T,Total - all activities,2012,0.34,A,Normal value,0,Units,_Z,2015.0,3.0,2.0
DATAFLOW,OECD.ENV.EPI:DSD_GG@DF_GREEN_GROWTH(1.1),Green Growth,I,MYS,Malaysia,A,Annual,PB_SC,PT_B1GQ,Percentage of GDP,_T,Total - all activities,2011,0.35,A,Normal value,0,Units,_Z,2015.0,3.0,2.0
DATAFLOW,OECD.ENV.EPI:DSD_GG@DF_GREEN_GROWTH(1.1),Green Growth,I,MYS,Malaysia,A,Annual,PB_SC,PT_B1GQ,Percentage of GDP,_T,Total - all activities,2010,0.36,A,Normal value,0,Units,_Z,2015.0,3.0,2.0
DATAFLOW,OECD.ENV.EPI:DSD_GG@DF_GREEN_GROWTH(1.1),Green Growth,I,MYS,Malaysia,A,Annual,PB_SC,PT_B1GQ,Percentage of GDP,_T,Total - all activities,2009,0.37,A,Normal value,0,Units,_Z,2015.0,3.0,2.0
DATAFLOW,OECD.ENV.EPI:DSD_GG@DF_GREEN_GROWTH(1.1),Green Growth,I,MYS,Malaysia,A,Annual,NRGS,TOE,Tonnes of oil equivalent,_T,Total - all activities,2007,69.79,A,Normal value,6,Millions,_Z,2015.0,1.0,2.0
DATAFLOW,OECD.ENV.EPI:DSD_GG@DF_GREEN_GROWTH(1.1),Green Growth,I,MYS,Malaysia,A,Annual,NRGS,TOE,Tonnes of oil equivalent,_T,Total - all activities,2006,65.31,A,Normal value,6,Millions,_Z,2015.0,1.0,2.0
DATAFLOW,OECD.ENV.EPI:DSD_GG@DF_GREEN_GROWTH(1.1),Green Growth,I,MYS,Malaysia,A,Annual,NRGS,TOE,Tonnes of oil equivalent,_T,Total - all activities,2005,64.98,A,Normal value,6,Millions,_Z,2015.0,1.0,2.0
DATAFLOW,OECD.ENV.EPI:DSD_GG@DF_GREEN_GROWTH(1.1),Green Growth,I,MYS,Malaysia,A,Annual,NRGS,TOE,Tonnes of oil equivalent,_T,Total - all activities,2004,59.89,A,Normal value,6,Millions,_Z,2015.0,1.0,2.0
DATAFLOW,OECD.ENV.EPI:DSD_GG@DF_GREEN_GROWTH(1.1),Green Growth,I,MYS,Malaysia,A,Annual,NRGS,TOE,Tonnes of oil equivalent,_T,Total - all activities,2003,55.64,A,Normal value,6,Millions,_Z,2015.0,1.0,2.0
DATAFLOW,OECD.ENV.EPI:DSD_GG@DF_GREEN_GROWTH(1.1),Green Growth,I,MYS,Malaysia,A,Annual,NRGS,TOE,Tonnes of oil equivalent,_T,Total - all activities,2002,51.93,A,Normal value,6,Millions,_Z,2015.0,1.0,2.0
DATAFLOW,OECD.ENV.EPI:DSD_GG@DF_GREEN_GROWTH(1.1),Green Growth,I,MYS,Malaysia,A,Annual,NRGS,TOE,Tonnes of oil equivalent,_T,Total - all activities,2001,50.26,A,Normal value,6,Millions,_Z,2015.0,1.0,2.0
DATAFLOW,OECD.ENV.EPI:DSD_GG@DF_GREEN_GROWTH(1.1),Green Growth,I,MYS,Malaysia,A,Annual,NRGS,TOE,Tonnes of oil equivalent,_T,Total - all activities,2000,48.3,A,Normal value,6,Millions,_Z,2015.0,1.0,2.0
DATAFLOW,OECD.ENV.EPI:DSD_GG@DF_GREEN_GROWTH(1.1),Green Growth,I,MYS,Malaysia,A,Annual,NRGS,TOE,Tonnes of oil equivalent,_T,Total - all activities,2020,92.21,A,Normal value,6,Millions,_Z,2015.0,1.0,2.0
DATAFLOW,OECD.ENV.EPI:DSD_GG@DF_GREEN_GROWTH(1.1),Green Growth,I,MYS,Malaysia,A,Annual,NRGS,TOE,Tonnes of oil equivalent,_T,Total - all activities,2019,96.25,A,Normal value,6,Millions,_Z,2015.0,1.0,2.0
DATAFLOW,OECD.ENV.EPI:DSD_GG@DF_GREEN_GROWTH(1.1),Green Growth,I,MYS,Malaysia,A,Annual,NRGS,TOE,Tonnes of oil equivalent,_T,Total - all activities,2018,93.45,A,Normal value,6,Millions,_Z,2015.0,1.0,2.0
DATAFLOW,OECD.ENV.EPI:DSD_GG@DF_GREEN_GROWTH(1.1),Green Growth,I,MYS,Malaysia,A,Annual,NRGS,TOE,Tonnes of oil equivalent,_T,Total - all activities,2017,84.7,A,Normal value,6,Millions,_Z,2015.0,1.0,2.0
DATAFLOW,OECD.ENV.EPI:DSD_GG@DF_GREEN_GROWTH(1.1),Green Growth,I,MYS,Malaysia,A,Annual,NRGS,TOE,Tonnes of oil equivalent,_T,Total - all activities,2016,87.71,A,Normal value,6,Millions,_Z,2015.0,1.0,2.0
DATAFLOW,OECD.ENV.EPI:DSD_GG@DF_GREEN_GROWTH(1.1),Green Growth,I,MYS,Malaysia,A,Annual,NRGS,TOE,Tonnes of oil equivalent,_T,Total - all activities,2015,84.55,A,Normal value,6,Millions,_Z,2015.0,1.0,2.0
DATAFLOW,OECD.ENV.EPI:DSD_GG@DF_GREEN_GROWTH(1.1),Green Growth,I,MYS,Malaysia,A,Annual,NRGS,TOE,Tonnes of oil equivalent,_T,Total - all activities,2014,88.4,A,Normal value,6,Millions,_Z,2015.0,1.0,2.0
DATAFLOW,OECD.ENV.EPI:DSD_GG@DF_GREEN_GROWTH(1.1),Green Growth,I,MYS,Malaysia,A,Annual,NRGS,TOE,Tonnes of oil equivalent,_T,Total - all activities,2013,86.59,A,Normal value,6,Millions,_Z,2015.0,1.0,2.0
DATAFLOW,OECD.ENV.EPI:DSD_GG@DF_GREEN_GROWTH(1.1),Green Growth,I,MYS,Malaysia,A,Annual,NRGS,TOE,Tonnes of oil equivalent,_T,Total - all activities,2012,76.75,A,Normal value,6,Millions,_Z,2015.0,1.0,2.0
DATAFLOW,OECD.ENV.EPI:DSD_GG@DF_GREEN_GROWTH(1.1),Green Growth,I,MYS,Malaysia,A,Annual,NRGS,TOE,Tonnes of oil equivalent,_T,Total - all activities,2011,75.57,A,Normal value,6,Millions,_Z,2015.0,1.0,2.0
DATAFLOW,OECD.ENV.EPI:DSD_GG@DF_GREEN_GROWTH(1.1),Green Growth,I,MYS,Malaysia,A,Annual,NRGS,TOE,Tonnes of oil equivalent,_T,Total - all activities,2010,72.49,A,Normal value,6,Millions,_Z,2015.0,1.0,2.0
DATAFLOW,OECD.ENV.EPI:DSD_GG@DF_GREEN_GROWTH(1.1),Green Growth,I,MYS,Malaysia,A,Annual,NRGS,TOE,Tonnes of oil equivalent,_T,Total - all activities,2009,69.86,A,Normal value,6,Millions,_Z,2015.0,1.0,2.0
DATAFLOW,OECD.ENV.EPI:DSD_GG@DF_GREEN_GROWTH(1.1),Green Growth,I,MYS,Malaysia,A,Annual,CO2_DBEMCAP,T_CO2E_PS,Tonnes of CO2-equivalent per person,_T,Total - all activities,2007,3.97,A,Normal value,0,Units,_Z,2015.0,2.0,2.0
DATAFLOW,OECD.ENV.EPI:DSD_GG@DF_GREEN_GROWTH(1.1),Green Growth,I,MYS,Malaysia,A,Annual,CO2_DBEMCAP,T_CO2E_PS,Tonnes of CO2-equivalent per person,_T,Total - all activities,2006,3.58,A,Normal value,0,Units,_Z,2015.0,2.0,2.0
DATAFLOW,OECD.ENV.EPI:DSD_GG@DF_GREEN_GROWTH(1.1),Green Growth,I,MYS,Malaysia,A,Annual,CO2_DBEMCAP,T_CO2E_PS,Tonnes of CO2-equivalent per person,_T,Total - all activities,2005,3.64,A,Normal value,0,Units,_Z,2015.0,2.0,2.0
DATAFLOW,OECD.ENV.EPI:DSD_GG@DF_GREEN_GROWTH(1.1),Green Growth,I,MYS,Malaysia,A,Annual,CO2_DBEMCAP,T_CO2E_PS,Tonnes of CO2-equivalent per person,_T,Total - all activities,2004,3.55,A,Normal value,0,Units,_Z,2015.0,2.0,2.0
DATAFLOW,OECD.ENV.EPI:DSD_GG@DF_GREEN_GROWTH(1.1),Green Growth,I,MYS,Malaysia,A,Annual,CO2_DBEMCAP,T_CO2E_PS,Tonnes of CO2-equivalent per person,_T,Total - all activities,2003,3.4,A,Normal value,0,Units,_Z,2015.0,2.0,2.0
DATAFLOW,OECD.ENV.EPI:DSD_GG@DF_GREEN_GROWTH(1.1),Green Growth,I,MYS,Malaysia,A,Annual,CO2_DBEMCAP,T_CO2E_PS,Tonnes of CO2-equivalent per person,_T,Total - all activities,2002,3.55,A,Normal value,0,Units,_Z,2015.0,2.0,2.0
DATAFLOW,OECD.ENV.EPI:DSD_GG@DF_GREEN_GROWTH(1.1),Green Growth,I,MYS,Malaysia,A,Annual,CO2_DBEMCAP,T_CO2E_PS,Tonnes of CO2-equivalent per person,_T,Total - all activities,2001,3.29,A,Normal value,0,Units,_Z,2015.0,2.0,2.0
DATAFLOW,OECD.ENV.EPI:DSD_GG@DF_GREEN_GROWTH(1.1),Green Growth,I,MYS,Malaysia,A,Annual,CO2_DBEMCAP,T_CO2E_PS,Tonnes of CO2-equivalent per person,_T,Total - all activities,2000,2.88,A,Normal value,0,Units,_Z,2015.0,2.0,2.0
DATAFLOW,OECD.ENV.EPI:DSD_GG@DF_GREEN_GROWTH(1.1),Green Growth,I,MYS,Malaysia,A,Annual,CO2_DBEMCAP,T_CO2E_PS,Tonnes of CO2-equivalent per person,_T,Total - all activities,2018,5.88,A,Normal value,0,Units,_Z,2015.0,2.0,2.0
DATAFLOW,OECD.ENV.EPI:DSD_GG@DF_GREEN_GROWTH(1.1),Green Growth,I,MYS,Malaysia,A,Annual,CO2_DBEMCAP,T_CO2E_PS,Tonnes of CO2-equivalent per person,_T,Total - all activities,2017,5.6,A,Normal value,0,Units,_Z,2015.0,2.0,2.0
DATAFLOW,OECD.ENV.EPI:DSD_GG@DF_GREEN_GROWTH(1.1),Green Growth,I,MYS,Malaysia,A,Annual,CO2_DBEMCAP,T_CO2E_PS,Tonnes of CO2-equivalent per person,_T,Total - all activities,2016,5.66,A,Normal value,0,Units,_Z,2015.0,2.0,2.0
DATAFLOW,OECD.ENV.EPI:DSD_GG@DF_GREEN_GROWTH(1.1),Green Growth,I,MYS,Malaysia,A,Annual,CO2_DBEMCAP,T_CO2E_PS,Tonnes of CO2-equivalent per person,_T,Total - all activities,2015,5.69,A,Normal value,0,Units,_Z,2015.0,2.0,2.0
DATAFLOW,OECD.ENV.EPI:DSD_GG@DF_GREEN_GROWTH(1.1),Green Growth,I,MYS,Malaysia,A,Annual,CO2_DBEMCAP,T_CO2E_PS,Tonnes of CO2-equivalent per person,_T,Total - all activities,2014,5.91,A,Normal value,0,Units,_Z,2015.0,2.0,2.0
DATAFLOW,OECD.ENV.EPI:DSD_GG@DF_GREEN_GROWTH(1.1),Green Growth,I,MYS,Malaysia,A,Annual,CO2_DBEMCAP,T_CO2E_PS,Tonnes of CO2-equivalent per person,_T,Total - all activities,2013,5.82,A,Normal value,0,Units,_Z,2015.0,2.0,2.0
DATAFLOW,OECD.ENV.EPI:DSD_GG@DF_GREEN_GROWTH(1.1),Green Growth,I,MYS,Malaysia,A,Annual,CO2_DBEMCAP,T_CO2E_PS,Tonnes of CO2-equivalent per person,_T,Total - all activities,2012,5.32,A,Normal value,0,Units,_Z,2015.0,2.0,2.0
DATAFLOW,OECD.ENV.EPI:DSD_GG@DF_GREEN_GROWTH(1.1),Green Growth,I,MYS,Malaysia,A,Annual,CO2_DBEMCAP,T_CO2E_PS,Tonnes of CO2-equivalent per person,_T,Total - all activities,2011,4.94,A,Normal value,0,Units,_Z,2015.0,2.0,2.0
DATAFLOW,OECD.ENV.EPI:DSD_GG@DF_GREEN_GROWTH(1.1),Green Growth,I,MYS,Malaysia,A,Annual,CO2_DBEMCAP,T_CO2E_PS,Tonnes of CO2-equivalent per person,_T,Total - all activities,2010,5.03,A,Normal value,0,Units,_Z,2015.0,2.0,2.0
DATAFLOW,OECD.ENV.EPI:DSD_GG@DF_GREEN_GROWTH(1.1),Green Growth,I,MYS,Malaysia,A,Annual,CO2_DBEMCAP,T_CO2E_PS,Tonnes of CO2-equivalent per person,_T,Total - all activities,2009,4.1,A,Normal value,0,Units,_Z,2015.0,2.0,2.0
DATAFLOW,OECD.ENV.EPI:DSD_GG@DF_GREEN_GROWTH(1.1),Green Growth,I,MYS,Malaysia,A,Annual,MAT,_X,Unspecified,_T,Total - all activities,2009,9.675,A,Normal value,0,Units,,2015.0,2.0,2.0
DATAFLOW,OECD.ENV.EPI:DSD_GG@DF_GREEN_GROWTH(1.1),Green Growth,I,MYS,Malaysia,A,Annual,MAT,_X,Unspecified,_T,Total - all activities,2008,9.675,A,Normal value,0,Units,,2015.0,2.0,2.0
DATAFLOW,OECD.ENV.EPI:DSD_GG@DF_GREEN_GROWTH(1.1),Green Growth,I,MYS,Malaysia,A,Annual,MAT,_X,Unspecified,_T,Total - all activities,2007,9.675,A,Normal value,0,Units,,2015.0,2.0,2.0
DATAFLOW,OECD.ENV.EPI:DSD_GG@DF_GREEN_GROWTH(1.1),Green Growth,I,MYS,Malaysia,A,Annual,MAT,_X,Unspecified,_T,Total - all activities,2006,9.675,A,Normal value,0,Units,,2015.0,2.0,2.0
DATAFLOW,OECD.ENV.EPI:DSD_GG@DF_GREEN_GROWTH(1.1),Green Growth,I,MYS,Malaysia,A,Annual,MAT,_X,Unspecified,_T,Total - all activities,2005,9.675,A,Normal value,0,Units,,2015.0,2.0,2.0
DATAFLOW,OECD.ENV.EPI:DSD_GG@DF_GREEN_GROWTH(1.1),Green Growth,I,MYS,Malaysia,A,Annual,MAT,_X,Unspecified,_T,Total - all activities,2004,9.675,A,Normal value,0,Units,,2015.0,2.0,2.0
DATAFLOW,OECD.ENV.EPI:DSD_GG@DF_GREEN_GROWTH(1.1),Green Growth,I,MYS,Malaysia,A,Annual,MAT,_X,Unspecified,_T,Total - all activities,2003,9.675,A,Normal value,0,Units,,2015.0,2.0,2.0
DATAFLOW,OECD.ENV.EPI:DSD_GG@DF_GREEN_GROWTH(1.1),Green Growth,I,MYS,Malaysia,A,Annual,MAT,_X,Unspecified,_T,Total - all activities,2002,9.675,A,Normal value,0,Units,,2015.0,2.0,2.0
DATAFLOW,OECD.ENV.EPI:DSD_GG@DF_GREEN_GROWTH(1.1),Green Growth,I,MYS,Malaysia,A,Annual,MAT,_X,Unspecified,_T,Total - all activities,2001,9.675,A,Normal value,0,Units,,2015.0,2.0,2.0
DATAFLOW,OECD.ENV.EPI:DSD_GG@DF_GREEN_GROWTH(1.1),Green Growth,I,MYS,Malaysia,A,Annual,MAT,_X,Unspecified,_T,Total - all activities,2000,9.675,A,Normal value,0,Units,,2015.0,2.0,2.0
DATAFLOW,OECD.ENV.EPI:DSD_GG@DF_GREEN_GROWTH(1.1),Green Growth,I,MYS,Malaysia,A,Annual,MAT,_X,Unspecified,_T,Total - all activities,2022,9.675,A,Normal value,0,Units,,2015.0,2.0,2.0
DATAFLOW,OECD.ENV.EPI:DSD_GG@DF_GREEN_GROWTH(1.1),Green Growth,I,MYS,Malaysia,A,Annual,MAT,_X,Unspecified,_T,Total - all activities,2021,9.675,A,Normal value,0,Units,,2015.0,2.0,2.0
DATAFLOW,OECD.ENV.EPI:DSD_GG@DF_GREEN_GROWTH(1.1),Green Growth,I,MYS,Malaysia,A,Annual,MAT,_X,Unspecified,_T,Total - all activities,2020,9.675,A,Normal value,0,Units,,2015.0,2.0,2.0
DATAFLOW,OECD.ENV.EPI:DSD_GG@DF_GREEN_GROWTH(1.1),Green Growth,I,MYS,Malaysia,A,Annual,MAT,_X,Unspecified,_T,Total - all activities,2019,9.675,A,Normal value,0,Units,,2015.0,2.0,2.0
DATAFLOW,OECD.ENV.EPI:DSD_GG@DF_GREEN_GROWTH(1.1),Green Growth,I,MYS,Malaysia,A,Annual,MAT,_X,Unspecified,_T,Total - all activities,2018,9.675,A,Normal value,0,Units,,2015.0,2.0,2.0
DATAFLOW,OECD.ENV.EPI:DSD_GG@DF_GREEN_GROWTH(1.1),Green Growth,I,MYS,Malaysia,A,Annual,MAT,_X,Unspecified,_T,Total - all activities,2017,9.675,A,Normal value,0,Units,,2015.0,2.0,2.0
DATAFLOW,OECD.ENV.EPI:DSD_GG@DF_GREEN_GROWTH(1.1),Green Growth,I,MYS,Malaysia,A,Annual,MAT,_X,Unspecified,_T,Total - all activities,2016,9.675,A,Normal value,0,Units,,2015.0,2.0,2.0
DATAFLOW,OECD.ENV.EPI:DSD_GG@DF_GREEN_GROWTH(1.1),Green Growth,I,MYS,Malaysia,A,Annual,MAT,_X,Unspecified,_T,Total - all activities,2015,9.675,A,Normal value,0,Units,,2015.0,2.0,2.0
DATAFLOW,OECD.ENV.EPI:DSD_GG@DF_GREEN_GROWTH(1.1),Green Growth,I,MYS,Malaysia,A,Annual,MAT,_X,Unspecified,_T,Total - all activities,2014,9.675,A,Normal value,0,Units,,2015.0,2.0,2.0
DATAFLOW,OECD.ENV.EPI:DSD_GG@DF_GREEN_GROWTH(1.1),Green Growth,I,MYS,Malaysia,A,Annual,MAT,_X,Unspecified,_T,Total - all activities,2013,9.675,A,Normal value,0,Units,,2015.0,2.0,2.0
DATAFLOW,OECD.ENV.EPI:DSD_GG@DF_GREEN_GROWTH(1.1),Green Growth,I,MYS,Malaysia,A,Annual,MAT,_X,Unspecified,_T,Total - all activities,2012,9.675,A,Normal value,0,Units,,2015.0,2.0,2.0
DATAFLOW,OECD.ENV.EPI:DSD_GG@DF_GREEN_GROWTH(1.1),Green Growth,I,MYS,Malaysia,A,Annual,MAT,_X,Unspecified,_T,Total - all activities,2011,9.675,A,Normal value,0,Units,,2015.0,2.0,2.0
DATAFLOW,OECD.ENV.EPI:DSD_GG@DF_GREEN_GROWTH(1.1),Green Growth,I,MYS,Malaysia,A,Annual,WATER,_X,Unspecified,_T,Total - all activities,2009,9.675,A,Normal value,0,Units,,2015.0,2.0,2.0
DATAFLOW,OECD.ENV.EPI:DSD_GG@DF_GREEN_GROWTH(1.1),Green Growth,I,MYS,Malaysia,A,Annual,WATER,_X,Unspecified,_T,Total - all activities,2008,9.675,A,Normal value,0,Units,,2015.0,2.0,2.0
DATAFLOW,OECD.ENV.EPI:DSD_GG@DF_GREEN_GROWTH(1.1),Green Growth,I,MYS,Malaysia,A,Annual,WATER,_X,Unspecified,_T,Total - all activities,2007,9.675,A,Normal value,0,Units,,2015.0,2.0,2.0
DATAFLOW,OECD.ENV.EPI:DSD_GG@DF_GREEN_GROWTH(1.1),Green Growth,I,MYS,Malaysia,A,Annual,WATER,_X,Unspecified,_T,Total - all activities,2006,9.675,A,Normal value,0,Units,,2015.0,2.0,2.0
DATAFLOW,OECD.ENV.EPI:DSD_GG@DF_GREEN_GROWTH(1.1),Green Growth,I,MYS,Malaysia,A,Annual,WATER,_X,Unspecified,_T,Total - all activities,2005,9.675,A,Normal value,0,Units,,2015.0,2.0,2.0
DATAFLOW,OECD.ENV.EPI:DSD_GG@DF_GREEN_GROWTH(1.1),Green Growth,I,MYS,Malaysia,A,Annual,WATER,_X,Unspecified,_T,Total - all activities,2004,9.675,A,Normal value,0,Units,,2015.0,2.0,2.0
DATAFLOW,OECD.ENV.EPI:DSD_GG@DF_GREEN_GROWTH(1.1),Green Growth,I,MYS,Malaysia,A,Annual,WATER,_X,Unspecified,_T,Total - all activities,2003,9.675,A,Normal value,0,Units,,2015.0,2.0,2.0
DATAFLOW,OECD.ENV.EPI:DSD_GG@DF_GREEN_GROWTH(1.1),Green Growth,I,MYS,Malaysia,A,Annual,WATER,_X,Unspecified,_T,Total - all activities,2002,9.675,A,Normal value,0,Units,,2015.0,2.0,2.0
DATAFLOW,OECD.ENV.EPI:DSD_GG@DF_GREEN_GROWTH(1.1),Green Growth,I,MYS,Malaysia,A,Annual,WATER,_X,Unspecified,_T,Total - all activities,2001,9.675,A,Normal value,0,Units,,2015.0,2.0,2.0
DATAFLOW,OECD.ENV.EPI:DSD_GG@DF_GREEN_GROWTH(1.1),Green Growth,I,MYS,Malaysia,A,Annual,WATER,_X,Unspecified,_T,Total - all activities,2000,9.675,A,Normal value,0,Units,,2015.0,2.0,2.0
DATAFLOW,OECD.ENV.EPI:DSD_GG@DF_GREEN_GROWTH(1.1),Green Growth,I,MYS,Malaysia,A,Annual,WATER,_X,Unspecified,_T,Total - all activities,2022,9.675,A,Normal value,0,Units,,2015.0,2.0,2.0
DATAFLOW,OECD.ENV.EPI:DSD_GG@DF_GREEN_GROWTH(1.1),Green Growth,I,MYS,Malaysia,A,Annual,WATER,_X,Unspecified,_T,Total - all activities,2021,9.675,A,Normal value,0,Units,,2015.0,2.0,2.0
DATAFLOW,OECD.ENV.EPI:DSD_GG@DF_GREEN_GROWTH(1.1),Green Growth,I,MYS,Malaysia,A,Annual,WATER,_X,Unspecified,_T,Total - all activities,2020,9.675,A,Normal value,0,Units,,2015.0,2.0,2.0
DATAFLOW,OECD.ENV.EPI:DSD_GG@DF_GREEN_GROWTH(1.1),Green Growth,I,MYS,Malaysia,A,Annual,WATER,_X,Unspecified,_T,Total - all activities,2019,9.675,A,Normal value,0,Units,,2015.0,2.0,2.0
DATAFLOW,OECD.ENV.EPI:DSD_GG@DF_GREEN_GROWTH(1.1),Green Growth,I,MYS,Malaysia,A,Annual,WATER,_X,Unspecified,_T,Total - all activities,2018,9.675,A,Normal value,0,Units,,2015.0,2.0,2.0
DATAFLOW,OECD.ENV.EPI:DSD_GG@DF_GREEN_GROWTH(1.1),Green Growth,I,MYS,Malaysia,A,Annual,WATER,_X,Unspecified,_T,Total - all activities,2017,9.675,A,Normal value,0,Units,,2015.0,2.0,2.0
DATAFLOW,OECD.ENV.EPI:DSD_GG@DF_GREEN_GROWTH(1.1),Green Growth,I,MYS,Malaysia,A,Annual,WATER,_X,Unspecified,_T,Total - all activities,2016,9.675,A,Normal value,0,Units,,2015.0,2.0,2.0
DATAFLOW,OECD.ENV.EPI:DSD_GG@DF_GREEN_GROWTH(1.1),Green Growth,I,MYS,Malaysia,A,Annual,WATER,_X,Unspecified,_T,Total - all activities,2015,9.675,A,Normal value,0,Units,,2015.0,2.0,2.0
DATAFLOW,OECD.ENV.EPI:DSD_GG@DF_GREEN_GROWTH(1.1),Green Growth,I,MYS,Malaysia,A,Annual,WATER,_X,Unspecified,_T,Total - all activities,2014,9.675,A,Normal value,0,Units,,2015.0,2.0,2.0
DATAFLOW,OECD.ENV.EPI:DSD_GG@DF_GREEN_GROWTH(1.1),Green Growth,I,MYS,Malaysia,A,Annual,WATER,_X,Unspecified,_T,Total - all activities,2013,9.675,A,Normal value,0,Units,,2015.0,2.0,2.0
DATAFLOW,OECD.ENV.EPI:DSD_GG@DF_GREEN_GROWTH(1.1),Green Growth,I,MYS,Malaysia,A,Annual,WATER,_X,Unspecified,_T,Total - all activities,2012,9.675,A,Normal value,0,Units,,2015.0,2.0,2.0
DATAFLOW,OECD.ENV.EPI:DSD_GG@DF_GREEN_GROWTH(1.1),Green Growth,I,MYS,Malaysia,A,Annual,WATER,_X,Unspecified,_T,Total - all activities,2011,9.675,A,Normal value,0,Units,,2015.0,2.0,2.0
DATAFLOW,OECD.ENV.EPI:DSD_GG@DF_GREEN_GROWTH(1.1),Green Growth,I,MYS,Malaysia,A,Annual,POPDEN,HB_KM2,Inhabitants per square kilometre,_T,Total - all activities,2005,78.37,E,Estimated value,0,Units,_Z,2015.0,1.0,2.0
DATAFLOW,OECD.ENV.EPI:DSD_GG@DF_GREEN_GROWTH(1.1),Green Growth,I,MYS,Malaysia,A,Annual,POPDEN,HB_KM2,Inhabitants per square kilometre,_T,Total - all activities,2004,76.58,E,Estimated value,0,Units,_Z,2015.0,1.0,2.0
DATAFLOW,OECD.ENV.EPI:DSD_GG@DF_GREEN_GROWTH(1.1),Green Growth,I,MYS,Malaysia,A,Annual,POPDEN,HB_KM2,Inhabitants per square kilometre,_T,Total - all activities,2003,74.79,E,Estimated value,0,Units,_Z,2015.0,1.0,2.0
DATAFLOW,OECD.ENV.EPI:DSD_GG@DF_GREEN_GROWTH(1.1),Green Growth,I,MYS,Malaysia,A,Annual,POPDEN,HB_KM2,Inhabitants per square kilometre,_T,Total - all activities,2002,72.98,E,Estimated value,0,Units,_Z,2015.0,1.0,2.0
DATAFLOW,OECD.ENV.EPI:DSD_GG@DF_GREEN_GROWTH(1.1),Green Growth,I,MYS,Malaysia,A,Annual,POPDEN,HB_KM2,Inhabitants per square kilometre,_T,Total - all activities,2001,71.17,E,Estimated value,0,Units,_Z,2015.0,1.0,2.0
DATAFLOW,OECD.ENV.EPI:DSD_GG@DF_GREEN_GROWTH(1.1),Green Growth,I,MYS,Malaysia,A,Annual,POPDEN,HB_KM2,Inhabitants per square kilometre,_T,Total - all activities,2000,69.36,E,Estimated value,0,Units,_Z,2015.0,1.0,2.0
DATAFLOW,OECD.ENV.EPI:DSD_GG@DF_GREEN_GROWTH(1.1),Green Growth,I,MYS,Malaysia,A,Annual,POPDEN,HB_KM2,Inhabitants per square kilometre,_T,Total - all activities,2021,101.66,E,Estimated value,0,Units,_Z,2015.0,1.0,2.0
DATAFLOW,OECD.ENV.EPI:DSD_GG@DF_GREEN_GROWTH(1.1),Green Growth,I,MYS,Malaysia,A,Annual,POPDEN,HB_KM2,Inhabitants per square kilometre,_T,Total - all activities,2020,100.53,E,Estimated value,0,Units,_Z,2015.0,1.0,2.0
DATAFLOW,OECD.ENV.EPI:DSD_GG@DF_GREEN_GROWTH(1.1),Green Growth,I,MYS,Malaysia,A,Annual,POPDEN,HB_KM2,Inhabitants per square kilometre,_T,Total - all activities,2019,99.33,E,Estimated value,0,Units,_Z,2015.0,1.0,2.0
DATAFLOW,OECD.ENV.EPI:DSD_GG@DF_GREEN_GROWTH(1.1),Green Growth,I,MYS,Malaysia,A,Annual,POPDEN,HB_KM2,Inhabitants per square kilometre,_T,Total - all activities,2018,98.02,E,Estimated value,0,Units,_Z,2015.0,1.0,2.0
DATAFLOW,OECD.ENV.EPI:DSD_GG@DF_GREEN_GROWTH(1.1),Green Growth,I,MYS,Malaysia,A,Annual,POPDEN,HB_KM2,Inhabitants per square kilometre,_T,Total - all activities,2017,96.71,E,Estimated value,0,Units,_Z,2015.0,1.0,2.0
DATAFLOW,OECD.ENV.EPI:DSD_GG@DF_GREEN_GROWTH(1.1),Green Growth,I,MYS,Malaysia,A,Annual,POPDEN,HB_KM2,Inhabitants per square kilometre,_T,Total - all activities,2016,95.33,E,Estimated value,0,Units,_Z,2015.0,1.0,2.0
DATAFLOW,OECD.ENV.EPI:DSD_GG@DF_GREEN_GROWTH(1.1),Green Growth,I,MYS,Malaysia,A,Annual,POPDEN,HB_KM2,Inhabitants per square kilometre,_T,Total - all activities,2015,94.05,E,Estimated value,0,Units,_Z,2015.0,1.0,2.0
DATAFLOW,OECD.ENV.EPI:DSD_GG@DF_GREEN_GROWTH(1.1),Green Growth,I,MYS,Malaysia,A,Annual,POPDEN,HB_KM2,Inhabitants per square kilometre,_T,Total - all activities,2014,92.64,E,Estimated value,0,Units,_Z,2015.0,1.0,2.0
DATAFLOW,OECD.ENV.EPI:DSD_GG@DF_GREEN_GROWTH(1.1),Green Growth,I,MYS,Malaysia,A,Annual,POPDEN,HB_KM2,Inhabitants per square kilometre,_T,Total - all activities,2013,91.21,E,Estimated value,0,Units,_Z,2015.0,1.0,2.0
DATAFLOW,OECD.ENV.EPI:DSD_GG@DF_GREEN_GROWTH(1.1),Green Growth,I,MYS,Malaysia,A,Annual,POPDEN,HB_KM2,Inhabitants per square kilometre,_T,Total - all activities,2012,89.66,E,Estimated value,0,Units,_Z,2015.0,1.0,2.0
DATAFLOW,OECD.ENV.EPI:DSD_GG@DF_GREEN_GROWTH(1.1),Green Growth,I,MYS,Malaysia,A,Annual,POPDEN,HB_KM2,Inhabitants per square kilometre,_T,Total - all activities,2011,88.22,E,Estimated value,0,Units,_Z,2015.0,1.0,2.0
DATAFLOW,OECD.ENV.EPI:DSD_GG@DF_GREEN_GROWTH(1.1),Green Growth,I,MYS,Malaysia,A,Annual,POPDEN,HB_KM2,Inhabitants per square kilometre,_T,Total - all activities,2010,86.81,E,Estimated value,0,Units,_Z,2015.0,1.0,2.0
DATAFLOW,OECD.ENV.EPI:DSD_GG@DF_GREEN_GROWTH(1.1),Green Growth,I,MYS,Malaysia,A,Annual,POPDEN,HB_KM2,Inhabitants per square kilometre,_T,Total - all activities,2009,85.3,E,Estimated value,0,Units,_Z,2015.0,1.0,2.0
DATAFLOW,OECD.ENV.EPI:DSD_GG@DF_GREEN_GROWTH(1.1),Green Growth,I,MYS,Malaysia,A,Annual,POPDEN,HB_KM2,Inhabitants per square kilometre,_T,Total - all activities,2008,83.63,E,Estimated value,0,Units,_Z,2015.0,1.0,2.0
DATAFLOW,OECD.ENV.EPI:DSD_GG@DF_GREEN_GROWTH(1.1),Green Growth,I,MYS,Malaysia,A,Annual,POPDEN,HB_KM2,Inhabitants per square kilometre,_T,Total - all activities,2007,81.9,E,Estimated value,0,Units,_Z,2015.0,1.0,2.0
DATAFLOW,OECD.ENV.EPI:DSD_GG@DF_GREEN_GROWTH(1.1),Green Growth,I,MYS,Malaysia,A,Annual,NRGC,PT_CONS_NRG,Percentage of energy consumption,A,"Agriculture, forestry and fishing",2007,0.6,A,Normal value,0,Units,_Z,2015.0,1.0,2.0
DATAFLOW,OECD.ENV.EPI:DSD_GG@DF_GREEN_GROWTH(1.1),Green Growth,I,MYS,Malaysia,A,Annual,NRGC,PT_CONS_NRG,Percentage of energy consumption,A,"Agriculture, forestry and fishing",2006,0.65,A,Normal value,0,Units,_Z,2015.0,1.0,2.0
DATAFLOW,OECD.ENV.EPI:DSD_GG@DF_GREEN_GROWTH(1.1),Green Growth,I,MYS,Malaysia,A,Annual,NRGC,PT_CONS_NRG,Percentage of energy consumption,A,"Agriculture, forestry and fishing",2005,0.27,A,Normal value,0,Units,_Z,2015.0,1.0,2.0
DATAFLOW,OECD.ENV.EPI:DSD_GG@DF_GREEN_GROWTH(1.1),Green Growth,I,MYS,Malaysia,A,Annual,NRGC,PT_CONS_NRG,Percentage of energy consumption,A,"Agriculture, forestry and fishing",2004,0.24,A,Normal value,0,Units,_Z,2015.0,1.0,2.0
DATAFLOW,OECD.ENV.EPI:DSD_GG@DF_GREEN_GROWTH(1.1),Green Growth,I,MYS,Malaysia,A,Annual,NRGC,PT_CONS_NRG,Percentage of energy consumption,A,"Agriculture, forestry and fishing",2003,0.29,A,Normal value,0,Units,_Z,2015.0,1.0,2.0
DATAFLOW,OECD.ENV.EPI:DSD_GG@DF_GREEN_GROWTH(1.1),Green Growth,I,MYS,Malaysia,A,Annual,NRGC,PT_CONS_NRG,Percentage of energy consumption,A,"Agriculture, forestry and fishing",2002,0.29,A,Normal value,0,Units,_Z,2015.0,1.0,2.0
DATAFLOW,OECD.ENV.EPI:DSD_GG@DF_GREEN_GROWTH(1.1),Green Growth,I,MYS,Malaysia,A,Annual,NRGC,PT_CONS_NRG,Percentage of energy consumption,A,"Agriculture, forestry and fishing",2001,0.32,A,Normal value,0,Units,_Z,2015.0,1.0,2.0
DATAFLOW,OECD.ENV.EPI:DSD_GG@DF_GREEN_GROWTH(1.1),Green Growth,I,MYS,Malaysia,A,Annual,NRGC,PT_CONS_NRG,Percentage of energy consumption,A,"Agriculture, forestry and fishing",2000,0.36,A,Normal value,0,Units,_Z,2015.0,1.0,2.0
DATAFLOW,OECD.ENV.EPI:DSD_GG@DF_GREEN_GROWTH(1.1),Green Growth,I,MYS,Malaysia,A,Annual,NRGC,PT_CONS_NRG,Percentage of energy consumption,A,"Agriculture, forestry and fishing",2020,1.44,A,Normal value,0,Units,_Z,2015.0,1.0,2.0
DATAFLOW,OECD.ENV.EPI:DSD_GG@DF_GREEN_GROWTH(1.1),Green Growth,I,MYS,Malaysia,A,Annual,NRGC,PT_CONS_NRG,Percentage of energy consumption,A,"Agriculture, forestry and fishing",2019,1.44,A,Normal value,0,Units,_Z,2015.0,1.0,2.0
DATAFLOW,OECD.ENV.EPI:DSD_GG@DF_GREEN_GROWTH(1.1),Green Growth,I,MYS,Malaysia,A,Annual,NRGC,PT_CONS_NRG,Percentage of energy consumption,A,"Agriculture, forestry and fishing",2018,1.63,A,Normal value,0,Units,_Z,2015.0,1.0,2.0
DATAFLOW,OECD.ENV.EPI:DSD_GG@DF_GREEN_GROWTH(1.1),Green Growth,I,MYS,Malaysia,A,Annual,NRGC,PT_CONS_NRG,Percentage of energy consumption,A,"Agriculture, forestry and fishing",2017,1.71,A,Normal value,0,Units,_Z,2015.0,1.0,2.0
DATAFLOW,OECD.ENV.EPI:DSD_GG@DF_GREEN_GROWTH(1.1),Green Growth,I,MYS,Malaysia,A,Annual,NRGC,PT_CONS_NRG,Percentage of energy consumption,A,"Agriculture, forestry and fishing",2016,0.75,A,Normal value,0,Units,_Z,2015.0,1.0,2.0
DATAFLOW,OECD.ENV.EPI:DSD_GG@DF_GREEN_GROWTH(1.1),Green Growth,I,MYS,Malaysia,A,Annual,NRGC,PT_CONS_NRG,Percentage of energy consumption,A,"Agriculture, forestry and fishing",2015,1.8,A,Normal value,0,Units,_Z,2015.0,1.0,2.0
DATAFLOW,OECD.ENV.EPI:DSD_GG@DF_GREEN_GROWTH(1.1),Green Growth,I,MYS,Malaysia,A,Annual,NRGC,PT_CONS_NRG,Percentage of energy consumption,A,"Agriculture, forestry and fishing",2014,1.98,A,Normal value,0,Units,_Z,2015.0,1.0,2.0
DATAFLOW,OECD.ENV.EPI:DSD_GG@DF_GREEN_GROWTH(1.1),Green Growth,I,MYS,Malaysia,A,Annual,NRGC,PT_CONS_NRG,Percentage of energy consumption,A,"Agriculture, forestry and fishing",2013,1.99,A,Normal value,0,Units,_Z,2015.0,1.0,2.0
DATAFLOW,OECD.ENV.EPI:DSD_GG@DF_GREEN_GROWTH(1.1),Green Growth,I,MYS,Malaysia,A,Annual,NRGC,PT_CONS_NRG,Percentage of energy consumption,A,"Agriculture, forestry and fishing",2012,2.26,A,Normal value,0,Units,_Z,2015.0,1.0,2.0
DATAFLOW,OECD.ENV.EPI:DSD_GG@DF_GREEN_GROWTH(1.1),Green Growth,I,MYS,Malaysia,A,Annual,NRGC,PT_CONS_NRG,Percentage of energy consumption,A,"Agriculture, forestry and fishing",2011,2.09,A,Normal value,0,Units,_Z,2015.0,1.0,2.0
DATAFLOW,OECD.ENV.EPI:DSD_GG@DF_GREEN_GROWTH(1.1),Green Growth,I,MYS,Malaysia,A,Annual,NRGC,PT_CONS_NRG,Percentage of energy consumption,A,"Agriculture, forestry and fishing",2010,2.57,A,Normal value,0,Units,_Z,2015.0,1.0,2.0
DATAFLOW,OECD.ENV.EPI:DSD_GG@DF_GREEN_GROWTH(1.1),Green Growth,I,MYS,Malaysia,A,Annual,NRGC,PT_CONS_NRG,Percentage of energy consumption,A,"Agriculture, forestry and fishing",2009,0.52,A,Normal value,0,Units,_Z,2015.0,1.0,2.0
DATAFLOW,OECD.ENV.EPI:DSD_GG@DF_GREEN_GROWTH(1.1),Green Growth,I,MYS,Malaysia,A,Annual,PM_PWM,M3,Cubic metres,_T,Total - all activities,2011,17.37,A,Normal value,0,Units,_Z,2015.0,3.0,2.0
DATAFLOW,OECD.ENV.EPI:DSD_GG@DF_GREEN_GROWTH(1.1),Green Growth,I,MYS,Malaysia,A,Annual,PM_PWM,M3,Cubic metres,_T,Total - all activities,2010,18.28,A,Normal value,0,Units,_Z,2015.0,3.0,2.0
DATAFLOW,OECD.ENV.EPI:DSD_GG@DF_GREEN_GROWTH(1.1),Green Growth,I,MYS,Malaysia,A,Annual,PM_PWM,M3,Cubic metres,_T,Total - all activities,2005,20.1,A,Normal value,0,Units,_Z,2015.0,3.0,2.0
DATAFLOW,OECD.ENV.EPI:DSD_GG@DF_GREEN_GROWTH(1.1),Green Growth,I,MYS,Malaysia,A,Annual,PM_PWM,M3,Cubic metres,_T,Total - all activities,2000,20.58,A,Normal value,0,Units,_Z,2015.0,3.0,2.0
DATAFLOW,OECD.ENV.EPI:DSD_GG@DF_GREEN_GROWTH(1.1),Green Growth,I,MYS,Malaysia,A,Annual,PM_PWM,M3,Cubic metres,_T,Total - all activities,2019,16.55,A,Normal value,0,Units,_Z,2015.0,3.0,2.0
DATAFLOW,OECD.ENV.EPI:DSD_GG@DF_GREEN_GROWTH(1.1),Green Growth,I,MYS,Malaysia,A,Annual,PM_PWM,M3,Cubic metres,_T,Total - all activities,2018,16.44,A,Normal value,0,Units,_Z,2015.0,3.0,2.0
DATAFLOW,OECD.ENV.EPI:DSD_GG@DF_GREEN_GROWTH(1.1),Green Growth,I,MYS,Malaysia,A,Annual,PM_PWM,M3,Cubic metres,_T,Total - all activities,2017,16.41,A,Normal value,0,Units,_Z,2015.0,3.0,2.0
DATAFLOW,OECD.ENV.EPI:DSD_GG@DF_GREEN_GROWTH(1.1),Green Growth,I,MYS,Malaysia,A,Annual,PM_PWM,M3,Cubic metres,_T,Total - all activities,2016,16.78,A,Normal value,0,Units,_Z,2015.0,3.0,2.0
DATAFLOW,OECD.ENV.EPI:DSD_GG@DF_GREEN_GROWTH(1.1),Green Growth,I,MYS,Malaysia,A,Annual,PM_PWM,M3,Cubic metres,_T,Total - all activities,2015,18.16,A,Normal value,0,Units,_Z,2015.0,3.0,2.0
DATAFLOW,OECD.ENV.EPI:DSD_GG@DF_GREEN_GROWTH(1.1),Green Growth,I,MYS,Malaysia,A,Annual,PM_PWM,M3,Cubic metres,_T,Total - all activities,2014,17.26,A,Normal value,0,Units,_Z,2015.0,3.0,2.0
DATAFLOW,OECD.ENV.EPI:DSD_GG@DF_GREEN_GROWTH(1.1),Green Growth,I,MYS,Malaysia,A,Annual,PM_PWM,M3,Cubic metres,_T,Total - all activities,2013,18.55,A,Normal value,0,Units,_Z,2015.0,3.0,2.0
DATAFLOW,OECD.ENV.EPI:DSD_GG@DF_GREEN_GROWTH(1.1),Green Growth,I,MYS,Malaysia,A,Annual,CO2_AIRTRACAP,T_CO2E_PS,Tonnes of CO2-equivalent per person,_T,Total - all activities,2020,88.49,A,Normal value,0,Units,_Z,2015.0,0.0,2.0
DATAFLOW,OECD.ENV.EPI:DSD_GG@DF_GREEN_GROWTH(1.1),Green Growth,I,MYS,Malaysia,A,Annual,CO2_AIRTRACAP,T_CO2E_PS,Tonnes of CO2-equivalent per person,_T,Total - all activities,2019,300.95,A,Normal value,0,Units,_Z,2015.0,0.0,2.0
DATAFLOW,OECD.ENV.EPI:DSD_GG@DF_GREEN_GROWTH(1.1),Green Growth,I,MYS,Malaysia,A,Annual,CO2_AIRTRACAP,T_CO2E_PS,Tonnes of CO2-equivalent per person,_T,Total - all activities,2018,306.09,A,Normal value,0,Units,_Z,2015.0,0.0,2.0
DATAFLOW,OECD.ENV.EPI:DSD_GG@DF_GREEN_GROWTH(1.1),Green Growth,I,MYS,Malaysia,A,Annual,CO2_AIRTRACAP,T_CO2E_PS,Tonnes of CO2-equivalent per person,_T,Total - all activities,2017,306.35,A,Normal value,0,Units,_Z,2015.0,0.0,2.0
DATAFLOW,OECD.ENV.EPI:DSD_GG@DF_GREEN_GROWTH(1.1),Green Growth,I,MYS,Malaysia,A,Annual,CO2_AIRTRACAP,T_CO2E_PS,Tonnes of CO2-equivalent per person,_T,Total - all activities,2016,286.75,A,Normal value,0,Units,_Z,2015.0,0.0,2.0
DATAFLOW,OECD.ENV.EPI:DSD_GG@DF_GREEN_GROWTH(1.1),Green Growth,I,MYS,Malaysia,A,Annual,CO2_AIRTRACAP,T_CO2E_PS,Tonnes of CO2-equivalent per person,_T,Total - all activities,2015,315.39,A,Normal value,0,Units,_Z,2015.0,0.0,2.0
DATAFLOW,OECD.ENV.EPI:DSD_GG@DF_GREEN_GROWTH(1.1),Green Growth,I,MYS,Malaysia,A,Annual,CO2_AIRTRACAP,T_CO2E_PS,Tonnes of CO2-equivalent per person,_T,Total - all activities,2014,332.12,A,Normal value,0,Units,_Z,2015.0,0.0,2.0
DATAFLOW,OECD.ENV.EPI:DSD_GG@DF_GREEN_GROWTH(1.1),Green Growth,I,MYS,Malaysia,A,Annual,CO2_AIRTRACAP,T_CO2E_PS,Tonnes of CO2-equivalent per person,_T,Total - all activities,2013,301.42,A,Normal value,0,Units,_Z,2015.0,0.0,2.0
DATAFLOW,OECD.ENV.EPI:DSD_GG@DF_GREEN_GROWTH(1.1),Green Growth,I,MYS,Malaysia,A,Annual,CO2_AIRTRACAP,T_CO2E_PS,Tonnes of CO2-equivalent per person,_T,Total - all activities,2022,138.89,A,Normal value,0,Units,_Z,2015.0,0.0,2.0
DATAFLOW,OECD.ENV.EPI:DSD_GG@DF_GREEN_GROWTH(1.1),Green Growth,I,MYS,Malaysia,A,Annual,POP_NETMIGR,PS,Persons,_T,Total - all activities,2007,247.03,A,Normal value,0,Units,_Z,2015.0,1.0,2.0
DATAFLOW,OECD.ENV.EPI:DSD_GG@DF_GREEN_GROWTH(1.1),Green Growth,I,MYS,Malaysia,A,Annual,POP_NETMIGR,PS,Persons,_T,Total - all activities,2006,251.1,A,Normal value,0,Units,_Z,2015.0,1.0,2.0
DATAFLOW,OECD.ENV.EPI:DSD_GG@DF_GREEN_GROWTH(1.1),Green Growth,I,MYS,Malaysia,A,Annual,POP_NETMIGR,PS,Persons,_T,Total - all activities,2005,245.38,A,Normal value,0,Units,_Z,2015.0,1.0,2.0
DATAFLOW,OECD.ENV.EPI:DSD_GG@DF_GREEN_GROWTH(1.1),Green Growth,I,MYS,Malaysia,A,Annual,POP_NETMIGR,PS,Persons,_T,Total - all activities,2004,244.36,A,Normal value,0,Units,_Z,2015.0,1.0,2.0
DATAFLOW,OECD.ENV.EPI:DSD_GG@DF_GREEN_GROWTH(1.1),Green Growth,I,MYS,Malaysia,A,Annual,POP_NETMIGR,PS,Persons,_T,Total - all activities,2003,226.0,A,Normal value,0,Units,_Z,2015.0,1.0,2.0
DATAFLOW,OECD.ENV.EPI:DSD_GG@DF_GREEN_GROWTH(1.1),Green Growth,I,MYS,Malaysia,A,Annual,POP_NETMIGR,PS,Persons,_T,Total - all activities,2002,225.0,A,Normal value,0,Units,_Z,2015.0,1.0,2.0
DATAFLOW,OECD.ENV.EPI:DSD_GG@DF_GREEN_GROWTH(1.1),Green Growth,I,MYS,Malaysia,A,Annual,POP_NETMIGR,PS,Persons,_T,Total - all activities,2001,198.36,A,Normal value,0,Units,_Z,2015.0,1.0,2.0
DATAFLOW,OECD.ENV.EPI:DSD_GG@DF_GREEN_GROWTH(1.1),Green Growth,I,MYS,Malaysia,A,Annual,POP_NETMIGR,PS,Persons,_T,Total - all activities,2000,174.01,A,Normal value,0,Units,_Z,2015.0,1.0,2.0
DATAFLOW,OECD.ENV.EPI:DSD_GG@DF_GREEN_GROWTH(1.1),Green Growth,I,MYS,Malaysia,A,Annual,POP_NETMIGR,PS,Persons,_T,Total - all activities,2021,46.17,A,Normal value,0,Units,_Z,2015.0,1.0,2.0
DATAFLOW,OECD.ENV.EPI:DSD_GG@DF_GREEN_GROWTH(1.1),Green Growth,I,MYS,Malaysia,A,Annual,POP_NETMIGR,PS,Persons,_T,Total - all activities,2020,57.48,A,Normal value,0,Units,_Z,2015.0,1.0,2.0
DATAFLOW,OECD.ENV.EPI:DSD_GG@DF_GREEN_GROWTH(1.1),Green Growth,I,MYS,Malaysia,A,Annual,POP_NETMIGR,PS,Persons,_T,Total - all activities,2019,60.82,A,Normal value,0,Units,_Z,2015.0,1.0,2.0
DATAFLOW,OECD.ENV.EPI:DSD_GG@DF_GREEN_GROWTH(1.1),Green Growth,I,MYS,Malaysia,A,Annual,POP_NETMIGR,PS,Persons,_T,Total - all activities,2018,60.6,A,Normal value,0,Units,_Z,2015.0,1.0,2.0
DATAFLOW,OECD.ENV.EPI:DSD_GG@DF_GREEN_GROWTH(1.1),Green Growth,I,MYS,Malaysia,A,Annual,POP_NETMIGR,PS,Persons,_T,Total - all activities,2017,78.26,A,Normal value,0,Units,_Z,2015.0,1.0,2.0
DATAFLOW,OECD.ENV.EPI:DSD_GG@DF_GREEN_GROWTH(1.1),Green Growth,I,MYS,Malaysia,A,Annual,POP_NETMIGR,PS,Persons,_T,Total - all activities,2016,97.74,A,Normal value,0,Units,_Z,2015.0,1.0,2.0
DATAFLOW,OECD.ENV.EPI:DSD_GG@DF_GREEN_GROWTH(1.1),Green Growth,I,MYS,Malaysia,A,Annual,POP_NETMIGR,PS,Persons,_T,Total - all activities,2015,80.6,A,Normal value,0,Units,_Z,2015.0,1.0,2.0
DATAFLOW,OECD.ENV.EPI:DSD_GG@DF_GREEN_GROWTH(1.1),Green Growth,I,MYS,Malaysia,A,Annual,POP_NETMIGR,PS,Persons,_T,Total - all activities,2014,94.79,A,Normal value,0,Units,_Z,2015.0,1.0,2.0
DATAFLOW,OECD.ENV.EPI:DSD_GG@DF_GREEN_GROWTH(1.1),Green Growth,I,MYS,Malaysia,A,Annual,POP_NETMIGR,PS,Persons,_T,Total - all activities,2013,102.15,A,Normal value,0,Units,_Z,2015.0,1.0,2.0
DATAFLOW,OECD.ENV.EPI:DSD_GG@DF_GREEN_GROWTH(1.1),Green Growth,I,MYS,Malaysia,A,Annual,POP_NETMIGR,PS,Persons,_T,Total - all activities,2012,113.42,A,Normal value,0,Units,_Z,2015.0,1.0,2.0
DATAFLOW,OECD.ENV.EPI:DSD_GG@DF_GREEN_GROWTH(1.1),Green Growth,I,MYS,Malaysia,A,Annual,POP_NETMIGR,PS,Persons,_T,Total - all activities,2011,115.31,A,Normal value,0,Units,_Z,2015.0,1.0,2.0
DATAFLOW,OECD.ENV.EPI:DSD_GG@DF_GREEN_GROWTH(1.1),Green Growth,I,MYS,Malaysia,A,Annual,POP_NETMIGR,PS,Persons,_T,Total - all activities,2010,114.49,A,Normal value,0,Units,_Z,2015.0,1.0,2.0
DATAFLOW,OECD.ENV.EPI:DSD_GG@DF_GREEN_GROWTH(1.1),Green Growth,I,MYS,Malaysia,A,Annual,POP_NETMIGR,PS,Persons,_T,Total - all activities,2009,194.57,A,Normal value,0,Units,_Z,2015.0,1.0,2.0
DATAFLOW,OECD.ENV.EPI:DSD_GG@DF_GREEN_GROWTH(1.1),Green Growth,I,MYS,Malaysia,A,Annual,GPAT_DE,PT_INV_D,Percentage of domestic inventions,_T,Total - all activities,2005,3.71,A,Normal value,0,Units,_Z,2015.0,3.0,2.0
DATAFLOW,OECD.ENV.EPI:DSD_GG@DF_GREEN_GROWTH(1.1),Green Growth,I,MYS,Malaysia,A,Annual,GPAT_DE,PT_INV_D,Percentage of domestic inventions,_T,Total - all activities,2004,5.75,A,Normal value,0,Units,_Z,2015.0,3.0,2.0
DATAFLOW,OECD.ENV.EPI:DSD_GG@DF_GREEN_GROWTH(1.1),Green Growth,I,MYS,Malaysia,A,Annual,GPAT_DE,PT_INV_D,Percentage of domestic inventions,_T,Total - all activities,2003,6.47,A,Normal value,0,Units,_Z,2015.0,3.0,2.0
DATAFLOW,OECD.ENV.EPI:DSD_GG@DF_GREEN_GROWTH(1.1),Green Growth,I,MYS,Malaysia,A,Annual,GPAT_DE,PT_INV_D,Percentage of domestic inventions,_T,Total - all activities,2002,4.2,A,Normal value,0,Units,_Z,2015.0,3.0,2.0
DATAFLOW,OECD.ENV.EPI:DSD_GG@DF_GREEN_GROWTH(1.1),Green Growth,I,MYS,Malaysia,A,Annual,GPAT_DE,PT_INV_D,Percentage of domestic inventions,_T,Total - all activities,2001,7.3,A,Normal value,0,Units,_Z,2015.0,3.0,2.0
DATAFLOW,OECD.ENV.EPI:DSD_GG@DF_GREEN_GROWTH(1.1),Green Growth,I,MYS,Malaysia,A,Annual,GPAT_DE,PT_INV_D,Percentage of domestic inventions,_T,Total - all activities,2000,5.39,A,Normal value,0,Units,_Z,2015.0,3.0,2.0
DATAFLOW,OECD.ENV.EPI:DSD_GG@DF_GREEN_GROWTH(1.1),Green Growth,I,MYS,Malaysia,A,Annual,GPAT_DE,PT_INV_D,Percentage of domestic inventions,_T,Total - all activities,2019,7.88,A,Normal value,0,Units,_Z,2015.0,3.0,2.0
DATAFLOW,OECD.ENV.EPI:DSD_GG@DF_GREEN_GROWTH(1.1),Green Growth,I,MYS,Malaysia,A,Annual,GPAT_DE,PT_INV_D,Percentage of domestic inventions,_T,Total - all activities,2018,5.87,A,Normal value,0,Units,_Z,2015.0,3.0,2.0
DATAFLOW,OECD.ENV.EPI:DSD_GG@DF_GREEN_GROWTH(1.1),Green Growth,I,MYS,Malaysia,A,Annual,GPAT_DE,PT_INV_D,Percentage of domestic inventions,_T,Total - all activities,2017,7.71,A,Normal value,0,Units,_Z,2015.0,3.0,2.0
DATAFLOW,OECD.ENV.EPI:DSD_GG@DF_GREEN_GROWTH(1.1),Green Growth,I,MYS,Malaysia,A,Annual,GPAT_DE,PT_INV_D,Percentage of domestic inventions,_T,Total - all activities,2016,8.86,A,Normal value,0,Units,_Z,2015.0,3.0,2.0
DATAFLOW,OECD.ENV.EPI:DSD_GG@DF_GREEN_GROWTH(1.1),Green Growth,I,MYS,Malaysia,A,Annual,GPAT_DE,PT_INV_D,Percentage of domestic inventions,_T,Total - all activities,2015,7.6,A,Normal value,0,Units,_Z,2015.0,3.0,2.0
DATAFLOW,OECD.ENV.EPI:DSD_GG@DF_GREEN_GROWTH(1.1),Green Growth,I,MYS,Malaysia,A,Annual,GPAT_DE,PT_INV_D,Percentage of domestic inventions,_T,Total - all activities,2014,8.38,A,Normal value,0,Units,_Z,2015.0,3.0,2.0
DATAFLOW,OECD.ENV.EPI:DSD_GG@DF_GREEN_GROWTH(1.1),Green Growth,I,MYS,Malaysia,A,Annual,GPAT_DE,PT_INV_D,Percentage of domestic inventions,_T,Total - all activities,2013,9.39,A,Normal value,0,Units,_Z,2015.0,3.0,2.0
DATAFLOW,OECD.ENV.EPI:DSD_GG@DF_GREEN_GROWTH(1.1),Green Growth,I,MYS,Malaysia,A,Annual,GPAT_DE,PT_INV_D,Percentage of domestic inventions,_T,Total - all activities,2012,9.67,A,Normal value,0,Units,_Z,2015.0,3.0,2.0
DATAFLOW,OECD.ENV.EPI:DSD_GG@DF_GREEN_GROWTH(1.1),Green Growth,I,MYS,Malaysia,A,Annual,GPAT_DE,PT_INV_D,Percentage of domestic inventions,_T,Total - all activities,2011,10.89,A,Normal value,0,Units,_Z,2015.0,3.0,2.0
DATAFLOW,OECD.ENV.EPI:DSD_GG@DF_GREEN_GROWTH(1.1),Green Growth,I,MYS,Malaysia,A,Annual,GPAT_DE,PT_INV_D,Percentage of domestic inventions,_T,Total - all activities,2010,7.57,A,Normal value,0,Units,_Z,2015.0,3.0,2.0
DATAFLOW,OECD.ENV.EPI:DSD_GG@DF_GREEN_GROWTH(1.1),Green Growth,I,MYS,Malaysia,A,Annual,GPAT_DE,PT_INV_D,Percentage of domestic inventions,_T,Total - all activities,2009,8.78,A,Normal value,0,Units,_Z,2015.0,3.0,2.0
DATAFLOW,OECD.ENV.EPI:DSD_GG@DF_GREEN_GROWTH(1.1),Green Growth,I,MYS,Malaysia,A,Annual,GPAT_DE,PT_INV_D,Percentage of domestic inventions,_T,Total - all activities,2008,7.92,A,Normal value,0,Units,_Z,2015.0,3.0,2.0
DATAFLOW,OECD.ENV.EPI:DSD_GG@DF_GREEN_GROWTH(1.1),Green Growth,I,MYS,Malaysia,A,Annual,GPAT_DE,PT_INV_D,Percentage of domestic inventions,_T,Total - all activities,2007,6.59,A,Normal value,0,Units,_Z,2015.0,3.0,2.0
DATAFLOW,OECD.ENV.EPI:DSD_GG@DF_GREEN_GROWTH(1.1),Green Growth,I,MYS,Malaysia,A,Annual,CO2_PBEM,T,Tonnes,_T,Total - all activities,2007,179.41,A,Normal value,6,Millions,_Z,2015.0,2.0,2.0
DATAFLOW,OECD.ENV.EPI:DSD_GG@DF_GREEN_GROWTH(1.1),Green Growth,I,MYS,Malaysia,A,Annual,CO2_PBEM,T,Tonnes,_T,Total - all activities,2006,163.15,A,Normal value,6,Millions,_Z,2015.0,2.0,2.0
DATAFLOW,OECD.ENV.EPI:DSD_GG@DF_GREEN_GROWTH(1.1),Green Growth,I,MYS,Malaysia,A,Annual,CO2_PBEM,T,Tonnes,_T,Total - all activities,2005,157.13,A,Normal value,6,Millions,_Z,2015.0,2.0,2.0
DATAFLOW,OECD.ENV.EPI:DSD_GG@DF_GREEN_GROWTH(1.1),Green Growth,I,MYS,Malaysia,A,Annual,CO2_PBEM,T,Tonnes,_T,Total - all activities,2004,146.57,A,Normal value,6,Millions,_Z,2015.0,2.0,2.0
DATAFLOW,OECD.ENV.EPI:DSD_GG@DF_GREEN_GROWTH(1.1),Green Growth,I,MYS,Malaysia,A,Annual,CO2_PBEM,T,Tonnes,_T,Total - all activities,2003,132.79,A,Normal value,6,Millions,_Z,2015.0,2.0,2.0
DATAFLOW,OECD.ENV.EPI:DSD_GG@DF_GREEN_GROWTH(1.1),Green Growth,I,MYS,Malaysia,A,Annual,CO2_PBEM,T,Tonnes,_T,Total - all activities,2002,126.5,A,Normal value,6,Millions,_Z,2015.0,2.0,2.0
DATAFLOW,OECD.ENV.EPI:DSD_GG@DF_GREEN_GROWTH(1.1),Green Growth,I,MYS,Malaysia,A,Annual,CO2_PBEM,T,Tonnes,_T,Total - all activities,2001,120.45,A,Normal value,6,Millions,_Z,2015.0,2.0,2.0
DATAFLOW,OECD.ENV.EPI:DSD_GG@DF_GREEN_GROWTH(1.1),Green Growth,I,MYS,Malaysia,A,Annual,CO2_PBEM,T,Tonnes,_T,Total - all activities,2000,115.06,A,Normal value,6,Millions,_Z,2015.0,2.0,2.0
DATAFLOW,OECD.ENV.EPI:DSD_GG@DF_GREEN_GROWTH(1.1),Green Growth,I,MYS,Malaysia,A,Annual,CO2_PBEM,T,Tonnes,_T,Total - all activities,2021,225.86,A,Normal value,6,Millions,_Z,2015.0,2.0,2.0
DATAFLOW,OECD.ENV.EPI:DSD_GG@DF_GREEN_GROWTH(1.1),Green Growth,I,MYS,Malaysia,A,Annual,CO2_PBEM,T,Tonnes,_T,Total - all activities,2020,225.87,A,Normal value,6,Millions,_Z,2015.0,2.0,2.0
DATAFLOW,OECD.ENV.EPI:DSD_GG@DF_GREEN_GROWTH(1.1),Green Growth,I,MYS,Malaysia,A,Annual,CO2_PBEM,T,Tonnes,_T,Total - all activities,2019,231.6,A,Normal value,6,Millions,_Z,2015.0,2.0,2.0
DATAFLOW,OECD.ENV.EPI:DSD_GG@DF_GREEN_GROWTH(1.1),Green Growth,I,MYS,Malaysia,A,Annual,CO2_PBEM,T,Tonnes,_T,Total - all activities,2018,228.14,A,Normal value,6,Millions,_Z,2015.0,2.0,2.0
DATAFLOW,OECD.ENV.EPI:DSD_GG@DF_GREEN_GROWTH(1.1),Green Growth,I,MYS,Malaysia,A,Annual,CO2_PBEM,T,Tonnes,_T,Total - all activities,2017,210.9,A,Normal value,6,Millions,_Z,2015.0,2.0,2.0
DATAFLOW,OECD.ENV.EPI:DSD_GG@DF_GREEN_GROWTH(1.1),Green Growth,I,MYS,Malaysia,A,Annual,CO2_PBEM,T,Tonnes,_T,Total - all activities,2016,216.53,A,Normal value,6,Millions,_Z,2015.0,2.0,2.0
DATAFLOW,OECD.ENV.EPI:DSD_GG@DF_GREEN_GROWTH(1.1),Green Growth,I,MYS,Malaysia,A,Annual,CO2_PBEM,T,Tonnes,_T,Total - all activities,2015,220.41,A,Normal value,6,Millions,_Z,2015.0,2.0,2.0
DATAFLOW,OECD.ENV.EPI:DSD_GG@DF_GREEN_GROWTH(1.1),Green Growth,I,MYS,Malaysia,A,Annual,CO2_PBEM,T,Tonnes,_T,Total - all activities,2014,220.41,A,Normal value,6,Millions,_Z,2015.0,2.0,2.0
DATAFLOW,OECD.ENV.EPI:DSD_GG@DF_GREEN_GROWTH(1.1),Green Growth,I,MYS,Malaysia,A,Annual,CO2_PBEM,T,Tonnes,_T,Total - all activities,2013,209.13,A,Normal value,6,Millions,_Z,2015.0,2.0,2.0
DATAFLOW,OECD.ENV.EPI:DSD_GG@DF_GREEN_GROWTH(1.1),Green Growth,I,MYS,Malaysia,A,Annual,CO2_PBEM,T,Tonnes,_T,Total - all activities,2012,193.3,A,Normal value,6,Millions,_Z,2015.0,2.0,2.0
DATAFLOW,OECD.ENV.EPI:DSD_GG@DF_GREEN_GROWTH(1.1),Green Growth,I,MYS,Malaysia,A,Annual,CO2_PBEM,T,Tonnes,_T,Total - all activities,2011,191.99,A,Normal value,6,Millions,_Z,2015.0,2.0,2.0
DATAFLOW,OECD.ENV.EPI:DSD_GG@DF_GREEN_GROWTH(1.1),Green Growth,I,MYS,Malaysia,A,Annual,CO2_PBEM,T,Tonnes,_T,Total - all activities,2010,190.92,A,Normal value,6,Millions,_Z,2015.0,2.0,2.0
DATAFLOW,OECD.ENV.EPI:DSD_GG@DF_GREEN_GROWTH(1.1),Green Growth,I,MYS,Malaysia,A,Annual,CO2_PBEM,T,Tonnes,_T,Total - all activities,2009,170.9,A,Normal value,6,Millions,_Z,2015.0,2.0,2.0
DATAFLOW,OECD.ENV.EPI:DSD_GG@DF_GREEN_GROWTH(1.1),Green Growth,I,MYS,Malaysia,A,Annual,GDP_R,USD_PPP,"US dollars, PPP converted",_T,Total - all activities,2007,522598.9,E,Estimated value,0,Units,Q,2015.0,1.0,2.0
DATAFLOW,OECD.ENV.EPI:DSD_GG@DF_GREEN_GROWTH(1.1),Green Growth,I,MYS,Malaysia,A,Annual,GDP_R,USD_PPP,"US dollars, PPP converted",_T,Total - all activities,2006,491632.0,E,Estimated value,0,Units,Q,2015.0,1.0,2.0
DATAFLOW,OECD.ENV.EPI:DSD_GG@DF_GREEN_GROWTH(1.1),Green Growth,I,MYS,Malaysia,A,Annual,GDP_R,USD_PPP,"US dollars, PPP converted",_T,Total - all activities,2005,465627.5,E,Estimated value,0,Units,Q,2015.0,1.0,2.0
DATAFLOW,OECD.ENV.EPI:DSD_GG@DF_GREEN_GROWTH(1.1),Green Growth,I,MYS,Malaysia,A,Annual,GDP_R,USD_PPP,"US dollars, PPP converted",_T,Total - all activities,2004,442056.4,E,Estimated value,0,Units,Q,2015.0,1.0,2.0
DATAFLOW,OECD.ENV.EPI:DSD_GG@DF_GREEN_GROWTH(1.1),Green Growth,I,MYS,Malaysia,A,Annual,GDP_R,USD_PPP,"US dollars, PPP converted",_T,Total - all activities,2003,413974.7,E,Estimated value,0,Units,Q,2015.0,1.0,2.0
DATAFLOW,OECD.ENV.EPI:DSD_GG@DF_GREEN_GROWTH(1.1),Green Growth,I,MYS,Malaysia,A,Annual,GDP_R,USD_PPP,"US dollars, PPP converted",_T,Total - all activities,2002,391323.0,E,Estimated value,0,Units,Q,2015.0,1.0,2.0
DATAFLOW,OECD.ENV.EPI:DSD_GG@DF_GREEN_GROWTH(1.1),Green Growth,I,MYS,Malaysia,A,Annual,GDP_R,USD_PPP,"US dollars, PPP converted",_T,Total - all activities,2001,371305.9,E,Estimated value,0,Units,Q,2015.0,1.0,2.0
DATAFLOW,OECD.ENV.EPI:DSD_GG@DF_GREEN_GROWTH(1.1),Green Growth,I,MYS,Malaysia,A,Annual,GDP_R,USD_PPP,"US dollars, PPP converted",_T,Total - all activities,2000,369393.7,E,Estimated value,0,Units,Q,2015.0,1.0,2.0
DATAFLOW,OECD.ENV.EPI:DSD_GG@DF_GREEN_GROWTH(1.1),Green Growth,I,MYS,Malaysia,A,Annual,GDP_R,USD_PPP,"US dollars, PPP converted",_T,Total - all activities,2021,884607.4,E,Estimated value,0,Units,Q,2015.0,1.0,2.0
DATAFLOW,OECD.ENV.EPI:DSD_GG@DF_GREEN_GROWTH(1.1),Green Growth,I,MYS,Malaysia,A,Annual,GDP_R,USD_PPP,"US dollars, PPP converted",_T,Total - all activities,2020,858074.4,E,Estimated value,0,Units,Q,2015.0,1.0,2.0
DATAFLOW,OECD.ENV.EPI:DSD_GG@DF_GREEN_GROWTH(1.1),Green Growth,I,MYS,Malaysia,A,Annual,GDP_R,USD_PPP,"US dollars, PPP converted",_T,Total - all activities,2019,908346.5,E,Estimated value,0,Units,Q,2015.0,1.0,2.0
DATAFLOW,OECD.ENV.EPI:DSD_GG@DF_GREEN_GROWTH(1.1),Green Growth,I,MYS,Malaysia,A,Annual,GDP_R,USD_PPP,"US dollars, PPP converted",_T,Total - all activities,2018,869953.8,E,Estimated value,0,Units,Q,2015.0,1.0,2.0
DATAFLOW,OECD.ENV.EPI:DSD_GG@DF_GREEN_GROWTH(1.1),Green Growth,I,MYS,Malaysia,A,Annual,GDP_R,USD_PPP,"US dollars, PPP converted",_T,Total - all activities,2017,829767.4,E,Estimated value,0,Units,Q,2015.0,1.0,2.0
DATAFLOW,OECD.ENV.EPI:DSD_GG@DF_GREEN_GROWTH(1.1),Green Growth,I,MYS,Malaysia,A,Annual,GDP_R,USD_PPP,"US dollars, PPP converted",_T,Total - all activities,2016,784184.9,E,Estimated value,0,Units,Q,2015.0,1.0,2.0
DATAFLOW,OECD.ENV.EPI:DSD_GG@DF_GREEN_GROWTH(1.1),Green Growth,I,MYS,Malaysia,A,Annual,GDP_R,USD_PPP,"US dollars, PPP converted",_T,Total - all activities,2015,750777.0,E,Estimated value,0,Units,Q,2015.0,1.0,2.0
DATAFLOW,OECD.ENV.EPI:DSD_GG@DF_GREEN_GROWTH(1.1),Green Growth,I,MYS,Malaysia,A,Annual,GDP_R,USD_PPP,"US dollars, PPP converted",_T,Total - all activities,2014,714402.9,E,Estimated value,0,Units,Q,2015.0,1.0,2.0
DATAFLOW,OECD.ENV.EPI:DSD_GG@DF_GREEN_GROWTH(1.1),Green Growth,I,MYS,Malaysia,A,Annual,GDP_R,USD_PPP,"US dollars, PPP converted",_T,Total - all activities,2013,673922.3,E,Estimated value,0,Units,Q,2015.0,1.0,2.0
DATAFLOW,OECD.ENV.EPI:DSD_GG@DF_GREEN_GROWTH(1.1),Green Growth,I,MYS,Malaysia,A,Annual,GDP_R,USD_PPP,"US dollars, PPP converted",_T,Total - all activities,2012,643708.4,E,Estimated value,0,Units,Q,2015.0,1.0,2.0
DATAFLOW,OECD.ENV.EPI:DSD_GG@DF_GREEN_GROWTH(1.1),Green Growth,I,MYS,Malaysia,A,Annual,GDP_R,USD_PPP,"US dollars, PPP converted",_T,Total - all activities,2011,610303.7,E,Estimated value,0,Units,Q,2015.0,1.0,2.0
DATAFLOW,OECD.ENV.EPI:DSD_GG@DF_GREEN_GROWTH(1.1),Green Growth,I,MYS,Malaysia,A,Annual,GDP_R,USD_PPP,"US dollars, PPP converted",_T,Total - all activities,2010,579619.2,E,Estimated value,0,Units,Q,2015.0,1.0,2.0
DATAFLOW,OECD.ENV.EPI:DSD_GG@DF_GREEN_GROWTH(1.1),Green Growth,I,MYS,Malaysia,A,Annual,GDP_R,USD_PPP,"US dollars, PPP converted",_T,Total - all activities,2009,539557.8,E,Estimated value,0,Units,Q,2015.0,1.0,2.0
DATAFLOW,OECD.ENV.EPI:DSD_GG@DF_GREEN_GROWTH(1.1),Green Growth,I,MYS,Malaysia,A,Annual,DMC_BIO,PT_CONS_MAT_D,Percentage of domestic material consumption,_T,Total - all activities,2007,50.74,E,Estimated value,0,Units,_Z,2015.0,2.0,2.0
DATAFLOW,OECD.ENV.EPI:DSD_GG@DF_GREEN_GROWTH(1.1),Green Growth,I,MYS,Malaysia,A,Annual,DMC_BIO,PT_CONS_MAT_D,Percentage of domestic material consumption,_T,Total - all activities,2006,55.34,E,Estimated value,0,Units,_Z,2015.0,2.0,2.0
DATAFLOW,OECD.ENV.EPI:DSD_GG@DF_GREEN_GROWTH(1.1),Green Growth,I,MYS,Malaysia,A,Annual,DMC_BIO,PT_CONS_MAT_D,Percentage of domestic material consumption,_T,Total - all activities,2005,56.13,E,Estimated value,0,Units,_Z,2015.0,2.0,2.0
DATAFLOW,OECD.ENV.EPI:DSD_GG@DF_GREEN_GROWTH(1.1),Green Growth,I,MYS,Malaysia,A,Annual,DMC_BIO,PT_CONS_MAT_D,Percentage of domestic material consumption,_T,Total - all activities,2004,56.69,E,Estimated value,0,Units,_Z,2015.0,2.0,2.0
DATAFLOW,OECD.ENV.EPI:DSD_GG@DF_GREEN_GROWTH(1.1),Green Growth,I,MYS,Malaysia,A,Annual,DMC_BIO,PT_CONS_MAT_D,Percentage of domestic material consumption,_T,Total - all activities,2003,53.6,E,Estimated value,0,Units,_Z,2015.0,2.0,2.0
DATAFLOW,OECD.ENV.EPI:DSD_GG@DF_GREEN_GROWTH(1.1),Green Growth,I,MYS,Malaysia,A,Annual,DMC_BIO,PT_CONS_MAT_D,Percentage of domestic material consumption,_T,Total - all activities,2002,55.34,E,Estimated value,0,Units,_Z,2015.0,2.0,2.0
DATAFLOW,OECD.ENV.EPI:DSD_GG@DF_GREEN_GROWTH(1.1),Green Growth,I,MYS,Malaysia,A,Annual,DMC_BIO,PT_CONS_MAT_D,Percentage of domestic material consumption,_T,Total - all activities,2001,52.84,E,Estimated value,0,Units,_Z,2015.0,2.0,2.0
DATAFLOW,OECD.ENV.EPI:DSD_GG@DF_GREEN_GROWTH(1.1),Green Growth,I,MYS,Malaysia,A,Annual,DMC_BIO,PT_CONS_MAT_D,Percentage of domestic material consumption,_T,Total - all activities,2000,48.02,E,Estimated value,0,Units,_Z,2015.0,2.0,2.0
DATAFLOW,OECD.ENV.EPI:DSD_GG@DF_GREEN_GROWTH(1.1),Green Growth,I,MYS,Malaysia,A,Annual,DMC_BIO,PT_CONS_MAT_D,Percentage of domestic material consumption,_T,Total - all activities,2019,42.7,E,Estimated value,0,Units,_Z,2015.0,2.0,2.0
DATAFLOW,OECD.ENV.EPI:DSD_GG@DF_GREEN_GROWTH(1.1),Green Growth,I,MYS,Malaysia,A,Annual,DMC_BIO,PT_CONS_MAT_D,Percentage of domestic material consumption,_T,Total - all activities,2018,43.15,E,Estimated value,0,Units,_Z,2015.0,2.0,2.0
DATAFLOW,OECD.ENV.EPI:DSD_GG@DF_GREEN_GROWTH(1.1),Green Growth,I,MYS,Malaysia,A,Annual,DMC_BIO,PT_CONS_MAT_D,Percentage of domestic material consumption,_T,Total - all activities,2017,44.65,E,Estimated value,0,Units,_Z,2015.0,2.0,2.0
DATAFLOW,OECD.ENV.EPI:DSD_GG@DF_GREEN_GROWTH(1.1),Green Growth,I,MYS,Malaysia,A,Annual,DMC_BIO,PT_CONS_MAT_D,Percentage of domestic material consumption,_T,Total - all activities,2016,44.5,E,Estimated value,0,Units,_Z,2015.0,2.0,2.0
DATAFLOW,OECD.ENV.EPI:DSD_GG@DF_GREEN_GROWTH(1.1),Green Growth,I,MYS,Malaysia,A,Annual,DMC_BIO,PT_CONS_MAT_D,Percentage of domestic material consumption,_T,Total - all activities,2015,52.17,E,Estimated value,0,Units,_Z,2015.0,2.0,2.0
DATAFLOW,OECD.ENV.EPI:DSD_GG@DF_GREEN_GROWTH(1.1),Green Growth,I,MYS,Malaysia,A,Annual,DMC_BIO,PT_CONS_MAT_D,Percentage of domestic material consumption,_T,Total - all activities,2014,50.25,E,Estimated value,0,Units,_Z,2015.0,2.0,2.0
DATAFLOW,OECD.ENV.EPI:DSD_GG@DF_GREEN_GROWTH(1.1),Green Growth,I,MYS,Malaysia,A,Annual,DMC_BIO,PT_CONS_MAT_D,Percentage of domestic material consumption,_T,Total - all activities,2013,48.45,E,Estimated value,0,Units,_Z,2015.0,2.0,2.0
DATAFLOW,OECD.ENV.EPI:DSD_GG@DF_GREEN_GROWTH(1.1),Green Growth,I,MYS,Malaysia,A,Annual,DMC_BIO,PT_CONS_MAT_D,Percentage of domestic material consumption,_T,Total - all activities,2012,40.92,E,Estimated value,0,Units,_Z,2015.0,2.0,2.0
DATAFLOW,OECD.ENV.EPI:DSD_GG@DF_GREEN_GROWTH(1.1),Green Growth,I,MYS,Malaysia,A,Annual,DMC_BIO,PT_CONS_MAT_D,Percentage of domestic material consumption,_T,Total - all activities,2011,42.0,E,Estimated value,0,Units,_Z,2015.0,2.0,2.0
DATAFLOW,OECD.ENV.EPI:DSD_GG@DF_GREEN_GROWTH(1.1),Green Growth,I,MYS,Malaysia,A,Annual,DMC_BIO,PT_CONS_MAT_D,Percentage of domestic material consumption,_T,Total - all activities,2010,50.48,E,Estimated value,0,Units,_Z,2015.0,2.0,2.0
DATAFLOW,OECD.ENV.EPI:DSD_GG@DF_GREEN_GROWTH(1.1),Green Growth,I,MYS,Malaysia,A,Annual,DMC_BIO,PT_CONS_MAT_D,Percentage of domestic material consumption,_T,Total - all activities,2009,53.84,E,Estimated value,0,Units,_Z,2015.0,2.0,2.0
DATAFLOW,OECD.ENV.EPI:DSD_GG@DF_GREEN_GROWTH(1.1),Green Growth,I,MYS,Malaysia,A,Annual,EGS,_X,Unspecified,_T,Total - all activities,2000,9.675,A,Normal value,0,Units,,2015.0,2.0,2.0
DATAFLOW,OECD.ENV.EPI:DSD_GG@DF_GREEN_GROWTH(1.1),Green Growth,I,MYS,Malaysia,A,Annual,EGS,_X,Unspecified,_T,Total - all activities,2022,9.675,A,Normal value,0,Units,,2015.0,2.0,2.0
DATAFLOW,OECD.ENV.EPI:DSD_GG@DF_GREEN_GROWTH(1.1),Green Growth,I,MYS,Malaysia,A,Annual,EGS,_X,Unspecified,_T,Total - all activities,2021,9.675,A,Normal value,0,Units,,2015.0,2.0,2.0
DATAFLOW,OECD.ENV.EPI:DSD_GG@DF_GREEN_GROWTH(1.1),Green Growth,I,MYS,Malaysia,A,Annual,EGS,_X,Unspecified,_T,Total - all activities,2020,9.675,A,Normal value,0,Units,,2015.0,2.0,2.0
DATAFLOW,OECD.ENV.EPI:DSD_GG@DF_GREEN_GROWTH(1.1),Green Growth,I,MYS,Malaysia,A,Annual,EGS,_X,Unspecified,_T,Total - all activities,2019,9.675,A,Normal value,0,Units,,2015.0,2.0,2.0
DATAFLOW,OECD.ENV.EPI:DSD_GG@DF_GREEN_GROWTH(1.1),Green Growth,I,MYS,Malaysia,A,Annual,EGS,_X,Unspecified,_T,Total - all activities,2018,9.675,A,Normal value,0,Units,,2015.0,2.0,2.0
DATAFLOW,OECD.ENV.EPI:DSD_GG@DF_GREEN_GROWTH(1.1),Green Growth,I,MYS,Malaysia,A,Annual,EGS,_X,Unspecified,_T,Total - all activities,2017,9.675,A,Normal value,0,Units,,2015.0,2.0,2.0
DATAFLOW,OECD.ENV.EPI:DSD_GG@DF_GREEN_GROWTH(1.1),Green Growth,I,MYS,Malaysia,A,Annual,EGS,_X,Unspecified,_T,Total - all activities,2016,9.675,A,Normal value,0,Units,,2015.0,2.0,2.0
DATAFLOW,OECD.ENV.EPI:DSD_GG@DF_GREEN_GROWTH(1.1),Green Growth,I,MYS,Malaysia,A,Annual,EGS,_X,Unspecified,_T,Total - all activities,2015,9.675,A,Normal value,0,Units,,2015.0,2.0,2.0
DATAFLOW,OECD.ENV.EPI:DSD_GG@DF_GREEN_GROWTH(1.1),Green Growth,I,MYS,Malaysia,A,Annual,EGS,_X,Unspecified,_T,Total - all activities,2014,9.675,A,Normal value,0,Units,,2015.0,2.0,2.0
DATAFLOW,OECD.ENV.EPI:DSD_GG@DF_GREEN_GROWTH(1.1),Green Growth,I,MYS,Malaysia,A,Annual,EGS,_X,Unspecified,_T,Total - all activities,2013,9.675,A,Normal value,0,Units,,2015.0,2.0,2.0
DATAFLOW,OECD.ENV.EPI:DSD_GG@DF_GREEN_GROWTH(1.1),Green Growth,I,MYS,Malaysia,A,Annual,EGS,_X,Unspecified,_T,Total - all activities,2012,9.675,A,Normal value,0,Units,,2015.0,2.0,2.0
DATAFLOW,OECD.ENV.EPI:DSD_GG@DF_GREEN_GROWTH(1.1),Green Growth,I,MYS,Malaysia,A,Annual,EGS,_X,Unspecified,_T,Total - all activities,2011,9.675,A,Normal value,0,Units,,2015.0,2.0,2.0
DATAFLOW,OECD.ENV.EPI:DSD_GG@DF_GREEN_GROWTH(1.1),Green Growth,I,MYS,Malaysia,A,Annual,EGS,_X,Unspecified,_T,Total - all activities,2010,9.675,A,Normal value,0,Units,,2015.0,2.0,2.0
DATAFLOW,OECD.ENV.EPI:DSD_GG@DF_GREEN_GROWTH(1.1),Green Growth,I,MYS,Malaysia,A,Annual,EGS,_X,Unspecified,_T,Total - all activities,2009,9.675,A,Normal value,0,Units,,2015.0,2.0,2.0
DATAFLOW,OECD.ENV.EPI:DSD_GG@DF_GREEN_GROWTH(1.1),Green Growth,I,MYS,Malaysia,A,Annual,EGS,_X,Unspecified,_T,Total - all activities,2008,9.675,A,Normal value,0,Units,,2015.0,2.0,2.0
DATAFLOW,OECD.ENV.EPI:DSD_GG@DF_GREEN_GROWTH(1.1),Green Growth,I,MYS,Malaysia,A,Annual,EGS,_X,Unspecified,_T,Total - all activities,2007,9.675,A,Normal value,0,Units,,2015.0,2.0,2.0
DATAFLOW,OECD.ENV.EPI:DSD_GG@DF_GREEN_GROWTH(1.1),Green Growth,I,MYS,Malaysia,A,Annual,EGS,_X,Unspecified,_T,Total - all activities,2006,9.675,A,Normal value,0,Units,,2015.0,2.0,2.0
DATAFLOW,OECD.ENV.EPI:DSD_GG@DF_GREEN_GROWTH(1.1),Green Growth,I,MYS,Malaysia,A,Annual,EGS,_X,Unspecified,_T,Total - all activities,2005,9.675,A,Normal value,0,Units,,2015.0,2.0,2.0
DATAFLOW,OECD.ENV.EPI:DSD_GG@DF_GREEN_GROWTH(1.1),Green Growth,I,MYS,Malaysia,A,Annual,EGS,_X,Unspecified,_T,Total - all activities,2004,9.675,A,Normal value,0,Units,,2015.0,2.0,2.0
DATAFLOW,OECD.ENV.EPI:DSD_GG@DF_GREEN_GROWTH(1.1),Green Growth,I,MYS,Malaysia,A,Annual,EGS,_X,Unspecified,_T,Total - all activities,2003,9.675,A,Normal value,0,Units,,2015.0,2.0,2.0
DATAFLOW,OECD.ENV.EPI:DSD_GG@DF_GREEN_GROWTH(1.1),Green Growth,I,MYS,Malaysia,A,Annual,EGS,_X,Unspecified,_T,Total - all activities,2002,9.675,A,Normal value,0,Units,,2015.0,2.0,2.0
DATAFLOW,OECD.ENV.EPI:DSD_GG@DF_GREEN_GROWTH(1.1),Green Growth,I,MYS,Malaysia,A,Annual,FIT_SOLAR,USD_KWH,US dollars per kilowatt hour,_T,Total - all activities,2008,0.0,A,Normal value,0,Units,_Z,2015.0,3.0,2.0
DATAFLOW,OECD.ENV.EPI:DSD_GG@DF_GREEN_GROWTH(1.1),Green Growth,I,MYS,Malaysia,A,Annual,FIT_SOLAR,USD_KWH,US dollars per kilowatt hour,_T,Total - all activities,2007,0.0,A,Normal value,0,Units,_Z,2015.0,3.0,2.0
DATAFLOW,OECD.ENV.EPI:DSD_GG@DF_GREEN_GROWTH(1.1),Green Growth,I,MYS,Malaysia,A,Annual,FIT_SOLAR,USD_KWH,US dollars per kilowatt hour,_T,Total - all activities,2006,0.0,A,Normal value,0,Units,_Z,2015.0,3.0,2.0
DATAFLOW,OECD.ENV.EPI:DSD_GG@DF_GREEN_GROWTH(1.1),Green Growth,I,MYS,Malaysia,A,Annual,FIT_SOLAR,USD_KWH,US dollars per kilowatt hour,_T,Total - all activities,2005,0.0,A,Normal value,0,Units,_Z,2015.0,3.0,2.0
DATAFLOW,OECD.ENV.EPI:DSD_GG@DF_GREEN_GROWTH(1.1),Green Growth,I,MYS,Malaysia,A,Annual,FIT_SOLAR,USD_KWH,US dollars per kilowatt hour,_T,Total - all activities,2004,0.0,A,Normal value,0,Units,_Z,2015.0,3.0,2.0
DATAFLOW,OECD.ENV.EPI:DSD_GG@DF_GREEN_GROWTH(1.1),Green Growth,I,MYS,Malaysia,A,Annual,FIT_SOLAR,USD_KWH,US dollars per kilowatt hour,_T,Total - all activities,2003,0.0,A,Normal value,0,Units,_Z,2015.0,3.0,2.0
DATAFLOW,OECD.ENV.EPI:DSD_GG@DF_GREEN_GROWTH(1.1),Green Growth,I,MYS,Malaysia,A,Annual,FIT_SOLAR,USD_KWH,US dollars per kilowatt hour,_T,Total - all activities,2002,0.0,A,Normal value,0,Units,_Z,2015.0,3.0,2.0
DATAFLOW,OECD.ENV.EPI:DSD_GG@DF_GREEN_GROWTH(1.1),Green Growth,I,MYS,Malaysia,A,Annual,FIT_SOLAR,USD_KWH,US dollars per kilowatt hour,_T,Total - all activities,2001,0.0,A,Normal value,0,Units,_Z,2015.0,3.0,2.0
DATAFLOW,OECD.ENV.EPI:DSD_GG@DF_GREEN_GROWTH(1.1),Green Growth,I,MYS,Malaysia,A,Annual,FIT_SOLAR,USD_KWH,US dollars per kilowatt hour,_T,Total - all activities,2000,0.0,A,Normal value,0,Units,_Z,2015.0,3.0,2.0
DATAFLOW,OECD.ENV.EPI:DSD_GG@DF_GREEN_GROWTH(1.1),Green Growth,I,MYS,Malaysia,A,Annual,FIT_SOLAR,USD_KWH,US dollars per kilowatt hour,_T,Total - all activities,2014,0.19,A,Normal value,0,Units,_Z,2015.0,3.0,2.0
DATAFLOW,OECD.ENV.EPI:DSD_GG@DF_GREEN_GROWTH(1.1),Green Growth,I,MYS,Malaysia,A,Annual,FIT_SOLAR,USD_KWH,US dollars per kilowatt hour,_T,Total - all activities,2013,0.25,A,Normal value,0,Units,_Z,2015.0,3.0,2.0
DATAFLOW,OECD.ENV.EPI:DSD_GG@DF_GREEN_GROWTH(1.1),Green Growth,I,MYS,Malaysia,A,Annual,FIT_SOLAR,USD_KWH,US dollars per kilowatt hour,_T,Total - all activities,2012,0.29,A,Normal value,0,Units,_Z,2015.0,3.0,2.0
DATAFLOW,OECD.ENV.EPI:DSD_GG@DF_GREEN_GROWTH(1.1),Green Growth,I,MYS,Malaysia,A,Annual,FIT_SOLAR,USD_KWH,US dollars per kilowatt hour,_T,Total - all activities,2011,0.0,A,Normal value,0,Units,_Z,2015.0,3.0,2.0
DATAFLOW,OECD.ENV.EPI:DSD_GG@DF_GREEN_GROWTH(1.1),Green Growth,I,MYS,Malaysia,A,Annual,FIT_SOLAR,USD_KWH,US dollars per kilowatt hour,_T,Total - all activities,2010,0.0,A,Normal value,0,Units,_Z,2015.0,3.0,2.0
DATAFLOW,OECD.ENV.EPI:DSD_GG@DF_GREEN_GROWTH(1.1),Green Growth,I,MYS,Malaysia,A,Annual,GDP_PC,PT_B1G,Percentage of gross value added,A,"Agriculture, forestry and fishing",2007,10.08,E,Estimated value,0,Units,_Z,2015.0,1.0,2.0
DATAFLOW,OECD.ENV.EPI:DSD_GG@DF_GREEN_GROWTH(1.1),Green Growth,I,MYS,Malaysia,A,Annual,GDP_PC,PT_B1G,Percentage of gross value added,A,"Agriculture, forestry and fishing",2006,8.69,E,Estimated value,0,Units,_Z,2015.0,1.0,2.0
DATAFLOW,OECD.ENV.EPI:DSD_GG@DF_GREEN_GROWTH(1.1),Green Growth,I,MYS,Malaysia,A,Annual,GDP_PC,PT_B1G,Percentage of gross value added,A,"Agriculture, forestry and fishing",2005,8.36,E,Estimated value,0,Units,_Z,2015.0,1.0,2.0
DATAFLOW,OECD.ENV.EPI:DSD_GG@DF_GREEN_GROWTH(1.1),Green Growth,I,MYS,Malaysia,A,Annual,GDP_PC,PT_B1G,Percentage of gross value added,A,"Agriculture, forestry and fishing",2004,9.06,E,Estimated value,0,Units,_Z,2015.0,1.0,2.0
DATAFLOW,OECD.ENV.EPI:DSD_GG@DF_GREEN_GROWTH(1.1),Green Growth,I,MYS,Malaysia,A,Annual,GDP_PC,PT_B1G,Percentage of gross value added,A,"Agriculture, forestry and fishing",2003,9.07,E,Estimated value,0,Units,_Z,2015.0,1.0,2.0
DATAFLOW,OECD.ENV.EPI:DSD_GG@DF_GREEN_GROWTH(1.1),Green Growth,I,MYS,Malaysia,A,Annual,GDP_PC,PT_B1G,Percentage of gross value added,A,"Agriculture, forestry and fishing",2002,8.74,E,Estimated value,0,Units,_Z,2015.0,1.0,2.0
DATAFLOW,OECD.ENV.EPI:DSD_GG@DF_GREEN_GROWTH(1.1),Green Growth,I,MYS,Malaysia,A,Annual,GDP_PC,PT_B1G,Percentage of gross value added,A,"Agriculture, forestry and fishing",2001,7.75,E,Estimated value,0,Units,_Z,2015.0,1.0,2.0
DATAFLOW,OECD.ENV.EPI:DSD_GG@DF_GREEN_GROWTH(1.1),Green Growth,I,MYS,Malaysia,A,Annual,GDP_PC,PT_B1G,Percentage of gross value added,A,"Agriculture, forestry and fishing",2000,8.33,E,Estimated value,0,Units,_Z,2015.0,1.0,2.0
DATAFLOW,OECD.ENV.EPI:DSD_GG@DF_GREEN_GROWTH(1.1),Green Growth,I,MYS,Malaysia,A,Annual,GDP_PC,PT_B1G,Percentage of gross value added,A,"Agriculture, forestry and fishing",2021,9.72,E,Estimated value,0,Units,_Z,2015.0,1.0,2.0
DATAFLOW,OECD.ENV.EPI:DSD_GG@DF_GREEN_GROWTH(1.1),Green Growth,I,MYS,Malaysia,A,Annual,GDP_PC,PT_B1G,Percentage of gross value added,A,"Agriculture, forestry and fishing",2020,8.29,E,Estimated value,0,Units,_Z,2015.0,1.0,2.0
DATAFLOW,OECD.ENV.EPI:DSD_GG@DF_GREEN_GROWTH(1.1),Green Growth,I,MYS,Malaysia,A,Annual,GDP_PC,PT_B1G,Percentage of gross value added,A,"Agriculture, forestry and fishing",2019,7.32,E,Estimated value,0,Units,_Z,2015.0,1.0,2.0
DATAFLOW,OECD.ENV.EPI:DSD_GG@DF_GREEN_GROWTH(1.1),Green Growth,I,MYS,Malaysia,A,Annual,GDP_PC,PT_B1G,Percentage of gross value added,A,"Agriculture, forestry and fishing",2018,7.6,E,Estimated value,0,Units,_Z,2015.0,1.0,2.0
DATAFLOW,OECD.ENV.EPI:DSD_GG@DF_GREEN_GROWTH(1.1),Green Growth,I,MYS,Malaysia,A,Annual,GDP_PC,PT_B1G,Percentage of gross value added,A,"Agriculture, forestry and fishing",2017,8.72,E,Estimated value,0,Units,_Z,2015.0,1.0,2.0
DATAFLOW,OECD.ENV.EPI:DSD_GG@DF_GREEN_GROWTH(1.1),Green Growth,I,MYS,Malaysia,A,Annual,GDP_PC,PT_B1G,Percentage of gross value added,A,"Agriculture, forestry and fishing",2016,8.58,E,Estimated value,0,Units,_Z,2015.0,1.0,2.0
DATAFLOW,OECD.ENV.EPI:DSD_GG@DF_GREEN_GROWTH(1.1),Green Growth,I,MYS,Malaysia,A,Annual,GDP_PC,PT_B1G,Percentage of gross value added,A,"Agriculture, forestry and fishing",2015,8.39,E,Estimated value,0,Units,_Z,2015.0,1.0,2.0
DATAFLOW,OECD.ENV.EPI:DSD_GG@DF_GREEN_GROWTH(1.1),Green Growth,I,MYS,Malaysia,A,Annual,GDP_PC,PT_B1G,Percentage of gross value added,A,"Agriculture, forestry and fishing",2014,8.97,E,Estimated value,0,Units,_Z,2015.0,1.0,2.0
DATAFLOW,OECD.ENV.EPI:DSD_GG@DF_GREEN_GROWTH(1.1),Green Growth,I,MYS,Malaysia,A,Annual,GDP_PC,PT_B1G,Percentage of gross value added,A,"Agriculture, forestry and fishing",2013,9.21,E,Estimated value,0,Units,_Z,2015.0,1.0,2.0
DATAFLOW,OECD.ENV.EPI:DSD_GG@DF_GREEN_GROWTH(1.1),Green Growth,I,MYS,Malaysia,A,Annual,GDP_PC,PT_B1G,Percentage of gross value added,A,"Agriculture, forestry and fishing",2012,9.9,E,Estimated value,0,Units,_Z,2015.0,1.0,2.0
DATAFLOW,OECD.ENV.EPI:DSD_GG@DF_GREEN_GROWTH(1.1),Green Growth,I,MYS,Malaysia,A,Annual,GDP_PC,PT_B1G,Percentage of gross value added,A,"Agriculture, forestry and fishing",2011,11.56,E,Estimated value,0,Units,_Z,2015.0,1.0,2.0
DATAFLOW,OECD.ENV.EPI:DSD_GG@DF_GREEN_GROWTH(1.1),Green Growth,I,MYS,Malaysia,A,Annual,GDP_PC,PT_B1G,Percentage of gross value added,A,"Agriculture, forestry and fishing",2010,10.19,E,Estimated value,0,Units,_Z,2015.0,1.0,2.0
DATAFLOW,OECD.ENV.EPI:DSD_GG@DF_GREEN_GROWTH(1.1),Green Growth,I,MYS,Malaysia,A,Annual,GDP_PC,PT_B1G,Percentage of gross value added,A,"Agriculture, forestry and fishing",2009,11.0,A,Normal value,0,Units,_Z,2015.0,1.0,2.0
DATAFLOW,OECD.ENV.EPI:DSD_GG@DF_GREEN_GROWTH(1.1),Green Growth,I,MYS,Malaysia,A,Annual,ENVRESPROD,_X,Unspecified,_T,Total - all activities,2009,9.675,A,Normal value,0,Units,,2015.0,2.0,2.0
DATAFLOW,OECD.ENV.EPI:DSD_GG@DF_GREEN_GROWTH(1.1),Green Growth,I,MYS,Malaysia,A,Annual,ENVRESPROD,_X,Unspecified,_T,Total - all activities,2008,9.675,A,Normal value,0,Units,,2015.0,2.0,2.0
DATAFLOW,OECD.ENV.EPI:DSD_GG@DF_GREEN_GROWTH(1.1),Green Growth,I,MYS,Malaysia,A,Annual,ENVRESPROD,_X,Unspecified,_T,Total - all activities,2007,9.675,A,Normal value,0,Units,,2015.0,2.0,2.0
DATAFLOW,OECD.ENV.EPI:DSD_GG@DF_GREEN_GROWTH(1.1),Green Growth,I,MYS,Malaysia,A,Annual,ENVRESPROD,_X,Unspecified,_T,Total - all activities,2006,9.675,A,Normal value,0,Units,,2015.0,2.0,2.0
DATAFLOW,OECD.ENV.EPI:DSD_GG@DF_GREEN_GROWTH(1.1),Green Growth,I,MYS,Malaysia,A,Annual,ENVRESPROD,_X,Unspecified,_T,Total - all activities,2005,9.675,A,Normal value,0,Units,,2015.0,2.0,2.0
DATAFLOW,OECD.ENV.EPI:DSD_GG@DF_GREEN_GROWTH(1.1),Green Growth,I,MYS,Malaysia,A,Annual,ENVRESPROD,_X,Unspecified,_T,Total - all activities,2004,9.675,A,Normal value,0,Units,,2015.0,2.0,2.0
DATAFLOW,OECD.ENV.EPI:DSD_GG@DF_GREEN_GROWTH(1.1),Green Growth,I,MYS,Malaysia,A,Annual,ENVRESPROD,_X,Unspecified,_T,Total - all activities,2003,9.675,A,Normal value,0,Units,,2015.0,2.0,2.0
DATAFLOW,OECD.ENV.EPI:DSD_GG@DF_GREEN_GROWTH(1.1),Green Growth,I,MYS,Malaysia,A,Annual,ENVRESPROD,_X,Unspecified,_T,Total - all activities,2002,9.675,A,Normal value,0,Units,,2015.0,2.0,2.0
DATAFLOW,OECD.ENV.EPI:DSD_GG@DF_GREEN_GROWTH(1.1),Green Growth,I,MYS,Malaysia,A,Annual,ENVRESPROD,_X,Unspecified,_T,Total - all activities,2001,9.675,A,Normal value,0,Units,,2015.0,2.0,2.0
DATAFLOW,OECD.ENV.EPI:DSD_GG@DF_GREEN_GROWTH(1.1),Green Growth,I,MYS,Malaysia,A,Annual,ENVRESPROD,_X,Unspecified,_T,Total - all activities,2000,9.675,A,Normal value,0,Units,,2015.0,2.0,2.0
DATAFLOW,OECD.ENV.EPI:DSD_GG@DF_GREEN_GROWTH(1.1),Green Growth,I,MYS,Malaysia,A,Annual,ENVRESPROD,_X,Unspecified,_T,Total - all activities,2022,9.675,A,Normal value,0,Units,,2015.0,2.0,2.0
DATAFLOW,OECD.ENV.EPI:DSD_GG@DF_GREEN_GROWTH(1.1),Green Growth,I,MYS,Malaysia,A,Annual,ENVRESPROD,_X,Unspecified,_T,Total - all activities,2021,9.675,A,Normal value,0,Units,,2015.0,2.0,2.0
DATAFLOW,OECD.ENV.EPI:DSD_GG@DF_GREEN_GROWTH(1.1),Green Growth,I,MYS,Malaysia,A,Annual,ENVRESPROD,_X,Unspecified,_T,Total - all activities,2020,9.675,A,Normal value,0,Units,,2015.0,2.0,2.0
DATAFLOW,OECD.ENV.EPI:DSD_GG@DF_GREEN_GROWTH(1.1),Green Growth,I,MYS,Malaysia,A,Annual,ENVRESPROD,_X,Unspecified,_T,Total - all activities,2019,9.675,A,Normal value,0,Units,,2015.0,2.0,2.0
DATAFLOW,OECD.ENV.EPI:DSD_GG@DF_GREEN_GROWTH(1.1),Green Growth,I,MYS,Malaysia,A,Annual,ENVRESPROD,_X,Unspecified,_T,Total - all activities,2018,9.675,A,Normal value,0,Units,,2015.0,2.0,2.0
DATAFLOW,OECD.ENV.EPI:DSD_GG@DF_GREEN_GROWTH(1.1),Green Growth,I,MYS,Malaysia,A,Annual,ENVRESPROD,_X,Unspecified,_T,Total - all activities,2017,9.675,A,Normal value,0,Units,,2015.0,2.0,2.0
DATAFLOW,OECD.ENV.EPI:DSD_GG@DF_GREEN_GROWTH(1.1),Green Growth,I,MYS,Malaysia,A,Annual,ENVRESPROD,_X,Unspecified,_T,Total - all activities,2016,9.675,A,Normal value,0,Units,,2015.0,2.0,2.0
DATAFLOW,OECD.ENV.EPI:DSD_GG@DF_GREEN_GROWTH(1.1),Green Growth,I,MYS,Malaysia,A,Annual,ENVRESPROD,_X,Unspecified,_T,Total - all activities,2015,9.675,A,Normal value,0,Units,,2015.0,2.0,2.0
DATAFLOW,OECD.ENV.EPI:DSD_GG@DF_GREEN_GROWTH(1.1),Green Growth,I,MYS,Malaysia,A,Annual,ENVRESPROD,_X,Unspecified,_T,Total - all activities,2014,9.675,A,Normal value,0,Units,,2015.0,2.0,2.0
DATAFLOW,OECD.ENV.EPI:DSD_GG@DF_GREEN_GROWTH(1.1),Green Growth,I,MYS,Malaysia,A,Annual,ENVRESPROD,_X,Unspecified,_T,Total - all activities,2013,9.675,A,Normal value,0,Units,,2015.0,2.0,2.0
DATAFLOW,OECD.ENV.EPI:DSD_GG@DF_GREEN_GROWTH(1.1),Green Growth,I,MYS,Malaysia,A,Annual,ENVRESPROD,_X,Unspecified,_T,Total - all activities,2012,9.675,A,Normal value,0,Units,,2015.0,2.0,2.0
DATAFLOW,OECD.ENV.EPI:DSD_GG@DF_GREEN_GROWTH(1.1),Green Growth,I,MYS,Malaysia,A,Annual,ENVRESPROD,_X,Unspecified,_T,Total - all activities,2011,9.675,A,Normal value,0,Units,,2015.0,2.0,2.0
DATAFLOW,OECD.ENV.EPI:DSD_GG@DF_GREEN_GROWTH(1.1),Green Growth,I,MYS,Malaysia,A,Annual,SOCECO,_X,Unspecified,_T,Total - all activities,2009,9.675,A,Normal value,0,Units,,2015.0,2.0,2.0
DATAFLOW,OECD.ENV.EPI:DSD_GG@DF_GREEN_GROWTH(1.1),Green Growth,I,MYS,Malaysia,A,Annual,SOCECO,_X,Unspecified,_T,Total - all activities,2008,9.675,A,Normal value,0,Units,,2015.0,2.0,2.0
DATAFLOW,OECD.ENV.EPI:DSD_GG@DF_GREEN_GROWTH(1.1),Green Growth,I,MYS,Malaysia,A,Annual,SOCECO,_X,Unspecified,_T,Total - all activities,2007,9.675,A,Normal value,0,Units,,2015.0,2.0,2.0
DATAFLOW,OECD.ENV.EPI:DSD_GG@DF_GREEN_GROWTH(1.1),Green Growth,I,MYS,Malaysia,A,Annual,SOCECO,_X,Unspecified,_T,Total - all activities,2006,9.675,A,Normal value,0,Units,,2015.0,2.0,2.0
DATAFLOW,OECD.ENV.EPI:DSD_GG@DF_GREEN_GROWTH(1.1),Green Growth,I,MYS,Malaysia,A,Annual,SOCECO,_X,Unspecified,_T,Total - all activities,2005,9.675,A,Normal value,0,Units,,2015.0,2.0,2.0
DATAFLOW,OECD.ENV.EPI:DSD_GG@DF_GREEN_GROWTH(1.1),Green Growth,I,MYS,Malaysia,A,Annual,SOCECO,_X,Unspecified,_T,Total - all activities,2004,9.675,A,Normal value,0,Units,,2015.0,2.0,2.0
DATAFLOW,OECD.ENV.EPI:DSD_GG@DF_GREEN_GROWTH(1.1),Green Growth,I,MYS,Malaysia,A,Annual,SOCECO,_X,Unspecified,_T,Total - all activities,2003,9.675,A,Normal value,0,Units,,2015.0,2.0,2.0
DATAFLOW,OECD.ENV.EPI:DSD_GG@DF_GREEN_GROWTH(1.1),Green Growth,I,MYS,Malaysia,A,Annual,SOCECO,_X,Unspecified,_T,Total - all activities,2002,9.675,A,Normal value,0,Units,,2015.0,2.0,2.0
DATAFLOW,OECD.ENV.EPI:DSD_GG@DF_GREEN_GROWTH(1.1),Green Growth,I,MYS,Malaysia,A,Annual,SOCECO,_X,Unspecified,_T,Total - all activities,2001,9.675,A,Normal value,0,Units,,2015.0,2.0,2.0
DATAFLOW,OECD.ENV.EPI:DSD_GG@DF_GREEN_GROWTH(1.1),Green Growth,I,MYS,Malaysia,A,Annual,SOCECO,_X,Unspecified,_T,Total - all activities,2000,9.675,A,Normal value,0,Units,,2015.0,2.0,2.0
DATAFLOW,OECD.ENV.EPI:DSD_GG@DF_GREEN_GROWTH(1.1),Green Growth,I,MYS,Malaysia,A,Annual,SOCECO,_X,Unspecified,_T,Total - all activities,2022,9.675,A,Normal value,0,Units,,2015.0,2.0,2.0
DATAFLOW,OECD.ENV.EPI:DSD_GG@DF_GREEN_GROWTH(1.1),Green Growth,I,MYS,Malaysia,A,Annual,SOCECO,_X,Unspecified,_T,Total - all activities,2021,9.675,A,Normal value,0,Units,,2015.0,2.0,2.0
DATAFLOW,OECD.ENV.EPI:DSD_GG@DF_GREEN_GROWTH(1.1),Green Growth,I,MYS,Malaysia,A,Annual,SOCECO,_X,Unspecified,_T,Total - all activities,2020,9.675,A,Normal value,0,Units,,2015.0,2.0,2.0
DATAFLOW,OECD.ENV.EPI:DSD_GG@DF_GREEN_GROWTH(1.1),Green Growth,I,MYS,Malaysia,A,Annual,SOCECO,_X,Unspecified,_T,Total - all activities,2019,9.675,A,Normal value,0,Units,,2015.0,2.0,2.0
DATAFLOW,OECD.ENV.EPI:DSD_GG@DF_GREEN_GROWTH(1.1),Green Growth,I,MYS,Malaysia,A,Annual,SOCECO,_X,Unspecified,_T,Total - all activities,2018,9.675,A,Normal value,0,Units,,2015.0,2.0,2.0
DATAFLOW,OECD.ENV.EPI:DSD_GG@DF_GREEN_GROWTH(1.1),Green Growth,I,MYS,Malaysia,A,Annual,SOCECO,_X,Unspecified,_T,Total - all activities,2017,9.675,A,Normal value,0,Units,,2015.0,2.0,2.0
DATAFLOW,OECD.ENV.EPI:DSD_GG@DF_GREEN_GROWTH(1.1),Green Growth,I,MYS,Malaysia,A,Annual,SOCECO,_X,Unspecified,_T,Total - all activities,2016,9.675,A,Normal value,0,Units,,2015.0,2.0,2.0
DATAFLOW,OECD.ENV.EPI:DSD_GG@DF_GREEN_GROWTH(1.1),Green Growth,I,MYS,Malaysia,A,Annual,SOCECO,_X,Unspecified,_T,Total - all activities,2015,9.675,A,Normal value,0,Units,,2015.0,2.0,2.0
DATAFLOW,OECD.ENV.EPI:DSD_GG@DF_GREEN_GROWTH(1.1),Green Growth,I,MYS,Malaysia,A,Annual,SOCECO,_X,Unspecified,_T,Total - all activities,2014,9.675,A,Normal value,0,Units,,2015.0,2.0,2.0
DATAFLOW,OECD.ENV.EPI:DSD_GG@DF_GREEN_GROWTH(1.1),Green Growth,I,MYS,Malaysia,A,Annual,SOCECO,_X,Unspecified,_T,Total - all activities,2013,9.675,A,Normal value,0,Units,,2015.0,2.0,2.0
DATAFLOW,OECD.ENV.EPI:DSD_GG@DF_GREEN_GROWTH(1.1),Green Growth,I,MYS,Malaysia,A,Annual,SOCECO,_X,Unspecified,_T,Total - all activities,2012,9.675,A,Normal value,0,Units,,2015.0,2.0,2.0
DATAFLOW,OECD.ENV.EPI:DSD_GG@DF_GREEN_GROWTH(1.1),Green Growth,I,MYS,Malaysia,A,Annual,SOCECO,_X,Unspecified,_T,Total - all activities,2011,9.675,A,Normal value,0,Units,,2015.0,2.0,2.0
DATAFLOW,OECD.ENV.EPI:DSD_GG@DF_GREEN_GROWTH(1.1),Green Growth,I,MYS,Malaysia,A,Annual,HCLI,_X,Unspecified,_T,Total - all activities,2009,9.675,A,Normal value,0,Units,,2015.0,2.0,2.0
DATAFLOW,OECD.ENV.EPI:DSD_GG@DF_GREEN_GROWTH(1.1),Green Growth,I,MYS,Malaysia,A,Annual,HCLI,_X,Unspecified,_T,Total - all activities,2008,9.675,A,Normal value,0,Units,,2015.0,2.0,2.0
DATAFLOW,OECD.ENV.EPI:DSD_GG@DF_GREEN_GROWTH(1.1),Green Growth,I,MYS,Malaysia,A,Annual,HCLI,_X,Unspecified,_T,Total - all activities,2007,9.675,A,Normal value,0,Units,,2015.0,2.0,2.0
DATAFLOW,OECD.ENV.EPI:DSD_GG@DF_GREEN_GROWTH(1.1),Green Growth,I,MYS,Malaysia,A,Annual,HCLI,_X,Unspecified,_T,Total - all activities,2006,9.675,A,Normal value,0,Units,,2015.0,2.0,2.0
DATAFLOW,OECD.ENV.EPI:DSD_GG@DF_GREEN_GROWTH(1.1),Green Growth,I,MYS,Malaysia,A,Annual,HCLI,_X,Unspecified,_T,Total - all activities,2005,9.675,A,Normal value,0,Units,,2015.0,2.0,2.0
DATAFLOW,OECD.ENV.EPI:DSD_GG@DF_GREEN_GROWTH(1.1),Green Growth,I,MYS,Malaysia,A,Annual,HCLI,_X,Unspecified,_T,Total - all activities,2004,9.675,A,Normal value,0,Units,,2015.0,2.0,2.0
DATAFLOW,OECD.ENV.EPI:DSD_GG@DF_GREEN_GROWTH(1.1),Green Growth,I,MYS,Malaysia,A,Annual,HCLI,_X,Unspecified,_T,Total - all activities,2003,9.675,A,Normal value,0,Units,,2015.0,2.0,2.0
DATAFLOW,OECD.ENV.EPI:DSD_GG@DF_GREEN_GROWTH(1.1),Green Growth,I,MYS,Malaysia,A,Annual,HCLI,_X,Unspecified,_T,Total - all activities,2002,9.675,A,Normal value,0,Units,,2015.0,2.0,2.0
DATAFLOW,OECD.ENV.EPI:DSD_GG@DF_GREEN_GROWTH(1.1),Green Growth,I,MYS,Malaysia,A,Annual,HCLI,_X,Unspecified,_T,Total - all activities,2001,9.675,A,Normal value,0,Units,,2015.0,2.0,2.0
DATAFLOW,OECD.ENV.EPI:DSD_GG@DF_GREEN_GROWTH(1.1),Green Growth,I,MYS,Malaysia,A,Annual,HCLI,_X,Unspecified,_T,Total - all activities,2000,9.675,A,Normal value,0,Units,,2015.0,2.0,2.0
DATAFLOW,OECD.ENV.EPI:DSD_GG@DF_GREEN_GROWTH(1.1),Green Growth,I,MYS,Malaysia,A,Annual,HCLI,_X,Unspecified,_T,Total - all activities,2022,9.675,A,Normal value,0,Units,,2015.0,2.0,2.0
DATAFLOW,OECD.ENV.EPI:DSD_GG@DF_GREEN_GROWTH(1.1),Green Growth,I,MYS,Malaysia,A,Annual,HCLI,_X,Unspecified,_T,Total - all activities,2021,9.675,A,Normal value,0,Units,,2015.0,2.0,2.0
DATAFLOW,OECD.ENV.EPI:DSD_GG@DF_GREEN_GROWTH(1.1),Green Growth,I,MYS,Malaysia,A,Annual,HCLI,_X,Unspecified,_T,Total - all activities,2020,9.675,A,Normal value,0,Units,,2015.0,2.0,2.0
DATAFLOW,OECD.ENV.EPI:DSD_GG@DF_GREEN_GROWTH(1.1),Green Growth,I,MYS,Malaysia,A,Annual,HCLI,_X,Unspecified,_T,Total - all activities,2019,9.675,A,Normal value,0,Units,,2015.0,2.0,2.0
DATAFLOW,OECD.ENV.EPI:DSD_GG@DF_GREEN_GROWTH(1.1),Green Growth,I,MYS,Malaysia,A,Annual,HCLI,_X,Unspecified,_T,Total - all activities,2018,9.675,A,Normal value,0,Units,,2015.0,2.0,2.0
DATAFLOW,OECD.ENV.EPI:DSD_GG@DF_GREEN_GROWTH(1.1),Green Growth,I,MYS,Malaysia,A,Annual,HCLI,_X,Unspecified,_T,Total - all activities,2017,9.675,A,Normal value,0,Units,,2015.0,2.0,2.0
DATAFLOW,OECD.ENV.EPI:DSD_GG@DF_GREEN_GROWTH(1.1),Green Growth,I,MYS,Malaysia,A,Annual,HCLI,_X,Unspecified,_T,Total - all activities,2016,9.675,A,Normal value,0,Units,,2015.0,2.0,2.0
DATAFLOW,OECD.ENV.EPI:DSD_GG@DF_GREEN_GROWTH(1.1),Green Growth,I,MYS,Malaysia,A,Annual,HCLI,_X,Unspecified,_T,Total - all activities,2015,9.675,A,Normal value,0,Units,,2015.0,2.0,2.0
DATAFLOW,OECD.ENV.EPI:DSD_GG@DF_GREEN_GROWTH(1.1),Green Growth,I,MYS,Malaysia,A,Annual,HCLI,_X,Unspecified,_T,Total - all activities,2014,9.675,A,Normal value,0,Units,,2015.0,2.0,2.0
DATAFLOW,OECD.ENV.EPI:DSD_GG@DF_GREEN_GROWTH(1.1),Green Growth,I,MYS,Malaysia,A,Annual,HCLI,_X,Unspecified,_T,Total - all activities,2013,9.675,A,Normal value,0,Units,,2015.0,2.0,2.0
DATAFLOW,OECD.ENV.EPI:DSD_GG@DF_GREEN_GROWTH(1.1),Green Growth,I,MYS,Malaysia,A,Annual,HCLI,_X,Unspecified,_T,Total - all activities,2012,9.675,A,Normal value,0,Units,,2015.0,2.0,2.0
DATAFLOW,OECD.ENV.EPI:DSD_GG@DF_GREEN_GROWTH(1.1),Green Growth,I,MYS,Malaysia,A,Annual,HCLI,_X,Unspecified,_T,Total - all activities,2011,9.675,A,Normal value,0,Units,,2015.0,2.0,2.0
DATAFLOW,OECD.ENV.EPI:DSD_GG@DF_GREEN_GROWTH(1.1),Green Growth,I,MYS,Malaysia,A,Annual,IFF_ODA,_X,Unspecified,_T,Total - all activities,2009,9.675,A,Normal value,0,Units,,2015.0,2.0,2.0
DATAFLOW,OECD.ENV.EPI:DSD_GG@DF_GREEN_GROWTH(1.1),Green Growth,I,MYS,Malaysia,A,Annual,IFF_ODA,_X,Unspecified,_T,Total - all activities,2008,9.675,A,Normal value,0,Units,,2015.0,2.0,2.0
DATAFLOW,OECD.ENV.EPI:DSD_GG@DF_GREEN_GROWTH(1.1),Green Growth,I,MYS,Malaysia,A,Annual,IFF_ODA,_X,Unspecified,_T,Total - all activities,2007,9.675,A,Normal value,0,Units,,2015.0,2.0,2.0
DATAFLOW,OECD.ENV.EPI:DSD_GG@DF_GREEN_GROWTH(1.1),Green Growth,I,MYS,Malaysia,A,Annual,IFF_ODA,_X,Unspecified,_T,Total - all activities,2006,9.675,A,Normal value,0,Units,,2015.0,2.0,2.0
DATAFLOW,OECD.ENV.EPI:DSD_GG@DF_GREEN_GROWTH(1.1),Green Growth,I,MYS,Malaysia,A,Annual,IFF_ODA,_X,Unspecified,_T,Total - all activities,2005,9.675,A,Normal value,0,Units,,2015.0,2.0,2.0
DATAFLOW,OECD.ENV.EPI:DSD_GG@DF_GREEN_GROWTH(1.1),Green Growth,I,MYS,Malaysia,A,Annual,IFF_ODA,_X,Unspecified,_T,Total - all activities,2004,9.675,A,Normal value,0,Units,,2015.0,2.0,2.0
DATAFLOW,OECD.ENV.EPI:DSD_GG@DF_GREEN_GROWTH(1.1),Green Growth,I,MYS,Malaysia,A,Annual,IFF_ODA,_X,Unspecified,_T,Total - all activities,2003,9.675,A,Normal value,0,Units,,2015.0,2.0,2.0
DATAFLOW,OECD.ENV.EPI:DSD_GG@DF_GREEN_GROWTH(1.1),Green Growth,I,MYS,Malaysia,A,Annual,IFF_ODA,_X,Unspecified,_T,Total - all activities,2002,9.675,A,Normal value,0,Units,,2015.0,2.0,2.0
DATAFLOW,OECD.ENV.EPI:DSD_GG@DF_GREEN_GROWTH(1.1),Green Growth,I,MYS,Malaysia,A,Annual,IFF_ODA,_X,Unspecified,_T,Total - all activities,2001,9.675,A,Normal value,0,Units,,2015.0,2.0,2.0
DATAFLOW,OECD.ENV.EPI:DSD_GG@DF_GREEN_GROWTH(1.1),Green Growth,I,MYS,Malaysia,A,Annual,IFF_ODA,_X,Unspecified,_T,Total - all activities,2000,9.675,A,Normal value,0,Units,,2015.0,2.0,2.0
DATAFLOW,OECD.ENV.EPI:DSD_GG@DF_GREEN_GROWTH(1.1),Green Growth,I,MYS,Malaysia,A,Annual,IFF_ODA,_X,Unspecified,_T,Total - all activities,2022,9.675,A,Normal value,0,Units,,2015.0,2.0,2.0
DATAFLOW,OECD.ENV.EPI:DSD_GG@DF_GREEN_GROWTH(1.1),Green Growth,I,MYS,Malaysia,A,Annual,IFF_ODA,_X,Unspecified,_T,Total - all activities,2021,9.675,A,Normal value,0,Units,,2015.0,2.0,2.0
DATAFLOW,OECD.ENV.EPI:DSD_GG@DF_GREEN_GROWTH(1.1),Green Growth,I,MYS,Malaysia,A,Annual,IFF_ODA,_X,Unspecified,_T,Total - all activities,2020,9.675,A,Normal value,0,Units,,2015.0,2.0,2.0
DATAFLOW,OECD.ENV.EPI:DSD_GG@DF_GREEN_GROWTH(1.1),Green Growth,I,MYS,Malaysia,A,Annual,IFF_ODA,_X,Unspecified,_T,Total - all activities,2019,9.675,A,Normal value,0,Units,,2015.0,2.0,2.0
DATAFLOW,OECD.ENV.EPI:DSD_GG@DF_GREEN_GROWTH(1.1),Green Growth,I,MYS,Malaysia,A,Annual,IFF_ODA,_X,Unspecified,_T,Total - all activities,2018,9.675,A,Normal value,0,Units,,2015.0,2.0,2.0
DATAFLOW,OECD.ENV.EPI:DSD_GG@DF_GREEN_GROWTH(1.1),Green Growth,I,MYS,Malaysia,A,Annual,IFF_ODA,_X,Unspecified,_T,Total - all activities,2017,9.675,A,Normal value,0,Units,,2015.0,2.0,2.0
DATAFLOW,OECD.ENV.EPI:DSD_GG@DF_GREEN_GROWTH(1.1),Green Growth,I,MYS,Malaysia,A,Annual,IFF_ODA,_X,Unspecified,_T,Total - all activities,2016,9.675,A,Normal value,0,Units,,2015.0,2.0,2.0
DATAFLOW,OECD.ENV.EPI:DSD_GG@DF_GREEN_GROWTH(1.1),Green Growth,I,MYS,Malaysia,A,Annual,IFF_ODA,_X,Unspecified,_T,Total - all activities,2015,9.675,A,Normal value,0,Units,,2015.0,2.0,2.0
DATAFLOW,OECD.ENV.EPI:DSD_GG@DF_GREEN_GROWTH(1.1),Green Growth,I,MYS,Malaysia,A,Annual,IFF_ODA,_X,Unspecified,_T,Total - all activities,2014,9.675,A,Normal value,0,Units,,2015.0,2.0,2.0
DATAFLOW,OECD.ENV.EPI:DSD_GG@DF_GREEN_GROWTH(1.1),Green Growth,I,MYS,Malaysia,A,Annual,IFF_ODA,_X,Unspecified,_T,Total - all activities,2013,9.675,A,Normal value,0,Units,,2015.0,2.0,2.0
DATAFLOW,OECD.ENV.EPI:DSD_GG@DF_GREEN_GROWTH(1.1),Green Growth,I,MYS,Malaysia,A,Annual,IFF_ODA,_X,Unspecified,_T,Total - all activities,2012,9.675,A,Normal value,0,Units,,2015.0,2.0,2.0
DATAFLOW,OECD.ENV.EPI:DSD_GG@DF_GREEN_GROWTH(1.1),Green Growth,I,MYS,Malaysia,A,Annual,IFF_ODA,_X,Unspecified,_T,Total - all activities,2011,9.675,A,Normal value,0,Units,,2015.0,2.0,2.0
DATAFLOW,OECD.ENV.EPI:DSD_GG@DF_GREEN_GROWTH(1.1),Green Growth,I,MYS,Malaysia,A,Annual,TECHPAT_RD,_X,Unspecified,_T,Total - all activities,2007,9.675,A,Normal value,0,Units,,2015.0,2.0,2.0
DATAFLOW,OECD.ENV.EPI:DSD_GG@DF_GREEN_GROWTH(1.1),Green Growth,I,MYS,Malaysia,A,Annual,TECHPAT_RD,_X,Unspecified,_T,Total - all activities,2006,9.675,A,Normal value,0,Units,,2015.0,2.0,2.0
DATAFLOW,OECD.ENV.EPI:DSD_GG@DF_GREEN_GROWTH(1.1),Green Growth,I,MYS,Malaysia,A,Annual,TECHPAT_RD,_X,Unspecified,_T,Total - all activities,2005,9.675,A,Normal value,0,Units,,2015.0,2.0,2.0
DATAFLOW,OECD.ENV.EPI:DSD_GG@DF_GREEN_GROWTH(1.1),Green Growth,I,MYS,Malaysia,A,Annual,TECHPAT_RD,_X,Unspecified,_T,Total - all activities,2004,9.675,A,Normal value,0,Units,,2015.0,2.0,2.0
DATAFLOW,OECD.ENV.EPI:DSD_GG@DF_GREEN_GROWTH(1.1),Green Growth,I,MYS,Malaysia,A,Annual,TECHPAT_RD,_X,Unspecified,_T,Total - all activities,2003,9.675,A,Normal value,0,Units,,2015.0,2.0,2.0
DATAFLOW,OECD.ENV.EPI:DSD_GG@DF_GREEN_GROWTH(1.1),Green Growth,I,MYS,Malaysia,A,Annual,TECHPAT_RD,_X,Unspecified,_T,Total - all activities,2002,9.675,A,Normal value,0,Units,,2015.0,2.0,2.0
DATAFLOW,OECD.ENV.EPI:DSD_GG@DF_GREEN_GROWTH(1.1),Green Growth,I,MYS,Malaysia,A,Annual,TECHPAT_RD,_X,Unspecified,_T,Total - all activities,2001,9.675,A,Normal value,0,Units,,2015.0,2.0,2.0
DATAFLOW,OECD.ENV.EPI:DSD_GG@DF_GREEN_GROWTH(1.1),Green Growth,I,MYS,Malaysia,A,Annual,TECHPAT_RD,_X,Unspecified,_T,Total - all activities,2000,9.675,A,Normal value,0,Units,,2015.0,2.0,2.0
DATAFLOW,OECD.ENV.EPI:DSD_GG@DF_GREEN_GROWTH(1.1),Green Growth,I,MYS,Malaysia,A,Annual,TECHPAT_RD,_X,Unspecified,_T,Total - all activities,2022,9.675,A,Normal value,0,Units,,2015.0,2.0,2.0
DATAFLOW,OECD.ENV.EPI:DSD_GG@DF_GREEN_GROWTH(1.1),Green Growth,I,MYS,Malaysia,A,Annual,TECHPAT_RD,_X,Unspecified,_T,Total - all activities,2021,9.675,A,Normal value,0,Units,,2015.0,2.0,2.0
DATAFLOW,OECD.ENV.EPI:DSD_GG@DF_GREEN_GROWTH(1.1),Green Growth,I,MYS,Malaysia,A,Annual,TECHPAT_RD,_X,Unspecified,_T,Total - all activities,2020,9.675,A,Normal value,0,Units,,2015.0,2.0,2.0
DATAFLOW,OECD.ENV.EPI:DSD_GG@DF_GREEN_GROWTH(1.1),Green Growth,I,MYS,Malaysia,A,Annual,TECHPAT_RD,_X,Unspecified,_T,Total - all activities,2019,9.675,A,Normal value,0,Units,,2015.0,2.0,2.0
DATAFLOW,OECD.ENV.EPI:DSD_GG@DF_GREEN_GROWTH(1.1),Green Growth,I,MYS,Malaysia,A,Annual,TECHPAT_RD,_X,Unspecified,_T,Total - all activities,2018,9.675,A,Normal value,0,Units,,2015.0,2.0,2.0
DATAFLOW,OECD.ENV.EPI:DSD_GG@DF_GREEN_GROWTH(1.1),Green Growth,I,MYS,Malaysia,A,Annual,TECHPAT_RD,_X,Unspecified,_T,Total - all activities,2017,9.675,A,Normal value,0,Units,,2015.0,2.0,2.0
DATAFLOW,OECD.ENV.EPI:DSD_GG@DF_GREEN_GROWTH(1.1),Green Growth,I,MYS,Malaysia,A,Annual,TECHPAT_RD,_X,Unspecified,_T,Total - all activities,2016,9.675,A,Normal value,0,Units,,2015.0,2.0,2.0
DATAFLOW,OECD.ENV.EPI:DSD_GG@DF_GREEN_GROWTH(1.1),Green Growth,I,MYS,Malaysia,A,Annual,TECHPAT_RD,_X,Unspecified,_T,Total - all activities,2015,9.675,A,Normal value,0,Units,,2015.0,2.0,2.0
DATAFLOW,OECD.ENV.EPI:DSD_GG@DF_GREEN_GROWTH(1.1),Green Growth,I,MYS,Malaysia,A,Annual,TECHPAT_RD,_X,Unspecified,_T,Total - all activities,2014,9.675,A,Normal value,0,Units,,2015.0,2.0,2.0
DATAFLOW,OECD.ENV.EPI:DSD_GG@DF_GREEN_GROWTH(1.1),Green Growth,I,MYS,Malaysia,A,Annual,TECHPAT_RD,_X,Unspecified,_T,Total - all activities,2013,9.675,A,Normal value,0,Units,,2015.0,2.0,2.0
DATAFLOW,OECD.ENV.EPI:DSD_GG@DF_GREEN_GROWTH(1.1),Green Growth,I,MYS,Malaysia,A,Annual,TECHPAT_RD,_X,Unspecified,_T,Total - all activities,2012,9.675,A,Normal value,0,Units,,2015.0,2.0,2.0
DATAFLOW,OECD.ENV.EPI:DSD_GG@DF_GREEN_GROWTH(1.1),Green Growth,I,MYS,Malaysia,A,Annual,TECHPAT_RD,_X,Unspecified,_T,Total - all activities,2011,9.675,A,Normal value,0,Units,,2015.0,2.0,2.0
DATAFLOW,OECD.ENV.EPI:DSD_GG@DF_GREEN_GROWTH(1.1),Green Growth,I,MYS,Malaysia,A,Annual,TECHPAT_RD,_X,Unspecified,_T,Total - all activities,2010,9.675,A,Normal value,0,Units,,2015.0,2.0,2.0
DATAFLOW,OECD.ENV.EPI:DSD_GG@DF_GREEN_GROWTH(1.1),Green Growth,I,MYS,Malaysia,A,Annual,TECHPAT_RD,_X,Unspecified,_T,Total - all activities,2009,9.675,A,Normal value,0,Units,,2015.0,2.0,2.0
DATAFLOW,OECD.ENV.EPI:DSD_GG@DF_GREEN_GROWTH(1.1),Green Growth,I,MYS,Malaysia,A,Annual,DMC_MET,PT_CONS_MAT_D,Percentage of domestic material consumption,_T,Total - all activities,2007,1.9,E,Estimated value,0,Units,_Z,2015.0,2.0,2.0
DATAFLOW,OECD.ENV.EPI:DSD_GG@DF_GREEN_GROWTH(1.1),Green Growth,I,MYS,Malaysia,A,Annual,DMC_MET,PT_CONS_MAT_D,Percentage of domestic material consumption,_T,Total - all activities,2006,2.42,E,Estimated value,0,Units,_Z,2015.0,2.0,2.0
DATAFLOW,OECD.ENV.EPI:DSD_GG@DF_GREEN_GROWTH(1.1),Green Growth,I,MYS,Malaysia,A,Annual,DMC_MET,PT_CONS_MAT_D,Percentage of domestic material consumption,_T,Total - all activities,2005,2.79,E,Estimated value,0,Units,_Z,2015.0,2.0,2.0
DATAFLOW,OECD.ENV.EPI:DSD_GG@DF_GREEN_GROWTH(1.1),Green Growth,I,MYS,Malaysia,A,Annual,DMC_MET,PT_CONS_MAT_D,Percentage of domestic material consumption,_T,Total - all activities,2004,2.84,E,Estimated value,0,Units,_Z,2015.0,2.0,2.0
DATAFLOW,OECD.ENV.EPI:DSD_GG@DF_GREEN_GROWTH(1.1),Green Growth,I,MYS,Malaysia,A,Annual,DMC_MET,PT_CONS_MAT_D,Percentage of domestic material consumption,_T,Total - all activities,2003,3.77,E,Estimated value,0,Units,_Z,2015.0,2.0,2.0
DATAFLOW,OECD.ENV.EPI:DSD_GG@DF_GREEN_GROWTH(1.1),Green Growth,I,MYS,Malaysia,A,Annual,DMC_MET,PT_CONS_MAT_D,Percentage of domestic material consumption,_T,Total - all activities,2002,3.8,E,Estimated value,0,Units,_Z,2015.0,2.0,2.0
DATAFLOW,OECD.ENV.EPI:DSD_GG@DF_GREEN_GROWTH(1.1),Green Growth,I,MYS,Malaysia,A,Annual,DMC_MET,PT_CONS_MAT_D,Percentage of domestic material consumption,_T,Total - all activities,2001,3.36,E,Estimated value,0,Units,_Z,2015.0,2.0,2.0
DATAFLOW,OECD.ENV.EPI:DSD_GG@DF_GREEN_GROWTH(1.1),Green Growth,I,MYS,Malaysia,A,Annual,DMC_MET,PT_CONS_MAT_D,Percentage of domestic material consumption,_T,Total - all activities,2000,2.75,E,Estimated value,0,Units,_Z,2015.0,2.0,2.0
DATAFLOW,OECD.ENV.EPI:DSD_GG@DF_GREEN_GROWTH(1.1),Green Growth,I,MYS,Malaysia,A,Annual,DMC_MET,PT_CONS_MAT_D,Percentage of domestic material consumption,_T,Total - all activities,2019,2.08,E,Estimated value,0,Units,_Z,2015.0,2.0,2.0
DATAFLOW,OECD.ENV.EPI:DSD_GG@DF_GREEN_GROWTH(1.1),Green Growth,I,MYS,Malaysia,A,Annual,DMC_MET,PT_CONS_MAT_D,Percentage of domestic material consumption,_T,Total - all activities,2018,2.63,E,Estimated value,0,Units,_Z,2015.0,2.0,2.0
DATAFLOW,OECD.ENV.EPI:DSD_GG@DF_GREEN_GROWTH(1.1),Green Growth,I,MYS,Malaysia,A,Annual,DMC_MET,PT_CONS_MAT_D,Percentage of domestic material consumption,_T,Total - all activities,2017,1.8,E,Estimated value,0,Units,_Z,2015.0,2.0,2.0
DATAFLOW,OECD.ENV.EPI:DSD_GG@DF_GREEN_GROWTH(1.1),Green Growth,I,MYS,Malaysia,A,Annual,DMC_MET,PT_CONS_MAT_D,Percentage of domestic material consumption,_T,Total - all activities,2016,2.49,E,Estimated value,0,Units,_Z,2015.0,2.0,2.0
DATAFLOW,OECD.ENV.EPI:DSD_GG@DF_GREEN_GROWTH(1.1),Green Growth,I,MYS,Malaysia,A,Annual,DMC_MET,PT_CONS_MAT_D,Percentage of domestic material consumption,_T,Total - all activities,2015,-1.82,E,Estimated value,0,Units,_Z,2015.0,2.0,2.0
DATAFLOW,OECD.ENV.EPI:DSD_GG@DF_GREEN_GROWTH(1.1),Green Growth,I,MYS,Malaysia,A,Annual,DMC_MET,PT_CONS_MAT_D,Percentage of domestic material consumption,_T,Total - all activities,2014,2.33,E,Estimated value,0,Units,_Z,2015.0,2.0,2.0
DATAFLOW,OECD.ENV.EPI:DSD_GG@DF_GREEN_GROWTH(1.1),Green Growth,I,MYS,Malaysia,A,Annual,DMC_MET,PT_CONS_MAT_D,Percentage of domestic material consumption,_T,Total - all activities,2013,2.18,E,Estimated value,0,Units,_Z,2015.0,2.0,2.0
DATAFLOW,OECD.ENV.EPI:DSD_GG@DF_GREEN_GROWTH(1.1),Green Growth,I,MYS,Malaysia,A,Annual,DMC_MET,PT_CONS_MAT_D,Percentage of domestic material consumption,_T,Total - all activities,2012,2.4,E,Estimated value,0,Units,_Z,2015.0,2.0,2.0
DATAFLOW,OECD.ENV.EPI:DSD_GG@DF_GREEN_GROWTH(1.1),Green Growth,I,MYS,Malaysia,A,Annual,DMC_MET,PT_CONS_MAT_D,Percentage of domestic material consumption,_T,Total - all activities,2011,2.05,E,Estimated value,0,Units,_Z,2015.0,2.0,2.0
DATAFLOW,OECD.ENV.EPI:DSD_GG@DF_GREEN_GROWTH(1.1),Green Growth,I,MYS,Malaysia,A,Annual,DMC_MET,PT_CONS_MAT_D,Percentage of domestic material consumption,_T,Total - all activities,2010,2.47,E,Estimated value,0,Units,_Z,2015.0,2.0,2.0
DATAFLOW,OECD.ENV.EPI:DSD_GG@DF_GREEN_GROWTH(1.1),Green Growth,I,MYS,Malaysia,A,Annual,DMC_MET,PT_CONS_MAT_D,Percentage of domestic material consumption,_T,Total - all activities,2009,1.75,E,Estimated value,0,Units,_Z,2015.0,2.0,2.0
DATAFLOW,OECD.ENV.EPI:DSD_GG@DF_GREEN_GROWTH(1.1),Green Growth,I,MYS,Malaysia,A,Annual,GPAT_DE_RTA,IX,Index,_T,Total - all activities,2007,0.67,A,Normal value,0,Units,_Z,2015.0,3.0,2.0
DATAFLOW,OECD.ENV.EPI:DSD_GG@DF_GREEN_GROWTH(1.1),Green Growth,I,MYS,Malaysia,A,Annual,GPAT_DE_RTA,IX,Index,_T,Total - all activities,2006,1.18,A,Normal value,0,Units,_Z,2015.0,3.0,2.0
DATAFLOW,OECD.ENV.EPI:DSD_GG@DF_GREEN_GROWTH(1.1),Green Growth,I,MYS,Malaysia,A,Annual,GPAT_DE_RTA,IX,Index,_T,Total - all activities,2005,0.44,A,Normal value,0,Units,_Z,2015.0,3.0,2.0
DATAFLOW,OECD.ENV.EPI:DSD_GG@DF_GREEN_GROWTH(1.1),Green Growth,I,MYS,Malaysia,A,Annual,GPAT_DE_RTA,IX,Index,_T,Total - all activities,2004,0.71,A,Normal value,0,Units,_Z,2015.0,3.0,2.0
DATAFLOW,OECD.ENV.EPI:DSD_GG@DF_GREEN_GROWTH(1.1),Green Growth,I,MYS,Malaysia,A,Annual,GPAT_DE_RTA,IX,Index,_T,Total - all activities,2003,0.82,A,Normal value,0,Units,_Z,2015.0,3.0,2.0
DATAFLOW,OECD.ENV.EPI:DSD_GG@DF_GREEN_GROWTH(1.1),Green Growth,I,MYS,Malaysia,A,Annual,GPAT_DE_RTA,IX,Index,_T,Total - all activities,2002,0.54,A,Normal value,0,Units,_Z,2015.0,3.0,2.0
DATAFLOW,OECD.ENV.EPI:DSD_GG@DF_GREEN_GROWTH(1.1),Green Growth,I,MYS,Malaysia,A,Annual,GPAT_DE_RTA,IX,Index,_T,Total - all activities,2001,0.95,A,Normal value,0,Units,_Z,2015.0,3.0,2.0
DATAFLOW,OECD.ENV.EPI:DSD_GG@DF_GREEN_GROWTH(1.1),Green Growth,I,MYS,Malaysia,A,Annual,GPAT_DE_RTA,IX,Index,_T,Total - all activities,2000,0.73,A,Normal value,0,Units,_Z,2015.0,3.0,2.0
DATAFLOW,OECD.ENV.EPI:DSD_GG@DF_GREEN_GROWTH(1.1),Green Growth,I,MYS,Malaysia,A,Annual,GPAT_DE_RTA,IX,Index,_T,Total - all activities,2019,0.79,A,Normal value,0,Units,_Z,2015.0,3.0,2.0
DATAFLOW,OECD.ENV.EPI:DSD_GG@DF_GREEN_GROWTH(1.1),Green Growth,I,MYS,Malaysia,A,Annual,GPAT_DE_RTA,IX,Index,_T,Total - all activities,2018,0.54,A,Normal value,0,Units,_Z,2015.0,3.0,2.0
DATAFLOW,OECD.ENV.EPI:DSD_GG@DF_GREEN_GROWTH(1.1),Green Growth,I,MYS,Malaysia,A,Annual,GPAT_DE_RTA,IX,Index,_T,Total - all activities,2017,0.66,A,Normal value,0,Units,_Z,2015.0,3.0,2.0
DATAFLOW,OECD.ENV.EPI:DSD_GG@DF_GREEN_GROWTH(1.1),Green Growth,I,MYS,Malaysia,A,Annual,GPAT_DE_RTA,IX,Index,_T,Total - all activities,2016,0.75,A,Normal value,0,Units,_Z,2015.0,3.0,2.0
DATAFLOW,OECD.ENV.EPI:DSD_GG@DF_GREEN_GROWTH(1.1),Green Growth,I,MYS,Malaysia,A,Annual,GPAT_DE_RTA,IX,Index,_T,Total - all activities,2015,0.65,A,Normal value,0,Units,_Z,2015.0,3.0,2.0
DATAFLOW,OECD.ENV.EPI:DSD_GG@DF_GREEN_GROWTH(1.1),Green Growth,I,MYS,Malaysia,A,Annual,GPAT_DE_RTA,IX,Index,_T,Total - all activities,2014,0.71,A,Normal value,0,Units,_Z,2015.0,3.0,2.0
DATAFLOW,OECD.ENV.EPI:DSD_GG@DF_GREEN_GROWTH(1.1),Green Growth,I,MYS,Malaysia,A,Annual,GPAT_DE_RTA,IX,Index,_T,Total - all activities,2013,0.77,A,Normal value,0,Units,_Z,2015.0,3.0,2.0
DATAFLOW,OECD.ENV.EPI:DSD_GG@DF_GREEN_GROWTH(1.1),Green Growth,I,MYS,Malaysia,A,Annual,GPAT_DE_RTA,IX,Index,_T,Total - all activities,2012,0.75,A,Normal value,0,Units,_Z,2015.0,3.0,2.0
DATAFLOW,OECD.ENV.EPI:DSD_GG@DF_GREEN_GROWTH(1.1),Green Growth,I,MYS,Malaysia,A,Annual,GPAT_DE_RTA,IX,Index,_T,Total - all activities,2011,0.83,A,Normal value,0,Units,_Z,2015.0,3.0,2.0
DATAFLOW,OECD.ENV.EPI:DSD_GG@DF_GREEN_GROWTH(1.1),Green Growth,I,MYS,Malaysia,A,Annual,GPAT_DE_RTA,IX,Index,_T,Total - all activities,2010,0.6,A,Normal value,0,Units,_Z,2015.0,3.0,2.0
DATAFLOW,OECD.ENV.EPI:DSD_GG@DF_GREEN_GROWTH(1.1),Green Growth,I,MYS,Malaysia,A,Annual,GPAT_DE_RTA,IX,Index,_T,Total - all activities,2009,0.73,A,Normal value,0,Units,_Z,2015.0,3.0,2.0
DATAFLOW,OECD.ENV.EPI:DSD_GG@DF_GREEN_GROWTH(1.1),Green Growth,I,MYS,Malaysia,A,Annual,ASEW,_X,Unspecified,_T,Total - all activities,2009,9.675,A,Normal value,0,Units,,2015.0,2.0,2.0
DATAFLOW,OECD.ENV.EPI:DSD_GG@DF_GREEN_GROWTH(1.1),Green Growth,I,MYS,Malaysia,A,Annual,ASEW,_X,Unspecified,_T,Total - all activities,2008,9.675,A,Normal value,0,Units,,2015.0,2.0,2.0
DATAFLOW,OECD.ENV.EPI:DSD_GG@DF_GREEN_GROWTH(1.1),Green Growth,I,MYS,Malaysia,A,Annual,ASEW,_X,Unspecified,_T,Total - all activities,2007,9.675,A,Normal value,0,Units,,2015.0,2.0,2.0
DATAFLOW,OECD.ENV.EPI:DSD_GG@DF_GREEN_GROWTH(1.1),Green Growth,I,MYS,Malaysia,A,Annual,ASEW,_X,Unspecified,_T,Total - all activities,2006,9.675,A,Normal value,0,Units,,2015.0,2.0,2.0
DATAFLOW,OECD.ENV.EPI:DSD_GG@DF_GREEN_GROWTH(1.1),Green Growth,I,MYS,Malaysia,A,Annual,ASEW,_X,Unspecified,_T,Total - all activities,2005,9.675,A,Normal value,0,Units,,2015.0,2.0,2.0
DATAFLOW,OECD.ENV.EPI:DSD_GG@DF_GREEN_GROWTH(1.1),Green Growth,I,MYS,Malaysia,A,Annual,ASEW,_X,Unspecified,_T,Total - all activities,2004,9.675,A,Normal value,0,Units,,2015.0,2.0,2.0
DATAFLOW,OECD.ENV.EPI:DSD_GG@DF_GREEN_GROWTH(1.1),Green Growth,I,MYS,Malaysia,A,Annual,ASEW,_X,Unspecified,_T,Total - all activities,2003,9.675,A,Normal value,0,Units,,2015.0,2.0,2.0
DATAFLOW,OECD.ENV.EPI:DSD_GG@DF_GREEN_GROWTH(1.1),Green Growth,I,MYS,Malaysia,A,Annual,ASEW,_X,Unspecified,_T,Total - all activities,2002,9.675,A,Normal value,0,Units,,2015.0,2.0,2.0
DATAFLOW,OECD.ENV.EPI:DSD_GG@DF_GREEN_GROWTH(1.1),Green Growth,I,MYS,Malaysia,A,Annual,ASEW,_X,Unspecified,_T,Total - all activities,2001,9.675,A,Normal value,0,Units,,2015.0,2.0,2.0
DATAFLOW,OECD.ENV.EPI:DSD_GG@DF_GREEN_GROWTH(1.1),Green Growth,I,MYS,Malaysia,A,Annual,ASEW,_X,Unspecified,_T,Total - all activities,2000,9.675,A,Normal value,0,Units,,2015.0,2.0,2.0
DATAFLOW,OECD.ENV.EPI:DSD_GG@DF_GREEN_GROWTH(1.1),Green Growth,I,MYS,Malaysia,A,Annual,ASEW,_X,Unspecified,_T,Total - all activities,2022,9.675,A,Normal value,0,Units,,2015.0,2.0,2.0
DATAFLOW,OECD.ENV.EPI:DSD_GG@DF_GREEN_GROWTH(1.1),Green Growth,I,MYS,Malaysia,A,Annual,ASEW,_X,Unspecified,_T,Total - all activities,2021,9.675,A,Normal value,0,Units,,2015.0,2.0,2.0
DATAFLOW,OECD.ENV.EPI:DSD_GG@DF_GREEN_GROWTH(1.1),Green Growth,I,MYS,Malaysia,A,Annual,ASEW,_X,Unspecified,_T,Total - all activities,2020,9.675,A,Normal value,0,Units,,2015.0,2.0,2.0
DATAFLOW,OECD.ENV.EPI:DSD_GG@DF_GREEN_GROWTH(1.1),Green Growth,I,MYS,Malaysia,A,Annual,ASEW,_X,Unspecified,_T,Total - all activities,2019,9.675,A,Normal value,0,Units,,2015.0,2.0,2.0
DATAFLOW,OECD.ENV.EPI:DSD_GG@DF_GREEN_GROWTH(1.1),Green Growth,I,MYS,Malaysia,A,Annual,ASEW,_X,Unspecified,_T,Total - all activities,2018,9.675,A,Normal value,0,Units,,2015.0,2.0,2.0
DATAFLOW,OECD.ENV.EPI:DSD_GG@DF_GREEN_GROWTH(1.1),Green Growth,I,MYS,Malaysia,A,Annual,ASEW,_X,Unspecified,_T,Total - all activities,2017,9.675,A,Normal value,0,Units,,2015.0,2.0,2.0
DATAFLOW,OECD.ENV.EPI:DSD_GG@DF_GREEN_GROWTH(1.1),Green Growth,I,MYS,Malaysia,A,Annual,ASEW,_X,Unspecified,_T,Total - all activities,2016,9.675,A,Normal value,0,Units,,2015.0,2.0,2.0
DATAFLOW,OECD.ENV.EPI:DSD_GG@DF_GREEN_GROWTH(1.1),Green Growth,I,MYS,Malaysia,A,Annual,ASEW,_X,Unspecified,_T,Total - all activities,2015,9.675,A,Normal value,0,Units,,2015.0,2.0,2.0
DATAFLOW,OECD.ENV.EPI:DSD_GG@DF_GREEN_GROWTH(1.1),Green Growth,I,MYS,Malaysia,A,Annual,ASEW,_X,Unspecified,_T,Total - all activities,2014,9.675,A,Normal value,0,Units,,2015.0,2.0,2.0
DATAFLOW,OECD.ENV.EPI:DSD_GG@DF_GREEN_GROWTH(1.1),Green Growth,I,MYS,Malaysia,A,Annual,ASEW,_X,Unspecified,_T,Total - all activities,2013,9.675,A,Normal value,0,Units,,2015.0,2.0,2.0
DATAFLOW,OECD.ENV.EPI:DSD_GG@DF_GREEN_GROWTH(1.1),Green Growth,I,MYS,Malaysia,A,Annual,ASEW,_X,Unspecified,_T,Total - all activities,2012,9.675,A,Normal value,0,Units,,2015.0,2.0,2.0
DATAFLOW,OECD.ENV.EPI:DSD_GG@DF_GREEN_GROWTH(1.1),Green Growth,I,MYS,Malaysia,A,Annual,ASEW,_X,Unspecified,_T,Total - all activities,2011,9.675,A,Normal value,0,Units,,2015.0,2.0,2.0
DATAFLOW,OECD.ENV.EPI:DSD_GG@DF_GREEN_GROWTH(1.1),Green Growth,I,MYS,Malaysia,A,Annual,PB_MOR,DT_10P6HB,Deaths per 1 000 000 inhabitants,_T,Total - all activities,2007,33.47,A,Normal value,0,Units,_Z,2015.0,3.0,2.0
DATAFLOW,OECD.ENV.EPI:DSD_GG@DF_GREEN_GROWTH(1.1),Green Growth,I,MYS,Malaysia,A,Annual,PB_MOR,DT_10P6HB,Deaths per 1 000 000 inhabitants,_T,Total - all activities,2006,33.71,A,Normal value,0,Units,_Z,2015.0,3.0,2.0
DATAFLOW,OECD.ENV.EPI:DSD_GG@DF_GREEN_GROWTH(1.1),Green Growth,I,MYS,Malaysia,A,Annual,PB_MOR,DT_10P6HB,Deaths per 1 000 000 inhabitants,_T,Total - all activities,2005,33.88,A,Normal value,0,Units,_Z,2015.0,3.0,2.0
DATAFLOW,OECD.ENV.EPI:DSD_GG@DF_GREEN_GROWTH(1.1),Green Growth,I,MYS,Malaysia,A,Annual,PB_MOR,DT_10P6HB,Deaths per 1 000 000 inhabitants,_T,Total - all activities,2004,34.47,A,Normal value,0,Units,_Z,2015.0,3.0,2.0
DATAFLOW,OECD.ENV.EPI:DSD_GG@DF_GREEN_GROWTH(1.1),Green Growth,I,MYS,Malaysia,A,Annual,PB_MOR,DT_10P6HB,Deaths per 1 000 000 inhabitants,_T,Total - all activities,2003,35.31,A,Normal value,0,Units,_Z,2015.0,3.0,2.0
DATAFLOW,OECD.ENV.EPI:DSD_GG@DF_GREEN_GROWTH(1.1),Green Growth,I,MYS,Malaysia,A,Annual,PB_MOR,DT_10P6HB,Deaths per 1 000 000 inhabitants,_T,Total - all activities,2002,34.95,A,Normal value,0,Units,_Z,2015.0,3.0,2.0
DATAFLOW,OECD.ENV.EPI:DSD_GG@DF_GREEN_GROWTH(1.1),Green Growth,I,MYS,Malaysia,A,Annual,PB_MOR,DT_10P6HB,Deaths per 1 000 000 inhabitants,_T,Total - all activities,2001,34.87,A,Normal value,0,Units,_Z,2015.0,3.0,2.0
DATAFLOW,OECD.ENV.EPI:DSD_GG@DF_GREEN_GROWTH(1.1),Green Growth,I,MYS,Malaysia,A,Annual,PB_MOR,DT_10P6HB,Deaths per 1 000 000 inhabitants,_T,Total - all activities,2000,34.82,A,Normal value,0,Units,_Z,2015.0,3.0,2.0
DATAFLOW,OECD.ENV.EPI:DSD_GG@DF_GREEN_GROWTH(1.1),Green Growth,I,MYS,Malaysia,A,Annual,PB_MOR,DT_10P6HB,Deaths per 1 000 000 inhabitants,_T,Total - all activities,2019,35.97,A,Normal value,0,Units,_Z,2015.0,3.0,2.0
DATAFLOW,OECD.ENV.EPI:DSD_GG@DF_GREEN_GROWTH(1.1),Green Growth,I,MYS,Malaysia,A,Annual,PB_MOR,DT_10P6HB,Deaths per 1 000 000 inhabitants,_T,Total - all activities,2018,34.71,A,Normal value,0,Units,_Z,2015.0,3.0,2.0
DATAFLOW,OECD.ENV.EPI:DSD_GG@DF_GREEN_GROWTH(1.1),Green Growth,I,MYS,Malaysia,A,Annual,PB_MOR,DT_10P6HB,Deaths per 1 000 000 inhabitants,_T,Total - all activities,2017,34.34,A,Normal value,0,Units,_Z,2015.0,3.0,2.0
DATAFLOW,OECD.ENV.EPI:DSD_GG@DF_GREEN_GROWTH(1.1),Green Growth,I,MYS,Malaysia,A,Annual,PB_MOR,DT_10P6HB,Deaths per 1 000 000 inhabitants,_T,Total - all activities,2016,33.88,A,Normal value,0,Units,_Z,2015.0,3.0,2.0
DATAFLOW,OECD.ENV.EPI:DSD_GG@DF_GREEN_GROWTH(1.1),Green Growth,I,MYS,Malaysia,A,Annual,PB_MOR,DT_10P6HB,Deaths per 1 000 000 inhabitants,_T,Total - all activities,2015,32.83,A,Normal value,0,Units,_Z,2015.0,3.0,2.0
DATAFLOW,OECD.ENV.EPI:DSD_GG@DF_GREEN_GROWTH(1.1),Green Growth,I,MYS,Malaysia,A,Annual,PB_MOR,DT_10P6HB,Deaths per 1 000 000 inhabitants,_T,Total - all activities,2014,32.46,A,Normal value,0,Units,_Z,2015.0,3.0,2.0
DATAFLOW,OECD.ENV.EPI:DSD_GG@DF_GREEN_GROWTH(1.1),Green Growth,I,MYS,Malaysia,A,Annual,PB_MOR,DT_10P6HB,Deaths per 1 000 000 inhabitants,_T,Total - all activities,2013,31.62,A,Normal value,0,Units,_Z,2015.0,3.0,2.0
DATAFLOW,OECD.ENV.EPI:DSD_GG@DF_GREEN_GROWTH(1.1),Green Growth,I,MYS,Malaysia,A,Annual,PB_MOR,DT_10P6HB,Deaths per 1 000 000 inhabitants,_T,Total - all activities,2012,33.02,A,Normal value,0,Units,_Z,2015.0,3.0,2.0
DATAFLOW,OECD.ENV.EPI:DSD_GG@DF_GREEN_GROWTH(1.1),Green Growth,I,MYS,Malaysia,A,Annual,PB_MOR,DT_10P6HB,Deaths per 1 000 000 inhabitants,_T,Total - all activities,2011,33.49,A,Normal value,0,Units,_Z,2015.0,3.0,2.0
DATAFLOW,OECD.ENV.EPI:DSD_GG@DF_GREEN_GROWTH(1.1),Green Growth,I,MYS,Malaysia,A,Annual,PB_MOR,DT_10P6HB,Deaths per 1 000 000 inhabitants,_T,Total - all activities,2010,33.81,A,Normal value,0,Units,_Z,2015.0,3.0,2.0
DATAFLOW,OECD.ENV.EPI:DSD_GG@DF_GREEN_GROWTH(1.1),Green Growth,I,MYS,Malaysia,A,Annual,PB_MOR,DT_10P6HB,Deaths per 1 000 000 inhabitants,_T,Total - all activities,2009,34.65,A,Normal value,0,Units,_Z,2015.0,3.0,2.0
DATAFLOW,OECD.ENV.EPI:DSD_GG@DF_GREEN_GROWTH(1.1),Green Growth,I,MYS,Malaysia,A,Annual,CO2_DBEM,IX,Index,_T,Total - all activities,2007,162.74,A,Normal value,0,Units,_Z,2000.0,2.0,2.0
DATAFLOW,OECD.ENV.EPI:DSD_GG@DF_GREEN_GROWTH(1.1),Green Growth,I,MYS,Malaysia,A,Annual,CO2_DBEM,IX,Index,_T,Total - all activities,2006,143.54,A,Normal value,0,Units,_Z,2000.0,2.0,2.0
DATAFLOW,OECD.ENV.EPI:DSD_GG@DF_GREEN_GROWTH(1.1),Green Growth,I,MYS,Malaysia,A,Annual,CO2_DBEM,IX,Index,_T,Total - all activities,2005,142.67,A,Normal value,0,Units,_Z,2000.0,2.0,2.0
DATAFLOW,OECD.ENV.EPI:DSD_GG@DF_GREEN_GROWTH(1.1),Green Growth,I,MYS,Malaysia,A,Annual,CO2_DBEM,IX,Index,_T,Total - all activities,2004,136.16,A,Normal value,0,Units,_Z,2000.0,2.0,2.0
DATAFLOW,OECD.ENV.EPI:DSD_GG@DF_GREEN_GROWTH(1.1),Green Growth,I,MYS,Malaysia,A,Annual,CO2_DBEM,IX,Index,_T,Total - all activities,2003,127.39,A,Normal value,0,Units,_Z,2000.0,2.0,2.0
DATAFLOW,OECD.ENV.EPI:DSD_GG@DF_GREEN_GROWTH(1.1),Green Growth,I,MYS,Malaysia,A,Annual,CO2_DBEM,IX,Index,_T,Total - all activities,2002,129.86,A,Normal value,0,Units,_Z,2000.0,2.0,2.0
DATAFLOW,OECD.ENV.EPI:DSD_GG@DF_GREEN_GROWTH(1.1),Green Growth,I,MYS,Malaysia,A,Annual,CO2_DBEM,IX,Index,_T,Total - all activities,2001,117.1,A,Normal value,0,Units,_Z,2000.0,2.0,2.0
DATAFLOW,OECD.ENV.EPI:DSD_GG@DF_GREEN_GROWTH(1.1),Green Growth,I,MYS,Malaysia,A,Annual,CO2_DBEM,IX,Index,_T,Total - all activities,2000,100.0,A,Normal value,0,Units,_Z,2000.0,2.0,2.0
DATAFLOW,OECD.ENV.EPI:DSD_GG@DF_GREEN_GROWTH(1.1),Green Growth,I,MYS,Malaysia,A,Annual,CO2_DBEM,IX,Index,_T,Total - all activities,2018,288.16,A,Normal value,0,Units,_Z,2000.0,2.0,2.0
DATAFLOW,OECD.ENV.EPI:DSD_GG@DF_GREEN_GROWTH(1.1),Green Growth,I,MYS,Malaysia,A,Annual,CO2_DBEM,IX,Index,_T,Total - all activities,2017,271.13,A,Normal value,0,Units,_Z,2000.0,2.0,2.0
DATAFLOW,OECD.ENV.EPI:DSD_GG@DF_GREEN_GROWTH(1.1),Green Growth,I,MYS,Malaysia,A,Annual,CO2_DBEM,IX,Index,_T,Total - all activities,2016,269.91,A,Normal value,0,Units,_Z,2000.0,2.0,2.0
DATAFLOW,OECD.ENV.EPI:DSD_GG@DF_GREEN_GROWTH(1.1),Green Growth,I,MYS,Malaysia,A,Annual,CO2_DBEM,IX,Index,_T,Total - all activities,2015,267.74,A,Normal value,0,Units,_Z,2000.0,2.0,2.0
DATAFLOW,OECD.ENV.EPI:DSD_GG@DF_GREEN_GROWTH(1.1),Green Growth,I,MYS,Malaysia,A,Annual,CO2_DBEM,IX,Index,_T,Total - all activities,2014,273.94,A,Normal value,0,Units,_Z,2000.0,2.0,2.0
DATAFLOW,OECD.ENV.EPI:DSD_GG@DF_GREEN_GROWTH(1.1),Green Growth,I,MYS,Malaysia,A,Annual,CO2_DBEM,IX,Index,_T,Total - all activities,2013,265.46,A,Normal value,0,Units,_Z,2000.0,2.0,2.0
DATAFLOW,OECD.ENV.EPI:DSD_GG@DF_GREEN_GROWTH(1.1),Green Growth,I,MYS,Malaysia,A,Annual,CO2_DBEM,IX,Index,_T,Total - all activities,2012,238.85,A,Normal value,0,Units,_Z,2000.0,2.0,2.0
DATAFLOW,OECD.ENV.EPI:DSD_GG@DF_GREEN_GROWTH(1.1),Green Growth,I,MYS,Malaysia,A,Annual,CO2_DBEM,IX,Index,_T,Total - all activities,2011,218.13,A,Normal value,0,Units,_Z,2000.0,2.0,2.0
DATAFLOW,OECD.ENV.EPI:DSD_GG@DF_GREEN_GROWTH(1.1),Green Growth,I,MYS,Malaysia,A,Annual,CO2_DBEM,IX,Index,_T,Total - all activities,2010,218.58,A,Normal value,0,Units,_Z,2000.0,2.0,2.0
DATAFLOW,OECD.ENV.EPI:DSD_GG@DF_GREEN_GROWTH(1.1),Green Growth,I,MYS,Malaysia,A,Annual,CO2_DBEM,IX,Index,_T,Total - all activities,2009,175.18,A,Normal value,0,Units,_Z,2000.0,2.0,2.0
DATAFLOW,OECD.ENV.EPI:DSD_GG@DF_GREEN_GROWTH(1.1),Green Growth,I,MYS,Malaysia,A,Annual,GHG_PBPROD,USD_KG_CO2E,US dollars per kilogramme of CO2-equivalent,_T,Total - all activities,2007,1.94,A,Normal value,0,Units,Q,2015.0,3.0,2.0
DATAFLOW,OECD.ENV.EPI:DSD_GG@DF_GREEN_GROWTH(1.1),Green Growth,I,MYS,Malaysia,A,Annual,GHG_PBPROD,USD_KG_CO2E,US dollars per kilogramme of CO2-equivalent,_T,Total - all activities,2006,1.99,A,Normal value,0,Units,Q,2015.0,3.0,2.0
DATAFLOW,OECD.ENV.EPI:DSD_GG@DF_GREEN_GROWTH(1.1),Green Growth,I,MYS,Malaysia,A,Annual,GHG_PBPROD,USD_KG_CO2E,US dollars per kilogramme of CO2-equivalent,_T,Total - all activities,2005,1.93,A,Normal value,0,Units,Q,2015.0,3.0,2.0
DATAFLOW,OECD.ENV.EPI:DSD_GG@DF_GREEN_GROWTH(1.1),Green Growth,I,MYS,Malaysia,A,Annual,GHG_PBPROD,USD_KG_CO2E,US dollars per kilogramme of CO2-equivalent,_T,Total - all activities,2004,1.94,A,Normal value,0,Units,Q,2015.0,3.0,2.0
DATAFLOW,OECD.ENV.EPI:DSD_GG@DF_GREEN_GROWTH(1.1),Green Growth,I,MYS,Malaysia,A,Annual,GHG_PBPROD,USD_KG_CO2E,US dollars per kilogramme of CO2-equivalent,_T,Total - all activities,2003,1.98,A,Normal value,0,Units,Q,2015.0,3.0,2.0
DATAFLOW,OECD.ENV.EPI:DSD_GG@DF_GREEN_GROWTH(1.1),Green Growth,I,MYS,Malaysia,A,Annual,GHG_PBPROD,USD_KG_CO2E,US dollars per kilogramme of CO2-equivalent,_T,Total - all activities,2002,1.91,A,Normal value,0,Units,Q,2015.0,3.0,2.0
DATAFLOW,OECD.ENV.EPI:DSD_GG@DF_GREEN_GROWTH(1.1),Green Growth,I,MYS,Malaysia,A,Annual,GHG_PBPROD,USD_KG_CO2E,US dollars per kilogramme of CO2-equivalent,_T,Total - all activities,2001,1.94,A,Normal value,0,Units,Q,2015.0,3.0,2.0
DATAFLOW,OECD.ENV.EPI:DSD_GG@DF_GREEN_GROWTH(1.1),Green Growth,I,MYS,Malaysia,A,Annual,GHG_PBPROD,USD_KG_CO2E,US dollars per kilogramme of CO2-equivalent,_T,Total - all activities,2000,2.01,A,Normal value,0,Units,Q,2015.0,3.0,2.0
DATAFLOW,OECD.ENV.EPI:DSD_GG@DF_GREEN_GROWTH(1.1),Green Growth,I,MYS,Malaysia,A,Annual,GHG_PBPROD,USD_KG_CO2E,US dollars per kilogramme of CO2-equivalent,_T,Total - all activities,2020,2.83,A,Normal value,0,Units,Q,2015.0,3.0,2.0
DATAFLOW,OECD.ENV.EPI:DSD_GG@DF_GREEN_GROWTH(1.1),Green Growth,I,MYS,Malaysia,A,Annual,GHG_PBPROD,USD_KG_CO2E,US dollars per kilogramme of CO2-equivalent,_T,Total - all activities,2019,2.88,A,Normal value,0,Units,Q,2015.0,3.0,2.0
DATAFLOW,OECD.ENV.EPI:DSD_GG@DF_GREEN_GROWTH(1.1),Green Growth,I,MYS,Malaysia,A,Annual,GHG_PBPROD,USD_KG_CO2E,US dollars per kilogramme of CO2-equivalent,_T,Total - all activities,2018,2.8,A,Normal value,0,Units,Q,2015.0,3.0,2.0
DATAFLOW,OECD.ENV.EPI:DSD_GG@DF_GREEN_GROWTH(1.1),Green Growth,I,MYS,Malaysia,A,Annual,GHG_PBPROD,USD_KG_CO2E,US dollars per kilogramme of CO2-equivalent,_T,Total - all activities,2017,2.75,A,Normal value,0,Units,Q,2015.0,3.0,2.0
DATAFLOW,OECD.ENV.EPI:DSD_GG@DF_GREEN_GROWTH(1.1),Green Growth,I,MYS,Malaysia,A,Annual,GHG_PBPROD,USD_KG_CO2E,US dollars per kilogramme of CO2-equivalent,_T,Total - all activities,2016,2.65,A,Normal value,0,Units,Q,2015.0,3.0,2.0
DATAFLOW,OECD.ENV.EPI:DSD_GG@DF_GREEN_GROWTH(1.1),Green Growth,I,MYS,Malaysia,A,Annual,GHG_PBPROD,USD_KG_CO2E,US dollars per kilogramme of CO2-equivalent,_T,Total - all activities,2015,2.5,A,Normal value,0,Units,Q,2015.0,3.0,2.0
DATAFLOW,OECD.ENV.EPI:DSD_GG@DF_GREEN_GROWTH(1.1),Green Growth,I,MYS,Malaysia,A,Annual,GHG_PBPROD,USD_KG_CO2E,US dollars per kilogramme of CO2-equivalent,_T,Total - all activities,2014,2.37,A,Normal value,0,Units,Q,2015.0,3.0,2.0
DATAFLOW,OECD.ENV.EPI:DSD_GG@DF_GREEN_GROWTH(1.1),Green Growth,I,MYS,Malaysia,A,Annual,GHG_PBPROD,USD_KG_CO2E,US dollars per kilogramme of CO2-equivalent,_T,Total - all activities,2013,2.33,A,Normal value,0,Units,Q,2015.0,3.0,2.0
DATAFLOW,OECD.ENV.EPI:DSD_GG@DF_GREEN_GROWTH(1.1),Green Growth,I,MYS,Malaysia,A,Annual,GHG_PBPROD,USD_KG_CO2E,US dollars per kilogramme of CO2-equivalent,_T,Total - all activities,2012,2.35,A,Normal value,0,Units,Q,2015.0,3.0,2.0
DATAFLOW,OECD.ENV.EPI:DSD_GG@DF_GREEN_GROWTH(1.1),Green Growth,I,MYS,Malaysia,A,Annual,GHG_PBPROD,USD_KG_CO2E,US dollars per kilogramme of CO2-equivalent,_T,Total - all activities,2011,2.18,A,Normal value,0,Units,Q,2015.0,3.0,2.0
DATAFLOW,OECD.ENV.EPI:DSD_GG@DF_GREEN_GROWTH(1.1),Green Growth,I,MYS,Malaysia,A,Annual,GHG_PBPROD,USD_KG_CO2E,US dollars per kilogramme of CO2-equivalent,_T,Total - all activities,2010,1.98,A,Normal value,0,Units,Q,2015.0,3.0,2.0
DATAFLOW,OECD.ENV.EPI:DSD_GG@DF_GREEN_GROWTH(1.1),Green Growth,I,MYS,Malaysia,A,Annual,GHG_PBPROD,USD_KG_CO2E,US dollars per kilogramme of CO2-equivalent,_T,Total - all activities,2009,2.02,A,Normal value,0,Units,Q,2015.0,3.0,2.0
DATAFLOW,OECD.ENV.EPI:DSD_GG@DF_GREEN_GROWTH(1.1),Green Growth,I,MYS,Malaysia,A,Annual,NRGC,PT_CONS_NRG,Percentage of energy consumption,H,Transportation and storage,2007,31.9,A,Normal value,0,Units,_Z,2015.0,1.0,2.0
DATAFLOW,OECD.ENV.EPI:DSD_GG@DF_GREEN_GROWTH(1.1),Green Growth,I,MYS,Malaysia,A,Annual,NRGC,PT_CONS_NRG,Percentage of energy consumption,H,Transportation and storage,2006,33.44,A,Normal value,0,Units,_Z,2015.0,1.0,2.0
DATAFLOW,OECD.ENV.EPI:DSD_GG@DF_GREEN_GROWTH(1.1),Green Growth,I,MYS,Malaysia,A,Annual,NRGC,PT_CONS_NRG,Percentage of energy consumption,H,Transportation and storage,2005,36.7,A,Normal value,0,Units,_Z,2015.0,1.0,2.0
DATAFLOW,OECD.ENV.EPI:DSD_GG@DF_GREEN_GROWTH(1.1),Green Growth,I,MYS,Malaysia,A,Annual,NRGC,PT_CONS_NRG,Percentage of energy consumption,H,Transportation and storage,2004,37.84,A,Normal value,0,Units,_Z,2015.0,1.0,2.0
DATAFLOW,OECD.ENV.EPI:DSD_GG@DF_GREEN_GROWTH(1.1),Green Growth,I,MYS,Malaysia,A,Annual,NRGC,PT_CONS_NRG,Percentage of energy consumption,H,Transportation and storage,2003,37.91,A,Normal value,0,Units,_Z,2015.0,1.0,2.0
DATAFLOW,OECD.ENV.EPI:DSD_GG@DF_GREEN_GROWTH(1.1),Green Growth,I,MYS,Malaysia,A,Annual,NRGC,PT_CONS_NRG,Percentage of energy consumption,H,Transportation and storage,2002,36.96,A,Normal value,0,Units,_Z,2015.0,1.0,2.0
DATAFLOW,OECD.ENV.EPI:DSD_GG@DF_GREEN_GROWTH(1.1),Green Growth,I,MYS,Malaysia,A,Annual,NRGC,PT_CONS_NRG,Percentage of energy consumption,H,Transportation and storage,2001,38.09,A,Normal value,0,Units,_Z,2015.0,1.0,2.0
DATAFLOW,OECD.ENV.EPI:DSD_GG@DF_GREEN_GROWTH(1.1),Green Growth,I,MYS,Malaysia,A,Annual,NRGC,PT_CONS_NRG,Percentage of energy consumption,H,Transportation and storage,2000,37.15,A,Normal value,0,Units,_Z,2015.0,1.0,2.0
DATAFLOW,OECD.ENV.EPI:DSD_GG@DF_GREEN_GROWTH(1.1),Green Growth,I,MYS,Malaysia,A,Annual,NRGC,PT_CONS_NRG,Percentage of energy consumption,H,Transportation and storage,2020,34.29,A,Normal value,0,Units,_Z,2015.0,1.0,2.0
DATAFLOW,OECD.ENV.EPI:DSD_GG@DF_GREEN_GROWTH(1.1),Green Growth,I,MYS,Malaysia,A,Annual,NRGC,PT_CONS_NRG,Percentage of energy consumption,H,Transportation and storage,2019,34.93,A,Normal value,0,Units,_Z,2015.0,1.0,2.0
DATAFLOW,OECD.ENV.EPI:DSD_GG@DF_GREEN_GROWTH(1.1),Green Growth,I,MYS,Malaysia,A,Annual,NRGC,PT_CONS_NRG,Percentage of energy consumption,H,Transportation and storage,2018,33.53,A,Normal value,0,Units,_Z,2015.0,1.0,2.0
DATAFLOW,OECD.ENV.EPI:DSD_GG@DF_GREEN_GROWTH(1.1),Green Growth,I,MYS,Malaysia,A,Annual,NRGC,PT_CONS_NRG,Percentage of energy consumption,H,Transportation and storage,2017,34.47,A,Normal value,0,Units,_Z,2015.0,1.0,2.0
DATAFLOW,OECD.ENV.EPI:DSD_GG@DF_GREEN_GROWTH(1.1),Green Growth,I,MYS,Malaysia,A,Annual,NRGC,PT_CONS_NRG,Percentage of energy consumption,H,Transportation and storage,2016,39.2,A,Normal value,0,Units,_Z,2015.0,1.0,2.0
DATAFLOW,OECD.ENV.EPI:DSD_GG@DF_GREEN_GROWTH(1.1),Green Growth,I,MYS,Malaysia,A,Annual,NRGC,PT_CONS_NRG,Percentage of energy consumption,H,Transportation and storage,2015,41.5,A,Normal value,0,Units,_Z,2015.0,1.0,2.0
DATAFLOW,OECD.ENV.EPI:DSD_GG@DF_GREEN_GROWTH(1.1),Green Growth,I,MYS,Malaysia,A,Annual,NRGC,PT_CONS_NRG,Percentage of energy consumption,H,Transportation and storage,2014,42.68,A,Normal value,0,Units,_Z,2015.0,1.0,2.0
DATAFLOW,OECD.ENV.EPI:DSD_GG@DF_GREEN_GROWTH(1.1),Green Growth,I,MYS,Malaysia,A,Annual,NRGC,PT_CONS_NRG,Percentage of energy consumption,H,Transportation and storage,2013,37.54,A,Normal value,0,Units,_Z,2015.0,1.0,2.0
DATAFLOW,OECD.ENV.EPI:DSD_GG@DF_GREEN_GROWTH(1.1),Green Growth,I,MYS,Malaysia,A,Annual,NRGC,PT_CONS_NRG,Percentage of energy consumption,H,Transportation and storage,2012,32.36,A,Normal value,0,Units,_Z,2015.0,1.0,2.0
DATAFLOW,OECD.ENV.EPI:DSD_GG@DF_GREEN_GROWTH(1.1),Green Growth,I,MYS,Malaysia,A,Annual,NRGC,PT_CONS_NRG,Percentage of energy consumption,H,Transportation and storage,2011,34.35,A,Normal value,0,Units,_Z,2015.0,1.0,2.0
DATAFLOW,OECD.ENV.EPI:DSD_GG@DF_GREEN_GROWTH(1.1),Green Growth,I,MYS,Malaysia,A,Annual,NRGC,PT_CONS_NRG,Percentage of energy consumption,H,Transportation and storage,2010,35.76,A,Normal value,0,Units,_Z,2015.0,1.0,2.0
DATAFLOW,OECD.ENV.EPI:DSD_GG@DF_GREEN_GROWTH(1.1),Green Growth,I,MYS,Malaysia,A,Annual,NRGC,PT_CONS_NRG,Percentage of energy consumption,H,Transportation and storage,2009,36.11,A,Normal value,0,Units,_Z,2015.0,1.0,2.0
DATAFLOW,OECD.ENV.EPI:DSD_GG@DF_GREEN_GROWTH(1.1),Green Growth,I,MYS,Malaysia,A,Annual,POP_Y_GT65,PT_POP,Percentage of population,_T,Total - all activities,2007,4.55,A,Normal value,0,Units,_Z,2015.0,1.0,2.0
DATAFLOW,OECD.ENV.EPI:DSD_GG@DF_GREEN_GROWTH(1.1),Green Growth,I,MYS,Malaysia,A,Annual,POP_Y_GT65,PT_POP,Percentage of population,_T,Total - all activities,2006,4.47,A,Normal value,0,Units,_Z,2015.0,1.0,2.0
DATAFLOW,OECD.ENV.EPI:DSD_GG@DF_GREEN_GROWTH(1.1),Green Growth,I,MYS,Malaysia,A,Annual,POP_Y_GT65,PT_POP,Percentage of population,_T,Total - all activities,2005,4.38,A,Normal value,0,Units,_Z,2015.0,1.0,2.0
DATAFLOW,OECD.ENV.EPI:DSD_GG@DF_GREEN_GROWTH(1.1),Green Growth,I,MYS,Malaysia,A,Annual,POP_Y_GT65,PT_POP,Percentage of population,_T,Total - all activities,2004,4.3,A,Normal value,0,Units,_Z,2015.0,1.0,2.0
DATAFLOW,OECD.ENV.EPI:DSD_GG@DF_GREEN_GROWTH(1.1),Green Growth,I,MYS,Malaysia,A,Annual,POP_Y_GT65,PT_POP,Percentage of population,_T,Total - all activities,2003,4.21,A,Normal value,0,Units,_Z,2015.0,1.0,2.0
DATAFLOW,OECD.ENV.EPI:DSD_GG@DF_GREEN_GROWTH(1.1),Green Growth,I,MYS,Malaysia,A,Annual,POP_Y_GT65,PT_POP,Percentage of population,_T,Total - all activities,2002,4.11,A,Normal value,0,Units,_Z,2015.0,1.0,2.0
DATAFLOW,OECD.ENV.EPI:DSD_GG@DF_GREEN_GROWTH(1.1),Green Growth,I,MYS,Malaysia,A,Annual,POP_Y_GT65,PT_POP,Percentage of population,_T,Total - all activities,2001,4.02,A,Normal value,0,Units,_Z,2015.0,1.0,2.0
DATAFLOW,OECD.ENV.EPI:DSD_GG@DF_GREEN_GROWTH(1.1),Green Growth,I,MYS,Malaysia,A,Annual,POP_Y_GT65,PT_POP,Percentage of population,_T,Total - all activities,2000,3.94,A,Normal value,0,Units,_Z,2015.0,1.0,2.0
DATAFLOW,OECD.ENV.EPI:DSD_GG@DF_GREEN_GROWTH(1.1),Green Growth,I,MYS,Malaysia,A,Annual,POP_Y_GT65,PT_POP,Percentage of population,_T,Total - all activities,2021,6.76,A,Normal value,0,Units,_Z,2015.0,1.0,2.0
DATAFLOW,OECD.ENV.EPI:DSD_GG@DF_GREEN_GROWTH(1.1),Green Growth,I,MYS,Malaysia,A,Annual,POP_Y_GT65,PT_POP,Percentage of population,_T,Total - all activities,2020,6.55,A,Normal value,0,Units,_Z,2015.0,1.0,2.0
DATAFLOW,OECD.ENV.EPI:DSD_GG@DF_GREEN_GROWTH(1.1),Green Growth,I,MYS,Malaysia,A,Annual,POP_Y_GT65,PT_POP,Percentage of population,_T,Total - all activities,2019,6.33,A,Normal value,0,Units,_Z,2015.0,1.0,2.0
DATAFLOW,OECD.ENV.EPI:DSD_GG@DF_GREEN_GROWTH(1.1),Green Growth,I,MYS,Malaysia,A,Annual,POP_Y_GT65,PT_POP,Percentage of population,_T,Total - all activities,2018,6.12,A,Normal value,0,Units,_Z,2015.0,1.0,2.0
DATAFLOW,OECD.ENV.EPI:DSD_GG@DF_GREEN_GROWTH(1.1),Green Growth,I,MYS,Malaysia,A,Annual,POP_Y_GT65,PT_POP,Percentage of population,_T,Total - all activities,2017,5.92,A,Normal value,0,Units,_Z,2015.0,1.0,2.0
DATAFLOW,OECD.ENV.EPI:DSD_GG@DF_GREEN_GROWTH(1.1),Green Growth,I,MYS,Malaysia,A,Annual,POP_Y_GT65,PT_POP,Percentage of population,_T,Total - all activities,2016,5.73,A,Normal value,0,Units,_Z,2015.0,1.0,2.0
DATAFLOW,OECD.ENV.EPI:DSD_GG@DF_GREEN_GROWTH(1.1),Green Growth,I,MYS,Malaysia,A,Annual,POP_Y_GT65,PT_POP,Percentage of population,_T,Total - all activities,2015,5.55,A,Normal value,0,Units,_Z,2015.0,1.0,2.0
DATAFLOW,OECD.ENV.EPI:DSD_GG@DF_GREEN_GROWTH(1.1),Green Growth,I,MYS,Malaysia,A,Annual,POP_Y_GT65,PT_POP,Percentage of population,_T,Total - all activities,2014,5.39,A,Normal value,0,Units,_Z,2015.0,1.0,2.0
DATAFLOW,OECD.ENV.EPI:DSD_GG@DF_GREEN_GROWTH(1.1),Green Growth,I,MYS,Malaysia,A,Annual,POP_Y_GT65,PT_POP,Percentage of population,_T,Total - all activities,2013,5.23,A,Normal value,0,Units,_Z,2015.0,1.0,2.0
DATAFLOW,OECD.ENV.EPI:DSD_GG@DF_GREEN_GROWTH(1.1),Green Growth,I,MYS,Malaysia,A,Annual,POP_Y_GT65,PT_POP,Percentage of population,_T,Total - all activities,2012,5.1,A,Normal value,0,Units,_Z,2015.0,1.0,2.0
DATAFLOW,OECD.ENV.EPI:DSD_GG@DF_GREEN_GROWTH(1.1),Green Growth,I,MYS,Malaysia,A,Annual,POP_Y_GT65,PT_POP,Percentage of population,_T,Total - all activities,2011,4.97,A,Normal value,0,Units,_Z,2015.0,1.0,2.0
DATAFLOW,OECD.ENV.EPI:DSD_GG@DF_GREEN_GROWTH(1.1),Green Growth,I,MYS,Malaysia,A,Annual,POP_Y_GT65,PT_POP,Percentage of population,_T,Total - all activities,2010,4.86,A,Normal value,0,Units,_Z,2015.0,1.0,2.0
DATAFLOW,OECD.ENV.EPI:DSD_GG@DF_GREEN_GROWTH(1.1),Green Growth,I,MYS,Malaysia,A,Annual,POP_Y_GT65,PT_POP,Percentage of population,_T,Total - all activities,2009,4.76,A,Normal value,0,Units,_Z,2015.0,1.0,2.0
DATAFLOW,OECD.ENV.EPI:DSD_GG@DF_GREEN_GROWTH(1.1),Green Growth,I,MYS,Malaysia,A,Annual,SOCECO,_X,Unspecified,HTN,Services,2009,9.675,A,Normal value,0,Units,,2015.0,2.0,2.0
DATAFLOW,OECD.ENV.EPI:DSD_GG@DF_GREEN_GROWTH(1.1),Green Growth,I,MYS,Malaysia,A,Annual,SOCECO,_X,Unspecified,HTN,Services,2008,9.675,A,Normal value,0,Units,,2015.0,2.0,2.0
DATAFLOW,OECD.ENV.EPI:DSD_GG@DF_GREEN_GROWTH(1.1),Green Growth,I,MYS,Malaysia,A,Annual,SOCECO,_X,Unspecified,HTN,Services,2007,9.675,A,Normal value,0,Units,,2015.0,2.0,2.0
DATAFLOW,OECD.ENV.EPI:DSD_GG@DF_GREEN_GROWTH(1.1),Green Growth,I,MYS,Malaysia,A,Annual,SOCECO,_X,Unspecified,HTN,Services,2006,9.675,A,Normal value,0,Units,,2015.0,2.0,2.0
DATAFLOW,OECD.ENV.EPI:DSD_GG@DF_GREEN_GROWTH(1.1),Green Growth,I,MYS,Malaysia,A,Annual,SOCECO,_X,Unspecified,HTN,Services,2005,9.675,A,Normal value,0,Units,,2015.0,2.0,2.0
DATAFLOW,OECD.ENV.EPI:DSD_GG@DF_GREEN_GROWTH(1.1),Green Growth,I,MYS,Malaysia,A,Annual,SOCECO,_X,Unspecified,HTN,Services,2004,9.675,A,Normal value,0,Units,,2015.0,2.0,2.0
DATAFLOW,OECD.ENV.EPI:DSD_GG@DF_GREEN_GROWTH(1.1),Green Growth,I,MYS,Malaysia,A,Annual,SOCECO,_X,Unspecified,HTN,Services,2003,9.675,A,Normal value,0,Units,,2015.0,2.0,2.0
DATAFLOW,OECD.ENV.EPI:DSD_GG@DF_GREEN_GROWTH(1.1),Green Growth,I,MYS,Malaysia,A,Annual,SOCECO,_X,Unspecified,HTN,Services,2002,9.675,A,Normal value,0,Units,,2015.0,2.0,2.0
DATAFLOW,OECD.ENV.EPI:DSD_GG@DF_GREEN_GROWTH(1.1),Green Growth,I,MYS,Malaysia,A,Annual,SOCECO,_X,Unspecified,HTN,Services,2001,9.675,A,Normal value,0,Units,,2015.0,2.0,2.0
DATAFLOW,OECD.ENV.EPI:DSD_GG@DF_GREEN_GROWTH(1.1),Green Growth,I,MYS,Malaysia,A,Annual,SOCECO,_X,Unspecified,HTN,Services,2000,9.675,A,Normal value,0,Units,,2015.0,2.0,2.0
DATAFLOW,OECD.ENV.EPI:DSD_GG@DF_GREEN_GROWTH(1.1),Green Growth,I,MYS,Malaysia,A,Annual,SOCECO,_X,Unspecified,HTN,Services,2022,9.675,A,Normal value,0,Units,,2015.0,2.0,2.0
DATAFLOW,OECD.ENV.EPI:DSD_GG@DF_GREEN_GROWTH(1.1),Green Growth,I,MYS,Malaysia,A,Annual,SOCECO,_X,Unspecified,HTN,Services,2021,9.675,A,Normal value,0,Units,,2015.0,2.0,2.0
DATAFLOW,OECD.ENV.EPI:DSD_GG@DF_GREEN_GROWTH(1.1),Green Growth,I,MYS,Malaysia,A,Annual,SOCECO,_X,Unspecified,HTN,Services,2020,9.675,A,Normal value,0,Units,,2015.0,2.0,2.0
DATAFLOW,OECD.ENV.EPI:DSD_GG@DF_GREEN_GROWTH(1.1),Green Growth,I,MYS,Malaysia,A,Annual,SOCECO,_X,Unspecified,HTN,Services,2019,9.675,A,Normal value,0,Units,,2015.0,2.0,2.0
DATAFLOW,OECD.ENV.EPI:DSD_GG@DF_GREEN_GROWTH(1.1),Green Growth,I,MYS,Malaysia,A,Annual,SOCECO,_X,Unspecified,HTN,Services,2018,9.675,A,Normal value,0,Units,,2015.0,2.0,2.0
DATAFLOW,OECD.ENV.EPI:DSD_GG@DF_GREEN_GROWTH(1.1),Green Growth,I,MYS,Malaysia,A,Annual,SOCECO,_X,Unspecified,HTN,Services,2017,9.675,A,Normal value,0,Units,,2015.0,2.0,2.0
DATAFLOW,OECD.ENV.EPI:DSD_GG@DF_GREEN_GROWTH(1.1),Green Growth,I,MYS,Malaysia,A,Annual,SOCECO,_X,Unspecified,HTN,Services,2016,9.675,A,Normal value,0,Units,,2015.0,2.0,2.0
DATAFLOW,OECD.ENV.EPI:DSD_GG@DF_GREEN_GROWTH(1.1),Green Growth,I,MYS,Malaysia,A,Annual,SOCECO,_X,Unspecified,HTN,Services,2015,9.675,A,Normal value,0,Units,,2015.0,2.0,2.0
DATAFLOW,OECD.ENV.EPI:DSD_GG@DF_GREEN_GROWTH(1.1),Green Growth,I,MYS,Malaysia,A,Annual,SOCECO,_X,Unspecified,HTN,Services,2014,9.675,A,Normal value,0,Units,,2015.0,2.0,2.0
DATAFLOW,OECD.ENV.EPI:DSD_GG@DF_GREEN_GROWTH(1.1),Green Growth,I,MYS,Malaysia,A,Annual,SOCECO,_X,Unspecified,HTN,Services,2013,9.675,A,Normal value,0,Units,,2015.0,2.0,2.0
DATAFLOW,OECD.ENV.EPI:DSD_GG@DF_GREEN_GROWTH(1.1),Green Growth,I,MYS,Malaysia,A,Annual,SOCECO,_X,Unspecified,HTN,Services,2012,9.675,A,Normal value,0,Units,,2015.0,2.0,2.0
DATAFLOW,OECD.ENV.EPI:DSD_GG@DF_GREEN_GROWTH(1.1),Green Growth,I,MYS,Malaysia,A,Annual,SOCECO,_X,Unspecified,HTN,Services,2011,9.675,A,Normal value,0,Units,,2015.0,2.0,2.0
DATAFLOW,OECD.ENV.EPI:DSD_GG@DF_GREEN_GROWTH(1.1),Green Growth,I,MYS,Malaysia,A,Annual,NRG,_X,Unspecified,_T,Total - all activities,2009,9.675,A,Normal value,0,Units,,2015.0,2.0,2.0
DATAFLOW,OECD.ENV.EPI:DSD_GG@DF_GREEN_GROWTH(1.1),Green Growth,I,MYS,Malaysia,A,Annual,NRG,_X,Unspecified,_T,Total - all activities,2008,9.675,A,Normal value,0,Units,,2015.0,2.0,2.0
DATAFLOW,OECD.ENV.EPI:DSD_GG@DF_GREEN_GROWTH(1.1),Green Growth,I,MYS,Malaysia,A,Annual,NRG,_X,Unspecified,_T,Total - all activities,2007,9.675,A,Normal value,0,Units,,2015.0,2.0,2.0
DATAFLOW,OECD.ENV.EPI:DSD_GG@DF_GREEN_GROWTH(1.1),Green Growth,I,MYS,Malaysia,A,Annual,NRG,_X,Unspecified,_T,Total - all activities,2006,9.675,A,Normal value,0,Units,,2015.0,2.0,2.0
DATAFLOW,OECD.ENV.EPI:DSD_GG@DF_GREEN_GROWTH(1.1),Green Growth,I,MYS,Malaysia,A,Annual,NRG,_X,Unspecified,_T,Total - all activities,2005,9.675,A,Normal value,0,Units,,2015.0,2.0,2.0
DATAFLOW,OECD.ENV.EPI:DSD_GG@DF_GREEN_GROWTH(1.1),Green Growth,I,MYS,Malaysia,A,Annual,NRG,_X,Unspecified,_T,Total - all activities,2004,9.675,A,Normal value,0,Units,,2015.0,2.0,2.0
DATAFLOW,OECD.ENV.EPI:DSD_GG@DF_GREEN_GROWTH(1.1),Green Growth,I,MYS,Malaysia,A,Annual,NRG,_X,Unspecified,_T,Total - all activities,2003,9.675,A,Normal value,0,Units,,2015.0,2.0,2.0
DATAFLOW,OECD.ENV.EPI:DSD_GG@DF_GREEN_GROWTH(1.1),Green Growth,I,MYS,Malaysia,A,Annual,NRG,_X,Unspecified,_T,Total - all activities,2002,9.675,A,Normal value,0,Units,,2015.0,2.0,2.0
DATAFLOW,OECD.ENV.EPI:DSD_GG@DF_GREEN_GROWTH(1.1),Green Growth,I,MYS,Malaysia,A,Annual,NRG,_X,Unspecified,_T,Total - all activities,2001,9.675,A,Normal value,0,Units,,2015.0,2.0,2.0
DATAFLOW,OECD.ENV.EPI:DSD_GG@DF_GREEN_GROWTH(1.1),Green Growth,I,MYS,Malaysia,A,Annual,NRG,_X,Unspecified,_T,Total - all activities,2000,9.675,A,Normal value,0,Units,,2015.0,2.0,2.0
DATAFLOW,OECD.ENV.EPI:DSD_GG@DF_GREEN_GROWTH(1.1),Green Growth,I,MYS,Malaysia,A,Annual,NRG,_X,Unspecified,_T,Total - all activities,2022,9.675,A,Normal value,0,Units,,2015.0,2.0,2.0
DATAFLOW,OECD.ENV.EPI:DSD_GG@DF_GREEN_GROWTH(1.1),Green Growth,I,MYS,Malaysia,A,Annual,NRG,_X,Unspecified,_T,Total - all activities,2021,9.675,A,Normal value,0,Units,,2015.0,2.0,2.0
DATAFLOW,OECD.ENV.EPI:DSD_GG@DF_GREEN_GROWTH(1.1),Green Growth,I,MYS,Malaysia,A,Annual,NRG,_X,Unspecified,_T,Total - all activities,2020,9.675,A,Normal value,0,Units,,2015.0,2.0,2.0
DATAFLOW,OECD.ENV.EPI:DSD_GG@DF_GREEN_GROWTH(1.1),Green Growth,I,MYS,Malaysia,A,Annual,NRG,_X,Unspecified,_T,Total - all activities,2019,9.675,A,Normal value,0,Units,,2015.0,2.0,2.0
DATAFLOW,OECD.ENV.EPI:DSD_GG@DF_GREEN_GROWTH(1.1),Green Growth,I,MYS,Malaysia,A,Annual,NRG,_X,Unspecified,_T,Total - all activities,2018,9.675,A,Normal value,0,Units,,2015.0,2.0,2.0
DATAFLOW,OECD.ENV.EPI:DSD_GG@DF_GREEN_GROWTH(1.1),Green Growth,I,MYS,Malaysia,A,Annual,NRG,_X,Unspecified,_T,Total - all activities,2017,9.675,A,Normal value,0,Units,,2015.0,2.0,2.0
DATAFLOW,OECD.ENV.EPI:DSD_GG@DF_GREEN_GROWTH(1.1),Green Growth,I,MYS,Malaysia,A,Annual,NRG,_X,Unspecified,_T,Total - all activities,2016,9.675,A,Normal value,0,Units,,2015.0,2.0,2.0
DATAFLOW,OECD.ENV.EPI:DSD_GG@DF_GREEN_GROWTH(1.1),Green Growth,I,MYS,Malaysia,A,Annual,NRG,_X,Unspecified,_T,Total - all activities,2015,9.675,A,Normal value,0,Units,,2015.0,2.0,2.0
DATAFLOW,OECD.ENV.EPI:DSD_GG@DF_GREEN_GROWTH(1.1),Green Growth,I,MYS,Malaysia,A,Annual,NRG,_X,Unspecified,_T,Total - all activities,2014,9.675,A,Normal value,0,Units,,2015.0,2.0,2.0
DATAFLOW,OECD.ENV.EPI:DSD_GG@DF_GREEN_GROWTH(1.1),Green Growth,I,MYS,Malaysia,A,Annual,NRG,_X,Unspecified,_T,Total - all activities,2013,9.675,A,Normal value,0,Units,,2015.0,2.0,2.0
DATAFLOW,OECD.ENV.EPI:DSD_GG@DF_GREEN_GROWTH(1.1),Green Growth,I,MYS,Malaysia,A,Annual,NRG,_X,Unspecified,_T,Total - all activities,2012,9.675,A,Normal value,0,Units,,2015.0,2.0,2.0
DATAFLOW,OECD.ENV.EPI:DSD_GG@DF_GREEN_GROWTH(1.1),Green Growth,I,MYS,Malaysia,A,Annual,NRG,_X,Unspecified,_T,Total - all activities,2011,9.675,A,Normal value,0,Units,,2015.0,2.0,2.0
DATAFLOW,OECD.ENV.EPI:DSD_GG@DF_GREEN_GROWTH(1.1),Green Growth,I,MYS,Malaysia,A,Annual,GDP_PC,PT_B1G,Percentage of gross value added,HTN,Services,2007,44.92,E,Estimated value,0,Units,_Z,2015.0,1.0,2.0
DATAFLOW,OECD.ENV.EPI:DSD_GG@DF_GREEN_GROWTH(1.1),Green Growth,I,MYS,Malaysia,A,Annual,GDP_PC,PT_B1G,Percentage of gross value added,HTN,Services,2006,44.35,E,Estimated value,0,Units,_Z,2015.0,1.0,2.0
DATAFLOW,OECD.ENV.EPI:DSD_GG@DF_GREEN_GROWTH(1.1),Green Growth,I,MYS,Malaysia,A,Annual,GDP_PC,PT_B1G,Percentage of gross value added,HTN,Services,2005,44.72,E,Estimated value,0,Units,_Z,2015.0,1.0,2.0
DATAFLOW,OECD.ENV.EPI:DSD_GG@DF_GREEN_GROWTH(1.1),Green Growth,I,MYS,Malaysia,A,Annual,GDP_PC,PT_B1G,Percentage of gross value added,HTN,Services,2004,43.53,E,Estimated value,0,Units,_Z,2015.0,1.0,2.0
DATAFLOW,OECD.ENV.EPI:DSD_GG@DF_GREEN_GROWTH(1.1),Green Growth,I,MYS,Malaysia,A,Annual,GDP_PC,PT_B1G,Percentage of gross value added,HTN,Services,2003,45.53,E,Estimated value,0,Units,_Z,2015.0,1.0,2.0
DATAFLOW,OECD.ENV.EPI:DSD_GG@DF_GREEN_GROWTH(1.1),Green Growth,I,MYS,Malaysia,A,Annual,GDP_PC,PT_B1G,Percentage of gross value added,HTN,Services,2002,47.37,E,Estimated value,0,Units,_Z,2015.0,1.0,2.0
DATAFLOW,OECD.ENV.EPI:DSD_GG@DF_GREEN_GROWTH(1.1),Green Growth,I,MYS,Malaysia,A,Annual,GDP_PC,PT_B1G,Percentage of gross value added,HTN,Services,2001,47.56,E,Estimated value,0,Units,_Z,2015.0,1.0,2.0
DATAFLOW,OECD.ENV.EPI:DSD_GG@DF_GREEN_GROWTH(1.1),Green Growth,I,MYS,Malaysia,A,Annual,GDP_PC,PT_B1G,Percentage of gross value added,HTN,Services,2000,44.86,E,Estimated value,0,Units,_Z,2015.0,1.0,2.0
DATAFLOW,OECD.ENV.EPI:DSD_GG@DF_GREEN_GROWTH(1.1),Green Growth,I,MYS,Malaysia,A,Annual,GDP_PC,PT_B1G,Percentage of gross value added,HTN,Services,2021,52.12,E,Estimated value,0,Units,_Z,2015.0,1.0,2.0
DATAFLOW,OECD.ENV.EPI:DSD_GG@DF_GREEN_GROWTH(1.1),Green Growth,I,MYS,Malaysia,A,Annual,GDP_PC,PT_B1G,Percentage of gross value added,HTN,Services,2020,55.38,E,Estimated value,0,Units,_Z,2015.0,1.0,2.0
DATAFLOW,OECD.ENV.EPI:DSD_GG@DF_GREEN_GROWTH(1.1),Green Growth,I,MYS,Malaysia,A,Annual,GDP_PC,PT_B1G,Percentage of gross value added,HTN,Services,2019,54.78,E,Estimated value,0,Units,_Z,2015.0,1.0,2.0
DATAFLOW,OECD.ENV.EPI:DSD_GG@DF_GREEN_GROWTH(1.1),Green Growth,I,MYS,Malaysia,A,Annual,GDP_PC,PT_B1G,Percentage of gross value added,HTN,Services,2018,53.64,E,Estimated value,0,Units,_Z,2015.0,1.0,2.0
DATAFLOW,OECD.ENV.EPI:DSD_GG@DF_GREEN_GROWTH(1.1),Green Growth,I,MYS,Malaysia,A,Annual,GDP_PC,PT_B1G,Percentage of gross value added,HTN,Services,2017,52.62,E,Estimated value,0,Units,_Z,2015.0,1.0,2.0
DATAFLOW,OECD.ENV.EPI:DSD_GG@DF_GREEN_GROWTH(1.1),Green Growth,I,MYS,Malaysia,A,Annual,GDP_PC,PT_B1G,Percentage of gross value added,HTN,Services,2016,53.24,E,Estimated value,0,Units,_Z,2015.0,1.0,2.0
DATAFLOW,OECD.ENV.EPI:DSD_GG@DF_GREEN_GROWTH(1.1),Green Growth,I,MYS,Malaysia,A,Annual,GDP_PC,PT_B1G,Percentage of gross value added,HTN,Services,2015,52.67,E,Estimated value,0,Units,_Z,2015.0,1.0,2.0
DATAFLOW,OECD.ENV.EPI:DSD_GG@DF_GREEN_GROWTH(1.1),Green Growth,I,MYS,Malaysia,A,Annual,GDP_PC,PT_B1G,Percentage of gross value added,HTN,Services,2014,50.67,E,Estimated value,0,Units,_Z,2015.0,1.0,2.0
DATAFLOW,OECD.ENV.EPI:DSD_GG@DF_GREEN_GROWTH(1.1),Green Growth,I,MYS,Malaysia,A,Annual,GDP_PC,PT_B1G,Percentage of gross value added,HTN,Services,2013,50.48,E,Estimated value,0,Units,_Z,2015.0,1.0,2.0
DATAFLOW,OECD.ENV.EPI:DSD_GG@DF_GREEN_GROWTH(1.1),Green Growth,I,MYS,Malaysia,A,Annual,GDP_PC,PT_B1G,Percentage of gross value added,HTN,Services,2012,49.54,E,Estimated value,0,Units,_Z,2015.0,1.0,2.0
DATAFLOW,OECD.ENV.EPI:DSD_GG@DF_GREEN_GROWTH(1.1),Green Growth,I,MYS,Malaysia,A,Annual,GDP_PC,PT_B1G,Percentage of gross value added,HTN,Services,2011,48.23,E,Estimated value,0,Units,_Z,2015.0,1.0,2.0
DATAFLOW,OECD.ENV.EPI:DSD_GG@DF_GREEN_GROWTH(1.1),Green Growth,I,MYS,Malaysia,A,Annual,GDP_PC,PT_B1G,Percentage of gross value added,HTN,Services,2010,48.93,E,Estimated value,0,Units,_Z,2015.0,1.0,2.0
DATAFLOW,OECD.ENV.EPI:DSD_GG@DF_GREEN_GROWTH(1.1),Green Growth,I,MYS,Malaysia,A,Annual,GDP_PC,PT_B1G,Percentage of gross value added,HTN,Services,2009,43.95,A,Normal value,0,Units,_Z,2015.0,1.0,2.0
DATAFLOW,OECD.ENV.EPI:DSD_GG@DF_GREEN_GROWTH(1.1),Green Growth,I,MYS,Malaysia,A,Annual,NRG,_X,Unspecified,BTE,Industry (except construction),2009,9.675,A,Normal value,0,Units,,2015.0,2.0,2.0
DATAFLOW,OECD.ENV.EPI:DSD_GG@DF_GREEN_GROWTH(1.1),Green Growth,I,MYS,Malaysia,A,Annual,NRG,_X,Unspecified,BTE,Industry (except construction),2008,9.675,A,Normal value,0,Units,,2015.0,2.0,2.0
DATAFLOW,OECD.ENV.EPI:DSD_GG@DF_GREEN_GROWTH(1.1),Green Growth,I,MYS,Malaysia,A,Annual,NRG,_X,Unspecified,BTE,Industry (except construction),2007,9.675,A,Normal value,0,Units,,2015.0,2.0,2.0
DATAFLOW,OECD.ENV.EPI:DSD_GG@DF_GREEN_GROWTH(1.1),Green Growth,I,MYS,Malaysia,A,Annual,NRG,_X,Unspecified,BTE,Industry (except construction),2006,9.675,A,Normal value,0,Units,,2015.0,2.0,2.0
DATAFLOW,OECD.ENV.EPI:DSD_GG@DF_GREEN_GROWTH(1.1),Green Growth,I,MYS,Malaysia,A,Annual,NRG,_X,Unspecified,BTE,Industry (except construction),2005,9.675,A,Normal value,0,Units,,2015.0,2.0,2.0
DATAFLOW,OECD.ENV.EPI:DSD_GG@DF_GREEN_GROWTH(1.1),Green Growth,I,MYS,Malaysia,A,Annual,NRG,_X,Unspecified,BTE,Industry (except construction),2004,9.675,A,Normal value,0,Units,,2015.0,2.0,2.0
DATAFLOW,OECD.ENV.EPI:DSD_GG@DF_GREEN_GROWTH(1.1),Green Growth,I,MYS,Malaysia,A,Annual,NRG,_X,Unspecified,BTE,Industry (except construction),2003,9.675,A,Normal value,0,Units,,2015.0,2.0,2.0
DATAFLOW,OECD.ENV.EPI:DSD_GG@DF_GREEN_GROWTH(1.1),Green Growth,I,MYS,Malaysia,A,Annual,NRG,_X,Unspecified,BTE,Industry (except construction),2002,9.675,A,Normal value,0,Units,,2015.0,2.0,2.0
DATAFLOW,OECD.ENV.EPI:DSD_GG@DF_GREEN_GROWTH(1.1),Green Growth,I,MYS,Malaysia,A,Annual,NRG,_X,Unspecified,BTE,Industry (except construction),2001,9.675,A,Normal value,0,Units,,2015.0,2.0,2.0
DATAFLOW,OECD.ENV.EPI:DSD_GG@DF_GREEN_GROWTH(1.1),Green Growth,I,MYS,Malaysia,A,Annual,NRG,_X,Unspecified,BTE,Industry (except construction),2000,9.675,A,Normal value,0,Units,,2015.0,2.0,2.0
DATAFLOW,OECD.ENV.EPI:DSD_GG@DF_GREEN_GROWTH(1.1),Green Growth,I,MYS,Malaysia,A,Annual,NRG,_X,Unspecified,BTE,Industry (except construction),2022,9.675,A,Normal value,0,Units,,2015.0,2.0,2.0
DATAFLOW,OECD.ENV.EPI:DSD_GG@DF_GREEN_GROWTH(1.1),Green Growth,I,MYS,Malaysia,A,Annual,NRG,_X,Unspecified,BTE,Industry (except construction),2021,9.675,A,Normal value,0,Units,,2015.0,2.0,2.0
DATAFLOW,OECD.ENV.EPI:DSD_GG@DF_GREEN_GROWTH(1.1),Green Growth,I,MYS,Malaysia,A,Annual,NRG,_X,Unspecified,BTE,Industry (except construction),2020,9.675,A,Normal value,0,Units,,2015.0,2.0,2.0
DATAFLOW,OECD.ENV.EPI:DSD_GG@DF_GREEN_GROWTH(1.1),Green Growth,I,MYS,Malaysia,A,Annual,NRG,_X,Unspecified,BTE,Industry (except construction),2019,9.675,A,Normal value,0,Units,,2015.0,2.0,2.0
DATAFLOW,OECD.ENV.EPI:DSD_GG@DF_GREEN_GROWTH(1.1),Green Growth,I,MYS,Malaysia,A,Annual,NRG,_X,Unspecified,BTE,Industry (except construction),2018,9.675,A,Normal value,0,Units,,2015.0,2.0,2.0
DATAFLOW,OECD.ENV.EPI:DSD_GG@DF_GREEN_GROWTH(1.1),Green Growth,I,MYS,Malaysia,A,Annual,NRG,_X,Unspecified,BTE,Industry (except construction),2017,9.675,A,Normal value,0,Units,,2015.0,2.0,2.0
DATAFLOW,OECD.ENV.EPI:DSD_GG@DF_GREEN_GROWTH(1.1),Green Growth,I,MYS,Malaysia,A,Annual,NRG,_X,Unspecified,BTE,Industry (except construction),2016,9.675,A,Normal value,0,Units,,2015.0,2.0,2.0
DATAFLOW,OECD.ENV.EPI:DSD_GG@DF_GREEN_GROWTH(1.1),Green Growth,I,MYS,Malaysia,A,Annual,NRG,_X,Unspecified,BTE,Industry (except construction),2015,9.675,A,Normal value,0,Units,,2015.0,2.0,2.0
DATAFLOW,OECD.ENV.EPI:DSD_GG@DF_GREEN_GROWTH(1.1),Green Growth,I,MYS,Malaysia,A,Annual,NRG,_X,Unspecified,BTE,Industry (except construction),2014,9.675,A,Normal value,0,Units,,2015.0,2.0,2.0
DATAFLOW,OECD.ENV.EPI:DSD_GG@DF_GREEN_GROWTH(1.1),Green Growth,I,MYS,Malaysia,A,Annual,NRG,_X,Unspecified,BTE,Industry (except construction),2013,9.675,A,Normal value,0,Units,,2015.0,2.0,2.0
DATAFLOW,OECD.ENV.EPI:DSD_GG@DF_GREEN_GROWTH(1.1),Green Growth,I,MYS,Malaysia,A,Annual,NRG,_X,Unspecified,BTE,Industry (except construction),2012,9.675,A,Normal value,0,Units,,2015.0,2.0,2.0
DATAFLOW,OECD.ENV.EPI:DSD_GG@DF_GREEN_GROWTH(1.1),Green Growth,I,MYS,Malaysia,A,Annual,NRG,_X,Unspecified,BTE,Industry (except construction),2011,9.675,A,Normal value,0,Units,,2015.0,2.0,2.0
DATAFLOW,OECD.ENV.EPI:DSD_GG@DF_GREEN_GROWTH(1.1),Green Growth,I,MYS,Malaysia,A,Annual,EAMFP,_X,Unspecified,_T,Total - all activities,2009,9.675,A,Normal value,0,Units,,2015.0,2.0,2.0
DATAFLOW,OECD.ENV.EPI:DSD_GG@DF_GREEN_GROWTH(1.1),Green Growth,I,MYS,Malaysia,A,Annual,EAMFP,_X,Unspecified,_T,Total - all activities,2008,9.675,A,Normal value,0,Units,,2015.0,2.0,2.0
DATAFLOW,OECD.ENV.EPI:DSD_GG@DF_GREEN_GROWTH(1.1),Green Growth,I,MYS,Malaysia,A,Annual,EAMFP,_X,Unspecified,_T,Total - all activities,2007,9.675,A,Normal value,0,Units,,2015.0,2.0,2.0
DATAFLOW,OECD.ENV.EPI:DSD_GG@DF_GREEN_GROWTH(1.1),Green Growth,I,MYS,Malaysia,A,Annual,EAMFP,_X,Unspecified,_T,Total - all activities,2006,9.675,A,Normal value,0,Units,,2015.0,2.0,2.0
DATAFLOW,OECD.ENV.EPI:DSD_GG@DF_GREEN_GROWTH(1.1),Green Growth,I,MYS,Malaysia,A,Annual,EAMFP,_X,Unspecified,_T,Total - all activities,2005,9.675,A,Normal value,0,Units,,2015.0,2.0,2.0
DATAFLOW,OECD.ENV.EPI:DSD_GG@DF_GREEN_GROWTH(1.1),Green Growth,I,MYS,Malaysia,A,Annual,EAMFP,_X,Unspecified,_T,Total - all activities,2004,9.675,A,Normal value,0,Units,,2015.0,2.0,2.0
DATAFLOW,OECD.ENV.EPI:DSD_GG@DF_GREEN_GROWTH(1.1),Green Growth,I,MYS,Malaysia,A,Annual,EAMFP,_X,Unspecified,_T,Total - all activities,2003,9.675,A,Normal value,0,Units,,2015.0,2.0,2.0
DATAFLOW,OECD.ENV.EPI:DSD_GG@DF_GREEN_GROWTH(1.1),Green Growth,I,MYS,Malaysia,A,Annual,EAMFP,_X,Unspecified,_T,Total - all activities,2002,9.675,A,Normal value,0,Units,,2015.0,2.0,2.0
DATAFLOW,OECD.ENV.EPI:DSD_GG@DF_GREEN_GROWTH(1.1),Green Growth,I,MYS,Malaysia,A,Annual,EAMFP,_X,Unspecified,_T,Total - all activities,2001,9.675,A,Normal value,0,Units,,2015.0,2.0,2.0
DATAFLOW,OECD.ENV.EPI:DSD_GG@DF_GREEN_GROWTH(1.1),Green Growth,I,MYS,Malaysia,A,Annual,EAMFP,_X,Unspecified,_T,Total - all activities,2000,9.675,A,Normal value,0,Units,,2015.0,2.0,2.0
DATAFLOW,OECD.ENV.EPI:DSD_GG@DF_GREEN_GROWTH(1.1),Green Growth,I,MYS,Malaysia,A,Annual,EAMFP,_X,Unspecified,_T,Total - all activities,2022,9.675,A,Normal value,0,Units,,2015.0,2.0,2.0
DATAFLOW,OECD.ENV.EPI:DSD_GG@DF_GREEN_GROWTH(1.1),Green Growth,I,MYS,Malaysia,A,Annual,EAMFP,_X,Unspecified,_T,Total - all activities,2021,9.675,A,Normal value,0,Units,,2015.0,2.0,2.0
DATAFLOW,OECD.ENV.EPI:DSD_GG@DF_GREEN_GROWTH(1.1),Green Growth,I,MYS,Malaysia,A,Annual,EAMFP,_X,Unspecified,_T,Total - all activities,2020,9.675,A,Normal value,0,Units,,2015.0,2.0,2.0
DATAFLOW,OECD.ENV.EPI:DSD_GG@DF_GREEN_GROWTH(1.1),Green Growth,I,MYS,Malaysia,A,Annual,EAMFP,_X,Unspecified,_T,Total - all activities,2019,9.675,A,Normal value,0,Units,,2015.0,2.0,2.0
DATAFLOW,OECD.ENV.EPI:DSD_GG@DF_GREEN_GROWTH(1.1),Green Growth,I,MYS,Malaysia,A,Annual,EAMFP,_X,Unspecified,_T,Total - all activities,2018,9.675,A,Normal value,0,Units,,2015.0,2.0,2.0
DATAFLOW,OECD.ENV.EPI:DSD_GG@DF_GREEN_GROWTH(1.1),Green Growth,I,MYS,Malaysia,A,Annual,EAMFP,_X,Unspecified,_T,Total - all activities,2017,9.675,A,Normal value,0,Units,,2015.0,2.0,2.0
DATAFLOW,OECD.ENV.EPI:DSD_GG@DF_GREEN_GROWTH(1.1),Green Growth,I,MYS,Malaysia,A,Annual,EAMFP,_X,Unspecified,_T,Total - all activities,2016,9.675,A,Normal value,0,Units,,2015.0,2.0,2.0
DATAFLOW,OECD.ENV.EPI:DSD_GG@DF_GREEN_GROWTH(1.1),Green Growth,I,MYS,Malaysia,A,Annual,EAMFP,_X,Unspecified,_T,Total - all activities,2015,9.675,A,Normal value,0,Units,,2015.0,2.0,2.0
DATAFLOW,OECD.ENV.EPI:DSD_GG@DF_GREEN_GROWTH(1.1),Green Growth,I,MYS,Malaysia,A,Annual,EAMFP,_X,Unspecified,_T,Total - all activities,2014,9.675,A,Normal value,0,Units,,2015.0,2.0,2.0
DATAFLOW,OECD.ENV.EPI:DSD_GG@DF_GREEN_GROWTH(1.1),Green Growth,I,MYS,Malaysia,A,Annual,EAMFP,_X,Unspecified,_T,Total - all activities,2013,9.675,A,Normal value,0,Units,,2015.0,2.0,2.0
DATAFLOW,OECD.ENV.EPI:DSD_GG@DF_GREEN_GROWTH(1.1),Green Growth,I,MYS,Malaysia,A,Annual,EAMFP,_X,Unspecified,_T,Total - all activities,2012,9.675,A,Normal value,0,Units,,2015.0,2.0,2.0
DATAFLOW,OECD.ENV.EPI:DSD_GG@DF_GREEN_GROWTH(1.1),Green Growth,I,MYS,Malaysia,A,Annual,EAMFP,_X,Unspecified,_T,Total - all activities,2011,9.675,A,Normal value,0,Units,,2015.0,2.0,2.0
DATAFLOW,OECD.ENV.EPI:DSD_GG@DF_GREEN_GROWTH(1.1),Green Growth,I,MYS,Malaysia,A,Annual,DRIN_SPOP,PT_POP,Percentage of population,_T,Total - all activities,2007,93.0,A,Normal value,0,Units,_Z,2015.0,2.0,2.0
DATAFLOW,OECD.ENV.EPI:DSD_GG@DF_GREEN_GROWTH(1.1),Green Growth,I,MYS,Malaysia,A,Annual,DRIN_SPOP,PT_POP,Percentage of population,_T,Total - all activities,2006,93.0,A,Normal value,0,Units,_Z,2015.0,2.0,2.0
DATAFLOW,OECD.ENV.EPI:DSD_GG@DF_GREEN_GROWTH(1.1),Green Growth,I,MYS,Malaysia,A,Annual,DRIN_SPOP,PT_POP,Percentage of population,_T,Total - all activities,2005,93.0,A,Normal value,0,Units,_Z,2015.0,2.0,2.0
DATAFLOW,OECD.ENV.EPI:DSD_GG@DF_GREEN_GROWTH(1.1),Green Growth,I,MYS,Malaysia,A,Annual,DRIN_SPOP,PT_POP,Percentage of population,_T,Total - all activities,2004,93.0,A,Normal value,0,Units,_Z,2015.0,2.0,2.0
DATAFLOW,OECD.ENV.EPI:DSD_GG@DF_GREEN_GROWTH(1.1),Green Growth,I,MYS,Malaysia,A,Annual,DRIN_SPOP,PT_POP,Percentage of population,_T,Total - all activities,2003,93.0,A,Normal value,0,Units,_Z,2015.0,2.0,2.0
DATAFLOW,OECD.ENV.EPI:DSD_GG@DF_GREEN_GROWTH(1.1),Green Growth,I,MYS,Malaysia,A,Annual,DRIN_SPOP,PT_POP,Percentage of population,_T,Total - all activities,2002,93.0,A,Normal value,0,Units,_Z,2015.0,2.0,2.0
DATAFLOW,OECD.ENV.EPI:DSD_GG@DF_GREEN_GROWTH(1.1),Green Growth,I,MYS,Malaysia,A,Annual,DRIN_SPOP,PT_POP,Percentage of population,_T,Total - all activities,2001,93.0,A,Normal value,0,Units,_Z,2015.0,2.0,2.0
DATAFLOW,OECD.ENV.EPI:DSD_GG@DF_GREEN_GROWTH(1.1),Green Growth,I,MYS,Malaysia,A,Annual,DRIN_SPOP,PT_POP,Percentage of population,_T,Total - all activities,2000,93.0,A,Normal value,0,Units,_Z,2015.0,2.0,2.0
DATAFLOW,OECD.ENV.EPI:DSD_GG@DF_GREEN_GROWTH(1.1),Green Growth,I,MYS,Malaysia,A,Annual,DRIN_SPOP,PT_POP,Percentage of population,_T,Total - all activities,2020,94.0,A,Normal value,0,Units,_Z,2015.0,2.0,2.0
DATAFLOW,OECD.ENV.EPI:DSD_GG@DF_GREEN_GROWTH(1.1),Green Growth,I,MYS,Malaysia,A,Annual,DRIN_SPOP,PT_POP,Percentage of population,_T,Total - all activities,2019,94.0,A,Normal value,0,Units,_Z,2015.0,2.0,2.0
DATAFLOW,OECD.ENV.EPI:DSD_GG@DF_GREEN_GROWTH(1.1),Green Growth,I,MYS,Malaysia,A,Annual,DRIN_SPOP,PT_POP,Percentage of population,_T,Total - all activities,2018,94.0,A,Normal value,0,Units,_Z,2015.0,2.0,2.0
DATAFLOW,OECD.ENV.EPI:DSD_GG@DF_GREEN_GROWTH(1.1),Green Growth,I,MYS,Malaysia,A,Annual,DRIN_SPOP,PT_POP,Percentage of population,_T,Total - all activities,2017,94.0,A,Normal value,0,Units,_Z,2015.0,2.0,2.0
DATAFLOW,OECD.ENV.EPI:DSD_GG@DF_GREEN_GROWTH(1.1),Green Growth,I,MYS,Malaysia,A,Annual,DRIN_SPOP,PT_POP,Percentage of population,_T,Total - all activities,2016,94.0,A,Normal value,0,Units,_Z,2015.0,2.0,2.0
DATAFLOW,OECD.ENV.EPI:DSD_GG@DF_GREEN_GROWTH(1.1),Green Growth,I,MYS,Malaysia,A,Annual,DRIN_SPOP,PT_POP,Percentage of population,_T,Total - all activities,2015,94.0,A,Normal value,0,Units,_Z,2015.0,2.0,2.0
DATAFLOW,OECD.ENV.EPI:DSD_GG@DF_GREEN_GROWTH(1.1),Green Growth,I,MYS,Malaysia,A,Annual,DRIN_SPOP,PT_POP,Percentage of population,_T,Total - all activities,2014,94.0,A,Normal value,0,Units,_Z,2015.0,2.0,2.0
DATAFLOW,OECD.ENV.EPI:DSD_GG@DF_GREEN_GROWTH(1.1),Green Growth,I,MYS,Malaysia,A,Annual,DRIN_SPOP,PT_POP,Percentage of population,_T,Total - all activities,2013,93.0,A,Normal value,0,Units,_Z,2015.0,2.0,2.0
DATAFLOW,OECD.ENV.EPI:DSD_GG@DF_GREEN_GROWTH(1.1),Green Growth,I,MYS,Malaysia,A,Annual,DRIN_SPOP,PT_POP,Percentage of population,_T,Total - all activities,2012,93.0,A,Normal value,0,Units,_Z,2015.0,2.0,2.0
DATAFLOW,OECD.ENV.EPI:DSD_GG@DF_GREEN_GROWTH(1.1),Green Growth,I,MYS,Malaysia,A,Annual,DRIN_SPOP,PT_POP,Percentage of population,_T,Total - all activities,2011,93.0,A,Normal value,0,Units,_Z,2015.0,2.0,2.0
DATAFLOW,OECD.ENV.EPI:DSD_GG@DF_GREEN_GROWTH(1.1),Green Growth,I,MYS,Malaysia,A,Annual,DRIN_SPOP,PT_POP,Percentage of population,_T,Total - all activities,2010,93.0,A,Normal value,0,Units,_Z,2015.0,2.0,2.0
DATAFLOW,OECD.ENV.EPI:DSD_GG@DF_GREEN_GROWTH(1.1),Green Growth,I,MYS,Malaysia,A,Annual,DRIN_SPOP,PT_POP,Percentage of population,_T,Total - all activities,2009,93.0,A,Normal value,0,Units,_Z,2015.0,2.0,2.0
DATAFLOW,OECD.ENV.EPI:DSD_GG@DF_GREEN_GROWTH(1.1),Green Growth,I,MYS,Malaysia,A,Annual,RE_TPES_EBIOM,PT_SUP_NRG,Percentage of energy supply,_T,Total - all activities,2007,0.84,A,Normal value,0,Units,_Z,2015.0,1.0,2.0
DATAFLOW,OECD.ENV.EPI:DSD_GG@DF_GREEN_GROWTH(1.1),Green Growth,I,MYS,Malaysia,A,Annual,RE_TPES_EBIOM,PT_SUP_NRG,Percentage of energy supply,_T,Total - all activities,2006,0.86,A,Normal value,0,Units,_Z,2015.0,1.0,2.0
DATAFLOW,OECD.ENV.EPI:DSD_GG@DF_GREEN_GROWTH(1.1),Green Growth,I,MYS,Malaysia,A,Annual,RE_TPES_EBIOM,PT_SUP_NRG,Percentage of energy supply,_T,Total - all activities,2005,0.69,A,Normal value,0,Units,_Z,2015.0,1.0,2.0
DATAFLOW,OECD.ENV.EPI:DSD_GG@DF_GREEN_GROWTH(1.1),Green Growth,I,MYS,Malaysia,A,Annual,RE_TPES_EBIOM,PT_SUP_NRG,Percentage of energy supply,_T,Total - all activities,2004,0.84,A,Normal value,0,Units,_Z,2015.0,1.0,2.0
DATAFLOW,OECD.ENV.EPI:DSD_GG@DF_GREEN_GROWTH(1.1),Green Growth,I,MYS,Malaysia,A,Annual,RE_TPES_EBIOM,PT_SUP_NRG,Percentage of energy supply,_T,Total - all activities,2003,0.78,A,Normal value,0,Units,_Z,2015.0,1.0,2.0
DATAFLOW,OECD.ENV.EPI:DSD_GG@DF_GREEN_GROWTH(1.1),Green Growth,I,MYS,Malaysia,A,Annual,RE_TPES_EBIOM,PT_SUP_NRG,Percentage of energy supply,_T,Total - all activities,2002,0.88,A,Normal value,0,Units,_Z,2015.0,1.0,2.0
DATAFLOW,OECD.ENV.EPI:DSD_GG@DF_GREEN_GROWTH(1.1),Green Growth,I,MYS,Malaysia,A,Annual,RE_TPES_EBIOM,PT_SUP_NRG,Percentage of energy supply,_T,Total - all activities,2001,1.21,A,Normal value,0,Units,_Z,2015.0,1.0,2.0
DATAFLOW,OECD.ENV.EPI:DSD_GG@DF_GREEN_GROWTH(1.1),Green Growth,I,MYS,Malaysia,A,Annual,RE_TPES_EBIOM,PT_SUP_NRG,Percentage of energy supply,_T,Total - all activities,2000,1.24,A,Normal value,0,Units,_Z,2015.0,1.0,2.0
DATAFLOW,OECD.ENV.EPI:DSD_GG@DF_GREEN_GROWTH(1.1),Green Growth,I,MYS,Malaysia,A,Annual,RE_TPES_EBIOM,PT_SUP_NRG,Percentage of energy supply,_T,Total - all activities,2020,3.61,A,Normal value,0,Units,_Z,2015.0,1.0,2.0
DATAFLOW,OECD.ENV.EPI:DSD_GG@DF_GREEN_GROWTH(1.1),Green Growth,I,MYS,Malaysia,A,Annual,RE_TPES_EBIOM,PT_SUP_NRG,Percentage of energy supply,_T,Total - all activities,2019,3.25,A,Normal value,0,Units,_Z,2015.0,1.0,2.0
DATAFLOW,OECD.ENV.EPI:DSD_GG@DF_GREEN_GROWTH(1.1),Green Growth,I,MYS,Malaysia,A,Annual,RE_TPES_EBIOM,PT_SUP_NRG,Percentage of energy supply,_T,Total - all activities,2018,3.1,A,Normal value,0,Units,_Z,2015.0,1.0,2.0
DATAFLOW,OECD.ENV.EPI:DSD_GG@DF_GREEN_GROWTH(1.1),Green Growth,I,MYS,Malaysia,A,Annual,RE_TPES_EBIOM,PT_SUP_NRG,Percentage of energy supply,_T,Total - all activities,2017,3.09,A,Normal value,0,Units,_Z,2015.0,1.0,2.0
DATAFLOW,OECD.ENV.EPI:DSD_GG@DF_GREEN_GROWTH(1.1),Green Growth,I,MYS,Malaysia,A,Annual,RE_TPES_EBIOM,PT_SUP_NRG,Percentage of energy supply,_T,Total - all activities,2016,2.46,A,Normal value,0,Units,_Z,2015.0,1.0,2.0
DATAFLOW,OECD.ENV.EPI:DSD_GG@DF_GREEN_GROWTH(1.1),Green Growth,I,MYS,Malaysia,A,Annual,RE_TPES_EBIOM,PT_SUP_NRG,Percentage of energy supply,_T,Total - all activities,2015,1.92,A,Normal value,0,Units,_Z,2015.0,1.0,2.0
DATAFLOW,OECD.ENV.EPI:DSD_GG@DF_GREEN_GROWTH(1.1),Green Growth,I,MYS,Malaysia,A,Annual,RE_TPES_EBIOM,PT_SUP_NRG,Percentage of energy supply,_T,Total - all activities,2014,1.68,A,Normal value,0,Units,_Z,2015.0,1.0,2.0
DATAFLOW,OECD.ENV.EPI:DSD_GG@DF_GREEN_GROWTH(1.1),Green Growth,I,MYS,Malaysia,A,Annual,RE_TPES_EBIOM,PT_SUP_NRG,Percentage of energy supply,_T,Total - all activities,2013,1.3,A,Normal value,0,Units,_Z,2015.0,1.0,2.0
DATAFLOW,OECD.ENV.EPI:DSD_GG@DF_GREEN_GROWTH(1.1),Green Growth,I,MYS,Malaysia,A,Annual,RE_TPES_EBIOM,PT_SUP_NRG,Percentage of energy supply,_T,Total - all activities,2012,1.18,A,Normal value,0,Units,_Z,2015.0,1.0,2.0
DATAFLOW,OECD.ENV.EPI:DSD_GG@DF_GREEN_GROWTH(1.1),Green Growth,I,MYS,Malaysia,A,Annual,RE_TPES_EBIOM,PT_SUP_NRG,Percentage of energy supply,_T,Total - all activities,2011,0.9,A,Normal value,0,Units,_Z,2015.0,1.0,2.0
DATAFLOW,OECD.ENV.EPI:DSD_GG@DF_GREEN_GROWTH(1.1),Green Growth,I,MYS,Malaysia,A,Annual,RE_TPES_EBIOM,PT_SUP_NRG,Percentage of energy supply,_T,Total - all activities,2010,0.78,A,Normal value,0,Units,_Z,2015.0,1.0,2.0
DATAFLOW,OECD.ENV.EPI:DSD_GG@DF_GREEN_GROWTH(1.1),Green Growth,I,MYS,Malaysia,A,Annual,RE_TPES_EBIOM,PT_SUP_NRG,Percentage of energy supply,_T,Total - all activities,2009,0.86,A,Normal value,0,Units,_Z,2015.0,1.0,2.0
DATAFLOW,OECD.ENV.EPI:DSD_GG@DF_GREEN_GROWTH(1.1),Green Growth,I,MYS,Malaysia,A,Annual,NRG_PROD,USD_TOE,US dollars per tonne of oil equivalent,_T,Total - all activities,2007,7488.61,A,Normal value,0,Units,Q,2015.0,1.0,2.0
DATAFLOW,OECD.ENV.EPI:DSD_GG@DF_GREEN_GROWTH(1.1),Green Growth,I,MYS,Malaysia,A,Annual,NRG_PROD,USD_TOE,US dollars per tonne of oil equivalent,_T,Total - all activities,2006,7527.61,A,Normal value,0,Units,Q,2015.0,1.0,2.0
DATAFLOW,OECD.ENV.EPI:DSD_GG@DF_GREEN_GROWTH(1.1),Green Growth,I,MYS,Malaysia,A,Annual,NRG_PROD,USD_TOE,US dollars per tonne of oil equivalent,_T,Total - all activities,2005,7165.2,A,Normal value,0,Units,Q,2015.0,1.0,2.0
DATAFLOW,OECD.ENV.EPI:DSD_GG@DF_GREEN_GROWTH(1.1),Green Growth,I,MYS,Malaysia,A,Annual,NRG_PROD,USD_TOE,US dollars per tonne of oil equivalent,_T,Total - all activities,2004,7380.76,A,Normal value,0,Units,Q,2015.0,1.0,2.0
DATAFLOW,OECD.ENV.EPI:DSD_GG@DF_GREEN_GROWTH(1.1),Green Growth,I,MYS,Malaysia,A,Annual,NRG_PROD,USD_TOE,US dollars per tonne of oil equivalent,_T,Total - all activities,2003,7440.57,A,Normal value,0,Units,Q,2015.0,1.0,2.0
DATAFLOW,OECD.ENV.EPI:DSD_GG@DF_GREEN_GROWTH(1.1),Green Growth,I,MYS,Malaysia,A,Annual,NRG_PROD,USD_TOE,US dollars per tonne of oil equivalent,_T,Total - all activities,2002,7534.89,A,Normal value,0,Units,Q,2015.0,1.0,2.0
DATAFLOW,OECD.ENV.EPI:DSD_GG@DF_GREEN_GROWTH(1.1),Green Growth,I,MYS,Malaysia,A,Annual,NRG_PROD,USD_TOE,US dollars per tonne of oil equivalent,_T,Total - all activities,2001,7388.3,A,Normal value,0,Units,Q,2015.0,1.0,2.0
DATAFLOW,OECD.ENV.EPI:DSD_GG@DF_GREEN_GROWTH(1.1),Green Growth,I,MYS,Malaysia,A,Annual,NRG_PROD,USD_TOE,US dollars per tonne of oil equivalent,_T,Total - all activities,2000,7648.44,A,Normal value,0,Units,Q,2015.0,1.0,2.0
DATAFLOW,OECD.ENV.EPI:DSD_GG@DF_GREEN_GROWTH(1.1),Green Growth,I,MYS,Malaysia,A,Annual,NRG_PROD,USD_TOE,US dollars per tonne of oil equivalent,_T,Total - all activities,2020,9305.41,A,Normal value,0,Units,Q,2015.0,1.0,2.0
DATAFLOW,OECD.ENV.EPI:DSD_GG@DF_GREEN_GROWTH(1.1),Green Growth,I,MYS,Malaysia,A,Annual,NRG_PROD,USD_TOE,US dollars per tonne of oil equivalent,_T,Total - all activities,2019,9437.11,A,Normal value,0,Units,Q,2015.0,1.0,2.0
DATAFLOW,OECD.ENV.EPI:DSD_GG@DF_GREEN_GROWTH(1.1),Green Growth,I,MYS,Malaysia,A,Annual,NRG_PROD,USD_TOE,US dollars per tonne of oil equivalent,_T,Total - all activities,2018,9309.38,A,Normal value,0,Units,Q,2015.0,1.0,2.0
DATAFLOW,OECD.ENV.EPI:DSD_GG@DF_GREEN_GROWTH(1.1),Green Growth,I,MYS,Malaysia,A,Annual,NRG_PROD,USD_TOE,US dollars per tonne of oil equivalent,_T,Total - all activities,2017,9796.6,A,Normal value,0,Units,Q,2015.0,1.0,2.0
DATAFLOW,OECD.ENV.EPI:DSD_GG@DF_GREEN_GROWTH(1.1),Green Growth,I,MYS,Malaysia,A,Annual,NRG_PROD,USD_TOE,US dollars per tonne of oil equivalent,_T,Total - all activities,2016,8940.32,A,Normal value,0,Units,Q,2015.0,1.0,2.0
DATAFLOW,OECD.ENV.EPI:DSD_GG@DF_GREEN_GROWTH(1.1),Green Growth,I,MYS,Malaysia,A,Annual,NRG_PROD,USD_TOE,US dollars per tonne of oil equivalent,_T,Total - all activities,2015,8880.21,A,Normal value,0,Units,Q,2015.0,1.0,2.0
DATAFLOW,OECD.ENV.EPI:DSD_GG@DF_GREEN_GROWTH(1.1),Green Growth,I,MYS,Malaysia,A,Annual,NRG_PROD,USD_TOE,US dollars per tonne of oil equivalent,_T,Total - all activities,2014,8081.25,A,Normal value,0,Units,Q,2015.0,1.0,2.0
DATAFLOW,OECD.ENV.EPI:DSD_GG@DF_GREEN_GROWTH(1.1),Green Growth,I,MYS,Malaysia,A,Annual,NRG_PROD,USD_TOE,US dollars per tonne of oil equivalent,_T,Total - all activities,2013,7782.63,A,Normal value,0,Units,Q,2015.0,1.0,2.0
DATAFLOW,OECD.ENV.EPI:DSD_GG@DF_GREEN_GROWTH(1.1),Green Growth,I,MYS,Malaysia,A,Annual,NRG_PROD,USD_TOE,US dollars per tonne of oil equivalent,_T,Total - all activities,2012,8387.02,A,Normal value,0,Units,Q,2015.0,1.0,2.0
DATAFLOW,OECD.ENV.EPI:DSD_GG@DF_GREEN_GROWTH(1.1),Green Growth,I,MYS,Malaysia,A,Annual,NRG_PROD,USD_TOE,US dollars per tonne of oil equivalent,_T,Total - all activities,2011,8076.5,A,Normal value,0,Units,Q,2015.0,1.0,2.0
DATAFLOW,OECD.ENV.EPI:DSD_GG@DF_GREEN_GROWTH(1.1),Green Growth,I,MYS,Malaysia,A,Annual,NRG_PROD,USD_TOE,US dollars per tonne of oil equivalent,_T,Total - all activities,2010,7996.13,A,Normal value,0,Units,Q,2015.0,1.0,2.0
DATAFLOW,OECD.ENV.EPI:DSD_GG@DF_GREEN_GROWTH(1.1),Green Growth,I,MYS,Malaysia,A,Annual,NRG_PROD,USD_TOE,US dollars per tonne of oil equivalent,_T,Total - all activities,2009,7723.84,A,Normal value,0,Units,Q,2015.0,1.0,2.0
DATAFLOW,OECD.ENV.EPI:DSD_GG@DF_GREEN_GROWTH(1.1),Green Growth,I,MYS,Malaysia,A,Annual,ENVRESPROD,_X,Unspecified,A,"Agriculture, forestry and fishing",2009,9.675,A,Normal value,0,Units,,2015.0,2.0,2.0
DATAFLOW,OECD.ENV.EPI:DSD_GG@DF_GREEN_GROWTH(1.1),Green Growth,I,MYS,Malaysia,A,Annual,ENVRESPROD,_X,Unspecified,A,"Agriculture, forestry and fishing",2008,9.675,A,Normal value,0,Units,,2015.0,2.0,2.0
DATAFLOW,OECD.ENV.EPI:DSD_GG@DF_GREEN_GROWTH(1.1),Green Growth,I,MYS,Malaysia,A,Annual,ENVRESPROD,_X,Unspecified,A,"Agriculture, forestry and fishing",2007,9.675,A,Normal value,0,Units,,2015.0,2.0,2.0
DATAFLOW,OECD.ENV.EPI:DSD_GG@DF_GREEN_GROWTH(1.1),Green Growth,I,MYS,Malaysia,A,Annual,ENVRESPROD,_X,Unspecified,A,"Agriculture, forestry and fishing",2006,9.675,A,Normal value,0,Units,,2015.0,2.0,2.0
DATAFLOW,OECD.ENV.EPI:DSD_GG@DF_GREEN_GROWTH(1.1),Green Growth,I,MYS,Malaysia,A,Annual,ENVRESPROD,_X,Unspecified,A,"Agriculture, forestry and fishing",2005,9.675,A,Normal value,0,Units,,2015.0,2.0,2.0
DATAFLOW,OECD.ENV.EPI:DSD_GG@DF_GREEN_GROWTH(1.1),Green Growth,I,MYS,Malaysia,A,Annual,ENVRESPROD,_X,Unspecified,A,"Agriculture, forestry and fishing",2004,9.675,A,Normal value,0,Units,,2015.0,2.0,2.0
DATAFLOW,OECD.ENV.EPI:DSD_GG@DF_GREEN_GROWTH(1.1),Green Growth,I,MYS,Malaysia,A,Annual,ENVRESPROD,_X,Unspecified,A,"Agriculture, forestry and fishing",2003,9.675,A,Normal value,0,Units,,2015.0,2.0,2.0
DATAFLOW,OECD.ENV.EPI:DSD_GG@DF_GREEN_GROWTH(1.1),Green Growth,I,MYS,Malaysia,A,Annual,ENVRESPROD,_X,Unspecified,A,"Agriculture, forestry and fishing",2002,9.675,A,Normal value,0,Units,,2015.0,2.0,2.0
DATAFLOW,OECD.ENV.EPI:DSD_GG@DF_GREEN_GROWTH(1.1),Green Growth,I,MYS,Malaysia,A,Annual,ENVRESPROD,_X,Unspecified,A,"Agriculture, forestry and fishing",2001,9.675,A,Normal value,0,Units,,2015.0,2.0,2.0
DATAFLOW,OECD.ENV.EPI:DSD_GG@DF_GREEN_GROWTH(1.1),Green Growth,I,MYS,Malaysia,A,Annual,ENVRESPROD,_X,Unspecified,A,"Agriculture, forestry and fishing",2000,9.675,A,Normal value,0,Units,,2015.0,2.0,2.0
DATAFLOW,OECD.ENV.EPI:DSD_GG@DF_GREEN_GROWTH(1.1),Green Growth,I,MYS,Malaysia,A,Annual,ENVRESPROD,_X,Unspecified,A,"Agriculture, forestry and fishing",2022,9.675,A,Normal value,0,Units,,2015.0,2.0,2.0
DATAFLOW,OECD.ENV.EPI:DSD_GG@DF_GREEN_GROWTH(1.1),Green Growth,I,MYS,Malaysia,A,Annual,ENVRESPROD,_X,Unspecified,A,"Agriculture, forestry and fishing",2021,9.675,A,Normal value,0,Units,,2015.0,2.0,2.0
DATAFLOW,OECD.ENV.EPI:DSD_GG@DF_GREEN_GROWTH(1.1),Green Growth,I,MYS,Malaysia,A,Annual,ENVRESPROD,_X,Unspecified,A,"Agriculture, forestry and fishing",2020,9.675,A,Normal value,0,Units,,2015.0,2.0,2.0
DATAFLOW,OECD.ENV.EPI:DSD_GG@DF_GREEN_GROWTH(1.1),Green Growth,I,MYS,Malaysia,A,Annual,ENVRESPROD,_X,Unspecified,A,"Agriculture, forestry and fishing",2019,9.675,A,Normal value,0,Units,,2015.0,2.0,2.0
DATAFLOW,OECD.ENV.EPI:DSD_GG@DF_GREEN_GROWTH(1.1),Green Growth,I,MYS,Malaysia,A,Annual,ENVRESPROD,_X,Unspecified,A,"Agriculture, forestry and fishing",2018,9.675,A,Normal value,0,Units,,2015.0,2.0,2.0
DATAFLOW,OECD.ENV.EPI:DSD_GG@DF_GREEN_GROWTH(1.1),Green Growth,I,MYS,Malaysia,A,Annual,ENVRESPROD,_X,Unspecified,A,"Agriculture, forestry and fishing",2017,9.675,A,Normal value,0,Units,,2015.0,2.0,2.0
DATAFLOW,OECD.ENV.EPI:DSD_GG@DF_GREEN_GROWTH(1.1),Green Growth,I,MYS,Malaysia,A,Annual,ENVRESPROD,_X,Unspecified,A,"Agriculture, forestry and fishing",2016,9.675,A,Normal value,0,Units,,2015.0,2.0,2.0
DATAFLOW,OECD.ENV.EPI:DSD_GG@DF_GREEN_GROWTH(1.1),Green Growth,I,MYS,Malaysia,A,Annual,ENVRESPROD,_X,Unspecified,A,"Agriculture, forestry and fishing",2015,9.675,A,Normal value,0,Units,,2015.0,2.0,2.0
DATAFLOW,OECD.ENV.EPI:DSD_GG@DF_GREEN_GROWTH(1.1),Green Growth,I,MYS,Malaysia,A,Annual,ENVRESPROD,_X,Unspecified,A,"Agriculture, forestry and fishing",2014,9.675,A,Normal value,0,Units,,2015.0,2.0,2.0
DATAFLOW,OECD.ENV.EPI:DSD_GG@DF_GREEN_GROWTH(1.1),Green Growth,I,MYS,Malaysia,A,Annual,ENVRESPROD,_X,Unspecified,A,"Agriculture, forestry and fishing",2013,9.675,A,Normal value,0,Units,,2015.0,2.0,2.0
DATAFLOW,OECD.ENV.EPI:DSD_GG@DF_GREEN_GROWTH(1.1),Green Growth,I,MYS,Malaysia,A,Annual,ENVRESPROD,_X,Unspecified,A,"Agriculture, forestry and fishing",2012,9.675,A,Normal value,0,Units,,2015.0,2.0,2.0
DATAFLOW,OECD.ENV.EPI:DSD_GG@DF_GREEN_GROWTH(1.1),Green Growth,I,MYS,Malaysia,A,Annual,ENVRESPROD,_X,Unspecified,A,"Agriculture, forestry and fishing",2011,9.675,A,Normal value,0,Units,,2015.0,2.0,2.0
DATAFLOW,OECD.ENV.EPI:DSD_GG@DF_GREEN_GROWTH(1.1),Green Growth,I,MYS,Malaysia,A,Annual,ENVTAX_VEH,PT_TAX_REV_ENV,Percentage of environment related tax revenue,_T,Total - all activities,2003,99.91,A,Normal value,0,Units,_Z,2015.0,2.0,2.0
DATAFLOW,OECD.ENV.EPI:DSD_GG@DF_GREEN_GROWTH(1.1),Green Growth,I,MYS,Malaysia,A,Annual,ENVTAX_VEH,PT_TAX_REV_ENV,Percentage of environment related tax revenue,_T,Total - all activities,2002,99.91,A,Normal value,0,Units,_Z,2015.0,2.0,2.0
DATAFLOW,OECD.ENV.EPI:DSD_GG@DF_GREEN_GROWTH(1.1),Green Growth,I,MYS,Malaysia,A,Annual,ENVTAX_VEH,PT_TAX_REV_ENV,Percentage of environment related tax revenue,_T,Total - all activities,2001,99.85,A,Normal value,0,Units,_Z,2015.0,2.0,2.0
DATAFLOW,OECD.ENV.EPI:DSD_GG@DF_GREEN_GROWTH(1.1),Green Growth,I,MYS,Malaysia,A,Annual,ENVTAX_VEH,PT_TAX_REV_ENV,Percentage of environment related tax revenue,_T,Total - all activities,2000,99.9,A,Normal value,0,Units,_Z,2015.0,2.0,2.0
DATAFLOW,OECD.ENV.EPI:DSD_GG@DF_GREEN_GROWTH(1.1),Green Growth,I,MYS,Malaysia,A,Annual,ENVTAX_VEH,PT_TAX_REV_ENV,Percentage of environment related tax revenue,_T,Total - all activities,2020,90.44,A,Normal value,0,Units,_Z,2015.0,2.0,2.0
DATAFLOW,OECD.ENV.EPI:DSD_GG@DF_GREEN_GROWTH(1.1),Green Growth,I,MYS,Malaysia,A,Annual,ENVTAX_VEH,PT_TAX_REV_ENV,Percentage of environment related tax revenue,_T,Total - all activities,2019,86.68,A,Normal value,0,Units,_Z,2015.0,2.0,2.0
DATAFLOW,OECD.ENV.EPI:DSD_GG@DF_GREEN_GROWTH(1.1),Green Growth,I,MYS,Malaysia,A,Annual,ENVTAX_VEH,PT_TAX_REV_ENV,Percentage of environment related tax revenue,_T,Total - all activities,2018,83.87,A,Normal value,0,Units,_Z,2015.0,2.0,2.0
DATAFLOW,OECD.ENV.EPI:DSD_GG@DF_GREEN_GROWTH(1.1),Green Growth,I,MYS,Malaysia,A,Annual,ENVTAX_VEH,PT_TAX_REV_ENV,Percentage of environment related tax revenue,_T,Total - all activities,2017,100.0,O,Missing value,0,Units,_Z,2015.0,2.0,2.0
DATAFLOW,OECD.ENV.EPI:DSD_GG@DF_GREEN_GROWTH(1.1),Green Growth,I,MYS,Malaysia,A,Annual,ENVTAX_VEH,PT_TAX_REV_ENV,Percentage of environment related tax revenue,_T,Total - all activities,2016,99.82,O,Missing value,0,Units,_Z,2015.0,2.0,2.0
DATAFLOW,OECD.ENV.EPI:DSD_GG@DF_GREEN_GROWTH(1.1),Green Growth,I,MYS,Malaysia,A,Annual,ENVTAX_VEH,PT_TAX_REV_ENV,Percentage of environment related tax revenue,_T,Total - all activities,2015,99.81,A,Normal value,0,Units,_Z,2015.0,2.0,2.0
DATAFLOW,OECD.ENV.EPI:DSD_GG@DF_GREEN_GROWTH(1.1),Green Growth,I,MYS,Malaysia,A,Annual,ENVTAX_VEH,PT_TAX_REV_ENV,Percentage of environment related tax revenue,_T,Total - all activities,2014,99.76,A,Normal value,0,Units,_Z,2015.0,2.0,2.0
DATAFLOW,OECD.ENV.EPI:DSD_GG@DF_GREEN_GROWTH(1.1),Green Growth,I,MYS,Malaysia,A,Annual,ENVTAX_VEH,PT_TAX_REV_ENV,Percentage of environment related tax revenue,_T,Total - all activities,2013,99.92,A,Normal value,0,Units,_Z,2015.0,2.0,2.0
DATAFLOW,OECD.ENV.EPI:DSD_GG@DF_GREEN_GROWTH(1.1),Green Growth,I,MYS,Malaysia,A,Annual,ENVTAX_VEH,PT_TAX_REV_ENV,Percentage of environment related tax revenue,_T,Total - all activities,2012,99.83,A,Normal value,0,Units,_Z,2015.0,2.0,2.0
DATAFLOW,OECD.ENV.EPI:DSD_GG@DF_GREEN_GROWTH(1.1),Green Growth,I,MYS,Malaysia,A,Annual,ENVTAX_VEH,PT_TAX_REV_ENV,Percentage of environment related tax revenue,_T,Total - all activities,2011,99.77,A,Normal value,0,Units,_Z,2015.0,2.0,2.0
DATAFLOW,OECD.ENV.EPI:DSD_GG@DF_GREEN_GROWTH(1.1),Green Growth,I,MYS,Malaysia,A,Annual,ENVTAX_VEH,PT_TAX_REV_ENV,Percentage of environment related tax revenue,_T,Total - all activities,2010,99.85,A,Normal value,0,Units,_Z,2015.0,2.0,2.0
DATAFLOW,OECD.ENV.EPI:DSD_GG@DF_GREEN_GROWTH(1.1),Green Growth,I,MYS,Malaysia,A,Annual,ENVTAX_VEH,PT_TAX_REV_ENV,Percentage of environment related tax revenue,_T,Total - all activities,2009,99.84,A,Normal value,0,Units,_Z,2015.0,2.0,2.0
DATAFLOW,OECD.ENV.EPI:DSD_GG@DF_GREEN_GROWTH(1.1),Green Growth,I,MYS,Malaysia,A,Annual,ENVTAX_VEH,PT_TAX_REV_ENV,Percentage of environment related tax revenue,_T,Total - all activities,2008,99.84,A,Normal value,0,Units,_Z,2015.0,2.0,2.0
DATAFLOW,OECD.ENV.EPI:DSD_GG@DF_GREEN_GROWTH(1.1),Green Growth,I,MYS,Malaysia,A,Annual,ENVTAX_VEH,PT_TAX_REV_ENV,Percentage of environment related tax revenue,_T,Total - all activities,2007,99.82,A,Normal value,0,Units,_Z,2015.0,2.0,2.0
DATAFLOW,OECD.ENV.EPI:DSD_GG@DF_GREEN_GROWTH(1.1),Green Growth,I,MYS,Malaysia,A,Annual,ENVTAX_VEH,PT_TAX_REV_ENV,Percentage of environment related tax revenue,_T,Total - all activities,2006,99.83,A,Normal value,0,Units,_Z,2015.0,2.0,2.0
DATAFLOW,OECD.ENV.EPI:DSD_GG@DF_GREEN_GROWTH(1.1),Green Growth,I,MYS,Malaysia,A,Annual,ENVTAX_VEH,PT_TAX_REV_ENV,Percentage of environment related tax revenue,_T,Total - all activities,2005,99.86,A,Normal value,0,Units,_Z,2015.0,2.0,2.0
DATAFLOW,OECD.ENV.EPI:DSD_GG@DF_GREEN_GROWTH(1.1),Green Growth,I,MYS,Malaysia,A,Annual,SOCECO,_X,Unspecified,A,"Agriculture, forestry and fishing",2018,9.675,A,Normal value,0,Units,,2015.0,2.0,2.0
DATAFLOW,OECD.ENV.EPI:DSD_GG@DF_GREEN_GROWTH(1.1),Green Growth,I,MYS,Malaysia,A,Annual,LTAX,PT_TAX_REV,Percentage of tax revenue,_T,Total - all activities,2008,14.41,A,Normal value,0,Units,_Z,2015.0,1.0,2.0
DATAFLOW,OECD.ENV.EPI:DSD_GG@DF_GREEN_GROWTH(1.1),Green Growth,I,MYS,Malaysia,A,Annual,ENGTAX,PT_TAX_REV_ENV,Percentage of environment related tax revenue,_T,Total - all activities,2008,0.03,A,Normal value,0,Units,_Z,2015.0,2.0,2.0
DATAFLOW,OECD.ENV.EPI:DSD_GG@DF_GREEN_GROWTH(1.1),Green Growth,I,MYS,Malaysia,A,Annual,TECHPAT_PAT,_X,Unspecified,_T,Total - all activities,2010,9.675,A,Normal value,0,Units,,2015.0,2.0,2.0
DATAFLOW,OECD.ENV.EPI:DSD_GG@DF_GREEN_GROWTH(1.1),Green Growth,I,MYS,Malaysia,A,Annual,GHG,_X,Unspecified,_T,Total - all activities,2010,9.675,A,Normal value,0,Units,,2015.0,2.0,2.0
DATAFLOW,OECD.ENV.EPI:DSD_GG@DF_GREEN_GROWTH(1.1),Green Growth,I,MYS,Malaysia,A,Annual,PPP,XDC_USD,National currency per US dollar,_T,Total - all activities,2008,1.43,A,Normal value,0,Units,_Z,2015.0,1.0,2.0
DATAFLOW,OECD.ENV.EPI:DSD_GG@DF_GREEN_GROWTH(1.1),Green Growth,I,MYS,Malaysia,A,Annual,ECO,_X,Unspecified,HTN,Services,2010,9.675,A,Normal value,0,Units,,2015.0,2.0,2.0
DATAFLOW,OECD.ENV.EPI:DSD_GG@DF_GREEN_GROWTH(1.1),Green Growth,I,MYS,Malaysia,A,Annual,O3_MOR,DT_10P6HB,Deaths per 1 000 000 inhabitants,_T,Total - all activities,2008,4.56,A,Normal value,0,Units,_Z,2015.0,3.0,2.0
DATAFLOW,OECD.ENV.EPI:DSD_GG@DF_GREEN_GROWTH(1.1),Green Growth,I,MYS,Malaysia,A,Annual,ECO,_X,Unspecified,_T,Total - all activities,2010,9.675,A,Normal value,0,Units,,2015.0,2.0,2.0
DATAFLOW,OECD.ENV.EPI:DSD_GG@DF_GREEN_GROWTH(1.1),Green Growth,I,MYS,Malaysia,A,Annual,NATBASE,_X,Unspecified,_T,Total - all activities,2010,9.675,A,Normal value,0,Units,,2015.0,2.0,2.0
DATAFLOW,OECD.ENV.EPI:DSD_GG@DF_GREEN_GROWTH(1.1),Green Growth,I,MYS,Malaysia,A,Annual,POP_Y15T64,PT_POP,Percentage of population,_T,Total - all activities,2008,67.41,A,Normal value,0,Units,_Z,2015.0,1.0,2.0
DATAFLOW,OECD.ENV.EPI:DSD_GG@DF_GREEN_GROWTH(1.1),Green Growth,I,MYS,Malaysia,A,Annual,FOR_LTMGMT,PT_FAR,Percentage of forested area,_T,Total - all activities,2010,48.49,A,Normal value,0,Units,_Z,2015.0,5.0,2.0
DATAFLOW,OECD.ENV.EPI:DSD_GG@DF_GREEN_GROWTH(1.1),Green Growth,I,MYS,Malaysia,A,Annual,FOR,_X,Unspecified,_T,Total - all activities,2010,9.675,A,Normal value,0,Units,,2015.0,2.0,2.0
DATAFLOW,OECD.ENV.EPI:DSD_GG@DF_GREEN_GROWTH(1.1),Green Growth,I,MYS,Malaysia,A,Annual,GDP_PC,PT_B1G,Percentage of gross value added,BTE,Industry (except construction),2008,44.53,A,Normal value,0,Units,_Z,2015.0,1.0,2.0
DATAFLOW,OECD.ENV.EPI:DSD_GG@DF_GREEN_GROWTH(1.1),Green Growth,I,MYS,Malaysia,A,Annual,LTAX,PT_B1GQ,Percentage of GDP,_T,Total - all activities,2008,2.18,E,Estimated value,0,Units,_Z,2015.0,1.0,2.0
DATAFLOW,OECD.ENV.EPI:DSD_GG@DF_GREEN_GROWTH(1.1),Green Growth,I,MYS,Malaysia,A,Annual,SOC,_X,Unspecified,_T,Total - all activities,2007,9.675,A,Normal value,0,Units,,2015.0,2.0,2.0
DATAFLOW,OECD.ENV.EPI:DSD_GG@DF_GREEN_GROWTH(1.1),Green Growth,I,MYS,Malaysia,A,Annual,FIT_WIND,USD_KWH,US dollars per kilowatt hour,_T,Total - all activities,2001,0.0,A,Normal value,0,Units,_Z,2015.0,3.0,2.0
DATAFLOW,OECD.ENV.EPI:DSD_GG@DF_GREEN_GROWTH(1.1),Green Growth,I,MYS,Malaysia,A,Annual,PM_SPEX10,PT_POP,Percentage of population,_T,Total - all activities,2016,98.98,A,Normal value,0,Units,_Z,2015.0,3.0,2.0
DATAFLOW,OECD.ENV.EPI:DSD_GG@DF_GREEN_GROWTH(1.1),Green Growth,I,MYS,Malaysia,A,Annual,ENVTAXTRANS,_X,Unspecified,_T,Total - all activities,2010,9.675,A,Normal value,0,Units,,2015.0,2.0,2.0
DATAFLOW,OECD.ENV.EPI:DSD_GG@DF_GREEN_GROWTH(1.1),Green Growth,I,MYS,Malaysia,A,Annual,NRG,_X,Unspecified,HTN,Services,2010,9.675,A,Normal value,0,Units,,2015.0,2.0,2.0
DATAFLOW,OECD.ENV.EPI:DSD_GG@DF_GREEN_GROWTH(1.1),Green Growth,I,MYS,Malaysia,A,Annual,NRGC,PT_CONS_NRG,Percentage of energy consumption,BTE,Industry (except construction),2008,44.27,A,Normal value,0,Units,_Z,2015.0,1.0,2.0
DATAFLOW,OECD.ENV.EPI:DSD_GG@DF_GREEN_GROWTH(1.1),Green Growth,I,MYS,Malaysia,A,Annual,FPRICE_DIE,USD_PPP_L,"US dollars per litre, PPP converted",_T,Total - all activities,2008,1.47,A,Normal value,0,Units,Q,2015.0,1.0,2.0
DATAFLOW,OECD.ENV.EPI:DSD_GG@DF_GREEN_GROWTH(1.1),Green Growth,I,MYS,Malaysia,A,Annual,ENVQOL,_X,Unspecified,_T,Total - all activities,2010,9.675,A,Normal value,0,Units,,2015.0,2.0,2.0
DATAFLOW,OECD.ENV.EPI:DSD_GG@DF_GREEN_GROWTH(1.1),Green Growth,I,MYS,Malaysia,A,Annual,FPRICE_PET,USD_PPP_L,"US dollars per litre, PPP converted",_T,Total - all activities,2006,1.47,A,Normal value,0,Units,Q,2015.0,1.0,2.0
DATAFLOW,OECD.ENV.EPI:DSD_GG@DF_GREEN_GROWTH(1.1),Green Growth,I,MYS,Malaysia,A,Annual,ENVRESPROD,_X,Unspecified,HTN,Services,2010,9.675,A,Normal value,0,Units,,2015.0,2.0,2.0
DATAFLOW,OECD.ENV.EPI:DSD_GG@DF_GREEN_GROWTH(1.1),Green Growth,I,MYS,Malaysia,A,Annual,O3_SC,PT_B1GQ,Percentage of GDP,_T,Total - all activities,2004,0.07,A,Normal value,0,Units,_Z,2015.0,3.0,2.0
DATAFLOW,OECD.ENV.EPI:DSD_GG@DF_GREEN_GROWTH(1.1),Green Growth,I,MYS,Malaysia,A,Annual,DMC_MIN,PT_CONS_MAT_D,Percentage of domestic material consumption,_T,Total - all activities,2008,43.6,E,Estimated value,0,Units,_Z,2015.0,2.0,2.0
DATAFLOW,OECD.ENV.EPI:DSD_GG@DF_GREEN_GROWTH(1.1),Green Growth,I,MYS,Malaysia,A,Annual,SW_PERMTOSEAS,PT_SUR_WAT_PER_1984,Percentage of permanent water surface in 1984,_T,Total - all activities,2015,10.55,A,Normal value,0,Units,_Z,2015.0,5.0,2.0
DATAFLOW,OECD.ENV.EPI:DSD_GG@DF_GREEN_GROWTH(1.1),Green Growth,I,MYS,Malaysia,A,Annual,REGMNG,_X,Unspecified,_T,Total - all activities,2010,9.675,A,Normal value,0,Units,,2015.0,2.0,2.0
DATAFLOW,OECD.ENV.EPI:DSD_GG@DF_GREEN_GROWTH(1.1),Green Growth,I,MYS,Malaysia,A,Annual,SANI_SPOP,PT_POP,Percentage of population,_T,Total - all activities,2008,68.0,A,Normal value,0,Units,_Z,2015.0,2.0,2.0
DATAFLOW,OECD.ENV.EPI:DSD_GG@DF_GREEN_GROWTH(1.1),Green Growth,I,MYS,Malaysia,A,Annual,ECO,_X,Unspecified,A,"Agriculture, forestry and fishing",2005,9.675,A,Normal value,0,Units,,2015.0,2.0,2.0
DATAFLOW,OECD.ENV.EPI:DSD_GG@DF_GREEN_GROWTH(1.1),Green Growth,I,MYS,Malaysia,A,Annual,GPAT_DE,PT_INV_W_ENV,Percentage of environment related worldwide inventions,_T,Total - all activities,2008,0.09,A,Normal value,0,Units,_Z,2015.0,3.0,2.0
DATAFLOW,OECD.ENV.EPI:DSD_GG@DF_GREEN_GROWTH(1.1),Green Growth,I,MYS,Malaysia,A,Annual,XR,XDC_USD,National currency per US dollar,_T,Total - all activities,2006,3.67,A,Normal value,0,Units,_Z,2015.0,1.0,2.0
DATAFLOW,OECD.ENV.EPI:DSD_GG@DF_GREEN_GROWTH(1.1),Green Growth,I,MYS,Malaysia,A,Annual,GDP_R,IX,Index,_T,Total - all activities,2008,148.31,E,Estimated value,0,Units,_Z,2000.0,1.0,2.0
DATAFLOW,OECD.ENV.EPI:DSD_GG@DF_GREEN_GROWTH(1.1),Green Growth,I,MYS,Malaysia,A,Annual,FOR_IF_PCLOSS2000,PT_LSC_FRST_INT_2000,Percentage of intact forest landscape in 2000,_T,Total - all activities,2016,27.81,A,Normal value,0,Units,_Z,2015.0,5.0,2.0
DATAFLOW,OECD.ENV.EPI:DSD_GG@DF_GREEN_GROWTH(1.1),Green Growth,I,MYS,Malaysia,A,Annual,RE_TPES,PT_SUP_NRG,Percentage of energy supply,_T,Total - all activities,2008,2.22,A,Normal value,0,Units,_Z,2015.0,1.0,2.0
DATAFLOW,OECD.ENV.EPI:DSD_GG@DF_GREEN_GROWTH(1.1),Green Growth,I,MYS,Malaysia,A,Annual,PM_SC,PT_B1GQ,Percentage of GDP,_T,Total - all activities,2008,3.25,A,Normal value,0,Units,_Z,2015.0,3.0,2.0
DATAFLOW,OECD.ENV.EPI:DSD_GG@DF_GREEN_GROWTH(1.1),Green Growth,I,MYS,Malaysia,A,Annual,SW_NOTTOPERM,PT_SUR_WAT_PER_1984,Percentage of permanent water surface in 1984,_T,Total - all activities,2015,34.54,A,Normal value,0,Units,_Z,2015.0,5.0,2.0
DATAFLOW,OECD.ENV.EPI:DSD_GG@DF_GREEN_GROWTH(1.1),Green Growth,I,MYS,Malaysia,A,Annual,ENVRESPROD,_X,Unspecified,H,Transportation and storage,2010,9.675,A,Normal value,0,Units,,2015.0,2.0,2.0
DATAFLOW,OECD.ENV.EPI:DSD_GG@DF_GREEN_GROWTH(1.1),Green Growth,I,MYS,Malaysia,A,Annual,RE_NRG,PT_GEN_EL,Percentage of electricity generation,_T,Total - all activities,2008,7.63,A,Normal value,0,Units,_Z,2015.0,1.0,2.0
DATAFLOW,OECD.ENV.EPI:DSD_GG@DF_GREEN_GROWTH(1.1),Green Growth,I,MYS,Malaysia,A,Annual,NRG,_X,Unspecified,A,"Agriculture, forestry and fishing",2010,9.675,A,Normal value,0,Units,,2015.0,2.0,2.0
DATAFLOW,OECD.ENV.EPI:DSD_GG@DF_GREEN_GROWTH(1.1),Green Growth,I,MYS,Malaysia,A,Annual,ECOPOL,_X,Unspecified,_T,Total - all activities,2010,9.675,A,Normal value,0,Units,,2015.0,2.0,2.0
DATAFLOW,OECD.ENV.EPI:DSD_GG@DF_GREEN_GROWTH(1.1),Green Growth,I,MYS,Malaysia,A,Annual,POP_LIFEEXP,Y,Years,_T,Total - all activities,2008,74.25,A,Normal value,0,Units,_Z,2015.0,1.0,2.0
DATAFLOW,OECD.ENV.EPI:DSD_GG@DF_GREEN_GROWTH(1.1),Green Growth,I,MYS,Malaysia,A,Annual,PM_SPEX35,PT_POP,Percentage of population,_T,Total - all activities,2017,0.0,A,Normal value,0,Units,_Z,2015.0,3.0,2.0
DATAFLOW,OECD.ENV.EPI:DSD_GG@DF_GREEN_GROWTH(1.1),Green Growth,I,MYS,Malaysia,A,Annual,RN_SC,PT_B1GQ,Percentage of GDP,_T,Total - all activities,2008,0.02,A,Normal value,0,Units,_Z,2015.0,3.0,2.0
DATAFLOW,OECD.ENV.EPI:DSD_GG@DF_GREEN_GROWTH(1.1),Green Growth,I,MYS,Malaysia,A,Annual,GDP_RCAP,USD_PPP_PS,"US dollars per person, PPP converted",_T,Total - all activities,2008,19803.5,E,Estimated value,0,Units,Q,2015.0,1.0,2.0
DATAFLOW,OECD.ENV.EPI:DSD_GG@DF_GREEN_GROWTH(1.1),Green Growth,I,MYS,Malaysia,A,Annual,GHG_PBEM,IX,Index,_T,Total - all activities,2008,152.12,A,Normal value,0,Units,_Z,2000.0,3.0,2.0
DATAFLOW,OECD.ENV.EPI:DSD_GG@DF_GREEN_GROWTH(1.1),Green Growth,I,MYS,Malaysia,A,Annual,CO2_PBPROD,USD_CO2,US dollars per unit of CO2,_T,Total - all activities,2008,2.92,A,Normal value,0,Units,Q,2015.0,2.0,2.0
DATAFLOW,OECD.ENV.EPI:DSD_GG@DF_GREEN_GROWTH(1.1),Green Growth,I,MYS,Malaysia,A,Annual,CO2_PBEMCAP,T_CO2E_PS,Tonnes of CO2-equivalent per person,_T,Total - all activities,2008,6.95,A,Normal value,0,Units,_Z,2015.0,2.0,2.0
DATAFLOW,OECD.ENV.EPI:DSD_GG@DF_GREEN_GROWTH(1.1),Green Growth,I,MYS,Malaysia,A,Annual,GHG_DBEM,T_CO2E,Tonnes of CO2-equivalent,_T,Total - all activities,2008,163.68,A,Normal value,6,Millions,_Z,2015.0,3.0,2.0
DATAFLOW,OECD.ENV.EPI:DSD_GG@DF_GREEN_GROWTH(1.1),Green Growth,I,MYS,Malaysia,A,Annual,NRG_INT,TOE_PS,Tonnes of oil equivalent per person,_T,Total - all activities,2008,2.67,A,Normal value,0,Units,_Z,2015.0,1.0,2.0
DATAFLOW,OECD.ENV.EPI:DSD_GG@DF_GREEN_GROWTH(1.1),Green Growth,I,MYS,Malaysia,A,Annual,SW_SEASWAT,PT_AR,Percentage of area,_T,Total - all activities,2015,0.37,A,Normal value,0,Units,_Z,2015.0,5.0,2.0
DATAFLOW,OECD.ENV.EPI:DSD_GG@DF_GREEN_GROWTH(1.1),Green Growth,I,MYS,Malaysia,A,Annual,SW_SEASTOPERM,PT_SUR_WAT_PER_1984,Percentage of permanent water surface in 1984,_T,Total - all activities,2015,1.02,A,Normal value,0,Units,_Z,2015.0,5.0,2.0
DATAFLOW,OECD.ENV.EPI:DSD_GG@DF_GREEN_GROWTH(1.1),Green Growth,I,MYS,Malaysia,A,Annual,EPRICE_IND,USD_PPP_KWH,"US dollars per kilowatt hour, PPP converted",_T,Total - all activities,2018,0.22,A,Normal value,0,Units,Q,2015.0,1.0,2.0
DATAFLOW,OECD.ENV.EPI:DSD_GG@DF_GREEN_GROWTH(1.1),Green Growth,I,MYS,Malaysia,A,Annual,NRG,_X,Unspecified,_O,Other,2010,9.675,A,Normal value,0,Units,,2015.0,2.0,2.0
DATAFLOW,OECD.ENV.EPI:DSD_GG@DF_GREEN_GROWTH(1.1),Green Growth,I,MYS,Malaysia,A,Annual,NRGC,PT_CONS_NRG,Percentage of energy consumption,HTN,Services,2008,7.98,A,Normal value,0,Units,_Z,2015.0,1.0,2.0
DATAFLOW,OECD.ENV.EPI:DSD_GG@DF_GREEN_GROWTH(1.1),Green Growth,I,MYS,Malaysia,A,Annual,GHG_PBEM,T_CO2E,Tonnes of CO2-equivalent,_T,Total - all activities,2008,285.65,A,Normal value,6,Millions,_Z,2015.0,3.0,2.0
DATAFLOW,OECD.ENV.EPI:DSD_GG@DF_GREEN_GROWTH(1.1),Green Growth,I,MYS,Malaysia,A,Annual,LAND,_X,Unspecified,_T,Total - all activities,2010,9.675,A,Normal value,0,Units,,2015.0,2.0,2.0
DATAFLOW,OECD.ENV.EPI:DSD_GG@DF_GREEN_GROWTH(1.1),Green Growth,I,MYS,Malaysia,A,Annual,CO2_DBPROD,USD_CO2,US dollars per unit of CO2,_T,Total - all activities,2008,4.85,A,Normal value,0,Units,_Z,2015.0,2.0,2.0
DATAFLOW,OECD.ENV.EPI:DSD_GG@DF_GREEN_GROWTH(1.1),Green Growth,I,MYS,Malaysia,A,Annual,POP_Y_LT14,PT_POP,Percentage of population,_T,Total - all activities,2007,28.65,A,Normal value,0,Units,_Z,2015.0,1.0,2.0
DATAFLOW,OECD.ENV.EPI:DSD_GG@DF_GREEN_GROWTH(1.1),Green Growth,I,MYS,Malaysia,A,Annual,DEF,IX,Index,_T,Total - all activities,2008,89.65,A,Normal value,0,Units,_Z,2015.0,1.0,2.0
DATAFLOW,OECD.ENV.EPI:DSD_GG@DF_GREEN_GROWTH(1.1),Green Growth,I,MYS,Malaysia,A,Annual,ENVTAX,PT_TAX_REV,Percentage of tax revenue,_T,Total - all activities,2008,1.56,A,Normal value,0,Units,_Z,2015.0,2.0,2.0
DATAFLOW,OECD.ENV.EPI:DSD_GG@DF_GREEN_GROWTH(1.1),Green Growth,I,MYS,Malaysia,A,Annual,GHG_DBEM,IX,Index,_T,Total - all activities,2008,168.1,A,Normal value,0,Units,_Z,2000.0,3.0,2.0
DATAFLOW,OECD.ENV.EPI:DSD_GG@DF_GREEN_GROWTH(1.1),Green Growth,I,MYS,Malaysia,A,Annual,ENVTAX,PT_B1GQ,Percentage of GDP,_T,Total - all activities,2008,0.24,A,Normal value,0,Units,_Z,2015.0,2.0,2.0
DATAFLOW,OECD.ENV.EPI:DSD_GG@DF_GREEN_GROWTH(1.1),Green Growth,I,MYS,Malaysia,A,Annual,POP_F,PT_POP,Percentage of population,_T,Total - all activities,2008,48.57,A,Normal value,0,Units,_Z,2015.0,1.0,2.0
DATAFLOW,OECD.ENV.EPI:DSD_GG@DF_GREEN_GROWTH(1.1),Green Growth,I,MYS,Malaysia,A,Annual,NRGS,IX,Index,_T,Total - all activities,2008,152.92,A,Normal value,0,Units,_Z,2000.0,1.0,2.0
DATAFLOW,OECD.ENV.EPI:DSD_GG@DF_GREEN_GROWTH(1.1),Green Growth,I,MYS,Malaysia,A,Annual,CO2_DBEM,T,Tonnes,_T,Total - all activities,2008,112.84,A,Normal value,6,Millions,_Z,2015.0,2.0,2.0
DATAFLOW,OECD.ENV.EPI:DSD_GG@DF_GREEN_GROWTH(1.1),Green Growth,I,MYS,Malaysia,A,Annual,RN_MOR,DT_10P6HB,Deaths per 1 000 000 inhabitants,_T,Total - all activities,2006,1.93,A,Normal value,0,Units,_Z,2015.0,3.0,2.0
DATAFLOW,OECD.ENV.EPI:DSD_GG@DF_GREEN_GROWTH(1.1),Green Growth,I,MYS,Malaysia,A,Annual,GHG_PBEMCAP,T_CO2E_PS,Tonnes of CO2-equivalent per person,_T,Total - all activities,2008,10.36,A,Normal value,0,Units,_Z,2015.0,3.0,2.0
DATAFLOW,OECD.ENV.EPI:DSD_GG@DF_GREEN_GROWTH(1.1),Green Growth,I,MYS,Malaysia,A,Annual,NRG,_X,Unspecified,H,Transportation and storage,2010,9.675,A,Normal value,0,Units,,2015.0,2.0,2.0
DATAFLOW,OECD.ENV.EPI:DSD_GG@DF_GREEN_GROWTH(1.1),Green Growth,I,MYS,Malaysia,A,Annual,ECO,_X,Unspecified,BTE,Industry (except construction),2010,9.675,A,Normal value,0,Units,,2015.0,2.0,2.0
DATAFLOW,OECD.ENV.EPI:DSD_GG@DF_GREEN_GROWTH(1.1),Green Growth,I,MYS,Malaysia,A,Annual,GHG_DBPROD,USD_KG_CO2E,US dollars per kilogramme of CO2-equivalent,_T,Total - all activities,2008,3.42,A,Normal value,0,Units,Q,2015.0,3.0,2.0
DATAFLOW,OECD.ENV.EPI:DSD_GG@DF_GREEN_GROWTH(1.1),Green Growth,I,MYS,Malaysia,A,Annual,SW_PERMTONOT,PT_SUR_WAT_PER_1984,Percentage of permanent water surface in 1984,_T,Total - all activities,2015,5.76,A,Normal value,0,Units,_Z,2015.0,5.0,2.0
DATAFLOW,OECD.ENV.EPI:DSD_GG@DF_GREEN_GROWTH(1.1),Green Growth,I,MYS,Malaysia,A,Annual,PM_MOR,DT_10P6HB,Deaths per 1 000 000 inhabitants,_T,Total - all activities,2008,308.5,A,Normal value,0,Units,_Z,2015.0,3.0,2.0
DATAFLOW,OECD.ENV.EPI:DSD_GG@DF_GREEN_GROWTH(1.1),Green Growth,I,MYS,Malaysia,A,Annual,EPRICE_RES,USD_PPP_KWH,"US dollars per kilowatt hour, PPP converted",_T,Total - all activities,2018,0.2,A,Normal value,0,Units,Q,2015.0,1.0,2.0
DATAFLOW,OECD.ENV.EPI:DSD_GG@DF_GREEN_GROWTH(1.1),Green Growth,I,MYS,Malaysia,A,Annual,ENVRESPROD,_X,Unspecified,_O,Other,2010,9.675,A,Normal value,0,Units,,2015.0,2.0,2.0
DATAFLOW,OECD.ENV.EPI:DSD_GG@DF_GREEN_GROWTH(1.1),Green Growth,I,MYS,Malaysia,A,Annual,GHG_DBEMCAP,T_CO2E_PS,Tonnes of CO2-equivalent per person,_T,Total - all activities,2008,5.94,A,Normal value,0,Units,_Z,2015.0,3.0,2.0
DATAFLOW,OECD.ENV.EPI:DSD_GG@DF_GREEN_GROWTH(1.1),Green Growth,I,MYS,Malaysia,A,Annual,DMC_PROD,USD_KG,US dollars per kilogramme,_T,Total - all activities,2008,1.28,E,Estimated value,0,Units,Q,2015.0,2.0,2.0
DATAFLOW,OECD.ENV.EPI:DSD_GG@DF_GREEN_GROWTH(1.1),Green Growth,I,MYS,Malaysia,A,Annual,FOR_STOCK,M3,Cubic metres,_T,Total - all activities,2010,3845.07,A,Normal value,6,Millions,_Z,2015.0,5.0,2.0
DATAFLOW,OECD.ENV.EPI:DSD_GG@DF_GREEN_GROWTH(1.1),Green Growth,I,MYS,Malaysia,A,Annual,ENVRESPROD,_X,Unspecified,BTE,Industry (except construction),2010,9.675,A,Normal value,0,Units,,2015.0,2.0,2.0
DATAFLOW,OECD.ENV.EPI:DSD_GG@DF_GREEN_GROWTH(1.1),Green Growth,I,MYS,Malaysia,A,Annual,WLIFE,_X,Unspecified,_T,Total - all activities,2010,9.675,A,Normal value,0,Units,,2015.0,2.0,2.0
DATAFLOW,OECD.ENV.EPI:DSD_GG@DF_GREEN_GROWTH(1.1),Green Growth,I,MYS,Malaysia,A,Annual,POP_FERTILITY,BR_L_W,Live births per woman,_T,Total - all activities,2008,2.24,A,Normal value,0,Units,_Z,2015.0,1.0,2.0
DATAFLOW,OECD.ENV.EPI:DSD_GG@DF_GREEN_GROWTH(1.1),Green Growth,I,MYS,Malaysia,A,Annual,SOCECO,_X,Unspecified,BTE,Industry (except construction),2010,9.675,A,Normal value,0,Units,,2015.0,2.0,2.0
DATAFLOW,OECD.ENV.EPI:DSD_GG@DF_GREEN_GROWTH(1.1),Green Growth,I,MYS,Malaysia,A,Annual,RENV,_X,Unspecified,_T,Total - all activities,2010,9.675,A,Normal value,0,Units,,2015.0,2.0,2.0
DATAFLOW,OECD.ENV.EPI:DSD_GG@DF_GREEN_GROWTH(1.1),Green Growth,I,MYS,Malaysia,A,Annual,GPAT_DE,INV_10P6HB,Inventions per 1 000 000 inhabitants,_T,Total - all activities,2008,1.05,A,Normal value,0,Units,_Z,2015.0,3.0,2.0
DATAFLOW,OECD.ENV.EPI:DSD_GG@DF_GREEN_GROWTH(1.1),Green Growth,I,MYS,Malaysia,A,Annual,CO2_PBEM,IX,Index,_T,Total - all activities,2008,166.46,A,Normal value,0,Units,_Z,2000.0,2.0,2.0
DATAFLOW,OECD.ENV.EPI:DSD_GG@DF_GREEN_GROWTH(1.1),Green Growth,I,MYS,Malaysia,A,Annual,CO2_AIRTRAGDP,KG,Kilogramme,_T,Total - all activities,2021,1.88,A,Normal value,0,Units,_Z,2015.0,0.0,2.0
DATAFLOW,OECD.ENV.EPI:DSD_GG@DF_GREEN_GROWTH(1.1),Green Growth,I,MYS,Malaysia,A,Annual,FOR_NAT,PT_FAR,Percentage of forested area,_T,Total - all activities,2010,93.09,A,Normal value,0,Units,_Z,2015.0,5.0,2.0
DATAFLOW,OECD.ENV.EPI:DSD_GG@DF_GREEN_GROWTH(1.1),Green Growth,I,MYS,Malaysia,A,Annual,FOR_IF_EXTENT,KM2,Square kilometres,_T,Total - all activities,2013,15580.77,A,Normal value,0,Units,_Z,2015.0,5.0,2.0
DATAFLOW,OECD.ENV.EPI:DSD_GG@DF_GREEN_GROWTH(1.1),Green Growth,I,MYS,Malaysia,A,Annual,NRGC,PT_CONS_NRG,Percentage of energy consumption,_O,Other,2008,13.68,A,Normal value,0,Units,_Z,2015.0,1.0,2.0
DATAFLOW,OECD.ENV.EPI:DSD_GG@DF_GREEN_GROWTH(1.1),Green Growth,I,MYS,Malaysia,A,Annual,PB_SC,PT_B1GQ,Percentage of GDP,_T,Total - all activities,2008,0.36,A,Normal value,0,Units,_Z,2015.0,3.0,2.0
DATAFLOW,OECD.ENV.EPI:DSD_GG@DF_GREEN_GROWTH(1.1),Green Growth,I,MYS,Malaysia,A,Annual,NRGS,TOE,Tonnes of oil equivalent,_T,Total - all activities,2008,73.86,A,Normal value,6,Millions,_Z,2015.0,1.0,2.0
DATAFLOW,OECD.ENV.EPI:DSD_GG@DF_GREEN_GROWTH(1.1),Green Growth,I,MYS,Malaysia,A,Annual,CO2_DBEMCAP,T_CO2E_PS,Tonnes of CO2-equivalent per person,_T,Total - all activities,2008,4.08,A,Normal value,0,Units,_Z,2015.0,2.0,2.0
DATAFLOW,OECD.ENV.EPI:DSD_GG@DF_GREEN_GROWTH(1.1),Green Growth,I,MYS,Malaysia,A,Annual,MAT,_X,Unspecified,_T,Total - all activities,2010,9.675,A,Normal value,0,Units,,2015.0,2.0,2.0
DATAFLOW,OECD.ENV.EPI:DSD_GG@DF_GREEN_GROWTH(1.1),Green Growth,I,MYS,Malaysia,A,Annual,WATER,_X,Unspecified,_T,Total - all activities,2010,9.675,A,Normal value,0,Units,,2015.0,2.0,2.0
DATAFLOW,OECD.ENV.EPI:DSD_GG@DF_GREEN_GROWTH(1.1),Green Growth,I,MYS,Malaysia,A,Annual,POPDEN,HB_KM2,Inhabitants per square kilometre,_T,Total - all activities,2006,80.14,E,Estimated value,0,Units,_Z,2015.0,1.0,2.0
DATAFLOW,OECD.ENV.EPI:DSD_GG@DF_GREEN_GROWTH(1.1),Green Growth,I,MYS,Malaysia,A,Annual,NRGC,PT_CONS_NRG,Percentage of energy consumption,A,"Agriculture, forestry and fishing",2008,0.65,A,Normal value,0,Units,_Z,2015.0,1.0,2.0
DATAFLOW,OECD.ENV.EPI:DSD_GG@DF_GREEN_GROWTH(1.1),Green Growth,I,MYS,Malaysia,A,Annual,PM_PWM,M3,Cubic metres,_T,Total - all activities,2012,18.21,A,Normal value,0,Units,_Z,2015.0,3.0,2.0
DATAFLOW,OECD.ENV.EPI:DSD_GG@DF_GREEN_GROWTH(1.1),Green Growth,I,MYS,Malaysia,A,Annual,CO2_AIRTRACAP,T_CO2E_PS,Tonnes of CO2-equivalent per person,_T,Total - all activities,2021,49.43,A,Normal value,0,Units,_Z,2015.0,0.0,2.0
DATAFLOW,OECD.ENV.EPI:DSD_GG@DF_GREEN_GROWTH(1.1),Green Growth,I,MYS,Malaysia,A,Annual,POP_NETMIGR,PS,Persons,_T,Total - all activities,2008,217.54,A,Normal value,0,Units,_Z,2015.0,1.0,2.0
DATAFLOW,OECD.ENV.EPI:DSD_GG@DF_GREEN_GROWTH(1.1),Green Growth,I,MYS,Malaysia,A,Annual,GPAT_DE,PT_INV_D,Percentage of domestic inventions,_T,Total - all activities,2006,10.63,A,Normal value,0,Units,_Z,2015.0,3.0,2.0
DATAFLOW,OECD.ENV.EPI:DSD_GG@DF_GREEN_GROWTH(1.1),Green Growth,I,MYS,Malaysia,A,Annual,CO2_PBEM,T,Tonnes,_T,Total - all activities,2008,191.52,A,Normal value,6,Millions,_Z,2015.0,2.0,2.0
DATAFLOW,OECD.ENV.EPI:DSD_GG@DF_GREEN_GROWTH(1.1),Green Growth,I,MYS,Malaysia,A,Annual,GDP_R,USD_PPP,"US dollars, PPP converted",_T,Total - all activities,2008,547849.8,E,Estimated value,0,Units,Q,2015.0,1.0,2.0
DATAFLOW,OECD.ENV.EPI:DSD_GG@DF_GREEN_GROWTH(1.1),Green Growth,I,MYS,Malaysia,A,Annual,DMC_BIO,PT_CONS_MAT_D,Percentage of domestic material consumption,_T,Total - all activities,2008,53.56,E,Estimated value,0,Units,_Z,2015.0,2.0,2.0
DATAFLOW,OECD.ENV.EPI:DSD_GG@DF_GREEN_GROWTH(1.1),Green Growth,I,MYS,Malaysia,A,Annual,EGS,_X,Unspecified,_T,Total - all activities,2001,9.675,A,Normal value,0,Units,,2015.0,2.0,2.0
DATAFLOW,OECD.ENV.EPI:DSD_GG@DF_GREEN_GROWTH(1.1),Green Growth,I,MYS,Malaysia,A,Annual,FIT_SOLAR,USD_KWH,US dollars per kilowatt hour,_T,Total - all activities,2009,0.0,A,Normal value,0,Units,_Z,2015.0,3.0,2.0
DATAFLOW,OECD.ENV.EPI:DSD_GG@DF_GREEN_GROWTH(1.1),Green Growth,I,MYS,Malaysia,A,Annual,GDP_PC,PT_B1G,Percentage of gross value added,A,"Agriculture, forestry and fishing",2008,11.01,A,Normal value,0,Units,_Z,2015.0,1.0,2.0
DATAFLOW,OECD.ENV.EPI:DSD_GG@DF_GREEN_GROWTH(1.1),Green Growth,I,MYS,Malaysia,A,Annual,ENVRESPROD,_X,Unspecified,_T,Total - all activities,2010,9.675,A,Normal value,0,Units,,2015.0,2.0,2.0
DATAFLOW,OECD.ENV.EPI:DSD_GG@DF_GREEN_GROWTH(1.1),Green Growth,I,MYS,Malaysia,A,Annual,SOCECO,_X,Unspecified,_T,Total - all activities,2010,9.675,A,Normal value,0,Units,,2015.0,2.0,2.0
DATAFLOW,OECD.ENV.EPI:DSD_GG@DF_GREEN_GROWTH(1.1),Green Growth,I,MYS,Malaysia,A,Annual,HCLI,_X,Unspecified,_T,Total - all activities,2010,9.675,A,Normal value,0,Units,,2015.0,2.0,2.0
DATAFLOW,OECD.ENV.EPI:DSD_GG@DF_GREEN_GROWTH(1.1),Green Growth,I,MYS,Malaysia,A,Annual,IFF_ODA,_X,Unspecified,_T,Total - all activities,2010,9.675,A,Normal value,0,Units,,2015.0,2.0,2.0
DATAFLOW,OECD.ENV.EPI:DSD_GG@DF_GREEN_GROWTH(1.1),Green Growth,I,MYS,Malaysia,A,Annual,TECHPAT_RD,_X,Unspecified,_T,Total - all activities,2008,9.675,A,Normal value,0,Units,,2015.0,2.0,2.0
DATAFLOW,OECD.ENV.EPI:DSD_GG@DF_GREEN_GROWTH(1.1),Green Growth,I,MYS,Malaysia,A,Annual,DMC_MET,PT_CONS_MAT_D,Percentage of domestic material consumption,_T,Total - all activities,2008,2.83,E,Estimated value,0,Units,_Z,2015.0,2.0,2.0
DATAFLOW,OECD.ENV.EPI:DSD_GG@DF_GREEN_GROWTH(1.1),Green Growth,I,MYS,Malaysia,A,Annual,GPAT_DE_RTA,IX,Index,_T,Total - all activities,2008,0.73,A,Normal value,0,Units,_Z,2015.0,3.0,2.0
DATAFLOW,OECD.ENV.EPI:DSD_GG@DF_GREEN_GROWTH(1.1),Green Growth,I,MYS,Malaysia,A,Annual,ASEW,_X,Unspecified,_T,Total - all activities,2010,9.675,A,Normal value,0,Units,,2015.0,2.0,2.0
DATAFLOW,OECD.ENV.EPI:DSD_GG@DF_GREEN_GROWTH(1.1),Green Growth,I,MYS,Malaysia,A,Annual,PB_MOR,DT_10P6HB,Deaths per 1 000 000 inhabitants,_T,Total - all activities,2008,34.28,A,Normal value,0,Units,_Z,2015.0,3.0,2.0
DATAFLOW,OECD.ENV.EPI:DSD_GG@DF_GREEN_GROWTH(1.1),Green Growth,I,MYS,Malaysia,A,Annual,CO2_DBEM,IX,Index,_T,Total - all activities,2008,170.77,A,Normal value,0,Units,_Z,2000.0,2.0,2.0
DATAFLOW,OECD.ENV.EPI:DSD_GG@DF_GREEN_GROWTH(1.1),Green Growth,I,MYS,Malaysia,A,Annual,SW_PERMWAT,PT_AR,Percentage of area,_T,Total - all activities,2015,0.71,A,Normal value,0,Units,_Z,2015.0,5.0,2.0
DATAFLOW,OECD.ENV.EPI:DSD_GG@DF_GREEN_GROWTH(1.1),Green Growth,I,MYS,Malaysia,A,Annual,GHG_PBPROD,USD_KG_CO2E,US dollars per kilogramme of CO2-equivalent,_T,Total - all activities,2008,1.96,A,Normal value,0,Units,Q,2015.0,3.0,2.0
DATAFLOW,OECD.ENV.EPI:DSD_GG@DF_GREEN_GROWTH(1.1),Green Growth,I,MYS,Malaysia,A,Annual,NRGC,PT_CONS_NRG,Percentage of energy consumption,H,Transportation and storage,2008,33.42,A,Normal value,0,Units,_Z,2015.0,1.0,2.0
DATAFLOW,OECD.ENV.EPI:DSD_GG@DF_GREEN_GROWTH(1.1),Green Growth,I,MYS,Malaysia,A,Annual,POP_Y_GT65,PT_POP,Percentage of population,_T,Total - all activities,2008,4.65,A,Normal value,0,Units,_Z,2015.0,1.0,2.0
DATAFLOW,OECD.ENV.EPI:DSD_GG@DF_GREEN_GROWTH(1.1),Green Growth,I,MYS,Malaysia,A,Annual,SOCECO,_X,Unspecified,HTN,Services,2010,9.675,A,Normal value,0,Units,,2015.0,2.0,2.0
DATAFLOW,OECD.ENV.EPI:DSD_GG@DF_GREEN_GROWTH(1.1),Green Growth,I,MYS,Malaysia,A,Annual,NRG,_X,Unspecified,_T,Total - all activities,2010,9.675,A,Normal value,0,Units,,2015.0,2.0,2.0
DATAFLOW,OECD.ENV.EPI:DSD_GG@DF_GREEN_GROWTH(1.1),Green Growth,I,MYS,Malaysia,A,Annual,GDP_PC,PT_B1G,Percentage of gross value added,HTN,Services,2008,44.46,A,Normal value,0,Units,_Z,2015.0,1.0,2.0
DATAFLOW,OECD.ENV.EPI:DSD_GG@DF_GREEN_GROWTH(1.1),Green Growth,I,MYS,Malaysia,A,Annual,NRG,_X,Unspecified,BTE,Industry (except construction),2010,9.675,A,Normal value,0,Units,,2015.0,2.0,2.0
DATAFLOW,OECD.ENV.EPI:DSD_GG@DF_GREEN_GROWTH(1.1),Green Growth,I,MYS,Malaysia,A,Annual,EAMFP,_X,Unspecified,_T,Total - all activities,2010,9.675,A,Normal value,0,Units,,2015.0,2.0,2.0
DATAFLOW,OECD.ENV.EPI:DSD_GG@DF_GREEN_GROWTH(1.1),Green Growth,I,MYS,Malaysia,A,Annual,DRIN_SPOP,PT_POP,Percentage of population,_T,Total - all activities,2008,93.0,A,Normal value,0,Units,_Z,2015.0,2.0,2.0
DATAFLOW,OECD.ENV.EPI:DSD_GG@DF_GREEN_GROWTH(1.1),Green Growth,I,MYS,Malaysia,A,Annual,RE_TPES_EBIOM,PT_SUP_NRG,Percentage of energy supply,_T,Total - all activities,2008,0.93,A,Normal value,0,Units,_Z,2015.0,1.0,2.0
DATAFLOW,OECD.ENV.EPI:DSD_GG@DF_GREEN_GROWTH(1.1),Green Growth,I,MYS,Malaysia,A,Annual,NRG_PROD,USD_TOE,US dollars per tonne of oil equivalent,_T,Total - all activities,2008,7417.82,A,Normal value,0,Units,Q,2015.0,1.0,2.0
DATAFLOW,OECD.ENV.EPI:DSD_GG@DF_GREEN_GROWTH(1.1),Green Growth,I,MYS,Malaysia,A,Annual,ENVRESPROD,_X,Unspecified,A,"Agriculture, forestry and fishing",2010,9.675,A,Normal value,0,Units,,2015.0,2.0,2.0
DATAFLOW,OECD.ENV.EPI:DSD_GG@DF_GREEN_GROWTH(1.1),Green Growth,I,MYS,Malaysia,A,Annual,ENVTAX_VEH,PT_TAX_REV_ENV,Percentage of environment related tax revenue,_T,Total - all activities,2004,99.91,A,Normal value,0,Units,_Z,2015.0,2.0,2.0
